nct_id,title,status,risk_label,risk_group,phase,study_type,sponsor_class,sex,enrollment_type,enrollment_count,log_enrollment_count,num_conditions,num_interventions,num_locations,num_countries,eligibility_text_length,brief_summary_length,start_year,has_placebo,adult_only,phase_missing,maximum_age_missing,locations_missing,interventions_missing
NCT05569343,Risk Factors for Achieving TO After LDPPHR-t,COMPLETED,0,low risk,MISSING,OBSERVATIONAL,OTHER,ALL,ACTUAL,31.0,3.4657359027997265,1,1,1,1,241,187,2020.0,0,1,1,0,0,0
NCT02757443,Myocardial Protection With Phosphocreatine in High-RIsk Cardiac SurgEry Patients,COMPLETED,0,low risk,PHASE3,INTERVENTIONAL,NETWORK,ALL,ACTUAL,120.0,4.795790545596741,2,8,1,1,938,1041,2016.0,1,1,0,0,0,0
NCT05653115,Portal Hypetension and Bariatric Surgery (BARIAPORTAL),COMPLETED,0,low risk,MISSING,OBSERVATIONAL,OTHER,ALL,ACTUAL,63.0,4.1588830833596715,3,1,1,1,621,2072,2022.0,0,1,1,0,0,0
NCT02699515,MSB0011359C (M7824) in Participants With Metastatic or Locally Advanced Solid Tumors,COMPLETED,0,low risk,PHASE1,INTERVENTIONAL,INDUSTRY,ALL,ACTUAL,114.0,4.74493212836325,1,1,18,3,2763,296,2016.0,0,1,0,0,0,0
NCT06218615,Expanding Clinical Trial Awareness Among Black Communities Through Digital Engagement,COMPLETED,0,low risk,MISSING,INTERVENTIONAL,OTHER,ALL,ACTUAL,109.0,4.700480365792417,1,2,1,1,354,931,2024.0,0,1,1,0,0,0
NCT01486615,Premedication With Melatonin and Alprazolam Combination Versus Alprazolam or Melatonin Alone,COMPLETED,0,low risk,PHASE4,INTERVENTIONAL,OTHER,ALL,ACTUAL,80.0,4.394449154672439,1,4,2,1,370,650,2011.0,1,1,0,0,0,0
NCT01577615,Patterned Experience for Preterm Infants,COMPLETED,0,low risk,MISSING,INTERVENTIONAL,OTHER,ALL,ACTUAL,121.0,4.804021044733257,1,1,2,1,209,406,2012.0,0,0,1,0,0,0
NCT04362878,Psychological Assessment of Patients With Chest Wall Deformities,COMPLETED,0,low risk,MISSING,OBSERVATIONAL,OTHER,ALL,ACTUAL,209.0,5.3471075307174685,2,0,1,1,509,138,2019.0,0,0,1,0,0,0
NCT03735043,Cardiac Output Monitoring by ccNexfin© in Pregnant Women,COMPLETED,0,low risk,MISSING,INTERVENTIONAL,OTHER,FEMALE,ACTUAL,100.0,4.61512051684126,1,1,1,1,410,612,2019.0,0,1,1,0,0,0
NCT00260715,A Community-Based Intervention With Popular Opinion Leaders (C-POL) in Texas,COMPLETED,0,low risk,MISSING,INTERVENTIONAL,FED,ALL,MISSING,1200.0,7.0909098220799835,2,2,1,1,216,490,2002.0,0,1,1,0,0,0
NCT02274935,Cognitive Motor Interference Rehabilitation in Persons With Multiple Sclerosis,COMPLETED,0,low risk,MISSING,INTERVENTIONAL,OTHER,ALL,ACTUAL,20.0,3.044522437723423,1,1,1,1,606,123,2014.0,0,1,1,0,0,0
NCT06217978,The Image Characteristics of Epiploic Appendagitis on Ultrasound and Computed Tomography,COMPLETED,0,low risk,MISSING,OBSERVATIONAL,OTHER,ALL,ACTUAL,100.0,4.61512051684126,1,0,1,1,221,1428,2021.0,0,1,1,0,0,0
NCT01674985,Microtransplantation With Decitabine and Cytarabine Improves Patient Outcomes in Myelodysplastic Syndromes,COMPLETED,0,low risk,PHASE1; PHASE2,INTERVENTIONAL,OTHER,ALL,ACTUAL,43.0,3.784189633918261,1,1,1,1,478,246,2009.0,0,0,0,0,0,0
NCT01772485,Online Neuroplasticity Training for Remediation of ADHD in Adolescent Children (ONTRAC),COMPLETED,0,low risk,MISSING,INTERVENTIONAL,INDUSTRY,ALL,ACTUAL,31.0,3.4657359027997265,1,2,1,1,597,352,2013.0,0,0,1,0,0,0
NCT02101385,Randomized Controlled Trial of Genomically Directed Therapy in Patients With Triple Negative Breast Cancer,COMPLETED,0,low risk,PHASE2,INTERVENTIONAL,OTHER,ALL,ACTUAL,193.0,5.267858159063328,2,2,29,1,7849,171,2014.0,0,1,0,0,0,0
NCT02537743,Prospective Patient Reported Outcomes (PRO) Registry in Patients With Advanced Renal Cell Carcinoma,COMPLETED,0,low risk,MISSING,OBSERVATIONAL,INDUSTRY,ALL,ACTUAL,98.0,4.59511985013459,1,0,1,1,209,122,2015.0,0,1,1,0,0,0
NCT06024343,"Minimally Invasive Pancreatic Enucleation With Main Pancreatic Duct Exposure, Repair or Reconstruction",COMPLETED,0,low risk,MISSING,INTERVENTIONAL,OTHER,ALL,ACTUAL,230.0,5.442417710521793,3,1,1,1,663,226,2019.0,0,1,1,0,0,0
NCT00467935,Scotoma Reduction in AMD Patients Treated With Ranibizumab,COMPLETED,0,low risk,PHASE1; PHASE2,INTERVENTIONAL,OTHER,ALL,ESTIMATED,20.0,3.044522437723423,1,1,1,1,121,143,2007.0,0,1,0,0,0,0
NCT06334978,The Effectiveness of Osteopathic Treatment in Cervical Whiplash.,COMPLETED,0,low risk,MISSING,INTERVENTIONAL,OTHER,ALL,ACTUAL,52.0,3.970291913552122,4,1,1,1,1184,883,2021.0,0,1,1,0,0,0
NCT00851578,ASA Plavix Feasibility Study With WATCHMAN Left Atrial Appendage Closure Technology,COMPLETED,0,low risk,MISSING,INTERVENTIONAL,INDUSTRY,ALL,ESTIMATED,150.0,5.017279836814924,1,1,4,2,368,183,2009.0,0,1,1,0,0,0
NCT04607278,The Effect of Probiotic and Prebiotic Use on Fibromyalgia Syndrome,COMPLETED,0,low risk,MISSING,INTERVENTIONAL,OTHER,FEMALE,ACTUAL,53.0,3.9889840465642745,1,3,1,1,602,140,2019.0,1,1,1,0,0,0
NCT05077878,Analysis of Dentine Sialophosphoprotein (DSPP) for Root Resorption,COMPLETED,0,low risk,MISSING,OBSERVATIONAL,OTHER,ALL,ACTUAL,30.0,3.4339872044851463,1,1,1,1,184,346,2018.0,0,0,1,0,0,0
NCT02125578,A Multiple Dose Safety Study of PEG-IFN in Healthy Volunteers,COMPLETED,0,low risk,PHASE1,INTERVENTIONAL,INDUSTRY,ALL,ACTUAL,69.0,4.248495242049359,1,2,1,1,2085,262,2008.0,1,1,0,0,0,0
NCT03627078,Motor Interference Therapy For Traumatic Memories,COMPLETED,0,low risk,MISSING,INTERVENTIONAL,OTHER,ALL,ACTUAL,28.0,3.367295829986474,2,2,1,1,556,292,2016.0,0,0,1,0,0,0
NCT03162978,Sprint to Fitness: Effect of Outcome Expectations on Responses to Interval Exercise Training,COMPLETED,0,low risk,MISSING,INTERVENTIONAL,FED,ALL,ACTUAL,66.0,4.204692619390966,2,2,1,1,709,150,2017.0,0,1,1,0,0,0
NCT00004885,Fluorouracil and Leucovorin With or Without Irinotecan in Treating Patients With Metastatic Colorectal Cancer,COMPLETED,0,low risk,PHASE3,INTERVENTIONAL,NETWORK,ALL,ACTUAL,430.0,6.066108090103747,1,4,57,9,1569,455,1999.0,0,1,0,0,0,0
NCT04004585,A Sedentary Behaviour Reduction Intervention for People With COPD,COMPLETED,0,low risk,MISSING,INTERVENTIONAL,OTHER,ALL,ACTUAL,21.0,3.091042453358316,1,1,1,1,324,667,2019.0,0,1,1,0,0,0
NCT02439385,Avastin/FOLFIRI in Combination With Curcumin in Colorectal Cancer Patients With Unresectable Metastasis,COMPLETED,0,low risk,PHASE2,INTERVENTIONAL,OTHER,ALL,ACTUAL,44.0,3.8066624897703196,1,2,0,0,1532,217,2015.0,0,1,0,0,0,0
NCT03939143,A Study to Investigate the Bioequivalence Test of DA-1229_01(A) at Fasting State,COMPLETED,0,low risk,PHASE1,INTERVENTIONAL,INDUSTRY,ALL,ACTUAL,34.0,3.5553480614894135,1,2,1,1,676,155,2019.0,0,1,0,0,0,0
NCT01586143,Clinical Study Comparing the Efficacy of Transbuccal Paracetamol 125 mg Versus Paracetamol Injection 1g in Slow Infusion IV in Patients With Acute Pain,COMPLETED,0,low risk,PHASE3,INTERVENTIONAL,OTHER,ALL,ACTUAL,43.0,3.784189633918261,1,2,1,1,1576,434,2012.0,1,1,0,0,0,0
NCT00150943,Stenting in Renal Dysfunction Caused by Atherosclerotic Renal Artery Stenosis,COMPLETED,0,low risk,PHASE3,INTERVENTIONAL,OTHER,ALL,MISSING,140.0,4.948759890378168,2,1,1,1,945,1463,2000.0,0,1,0,0,0,0
NCT01597115,ENhancing Maturation of Autogenous Arteriovenous Hemodialysis Access by Aggressive surveillaNCe With Duplex and Endovascular Treatment,COMPLETED,0,low risk,MISSING,INTERVENTIONAL,OTHER,ALL,ACTUAL,150.0,5.017279836814924,1,1,1,1,416,573,2012.0,0,1,1,0,0,0
NCT03852615,Ovarian Reserve After Ovarian Torsion,COMPLETED,0,low risk,MISSING,INTERVENTIONAL,OTHER_GOV,FEMALE,ACTUAL,81.0,4.406719247264253,1,2,1,1,236,603,2019.0,0,1,1,0,0,0
NCT05090215,Supervised Exercise for Post-surgery Colorectal Cancer Patients,COMPLETED,0,low risk,MISSING,INTERVENTIONAL,OTHER,ALL,ACTUAL,21.0,3.091042453358316,2,5,1,1,1282,2387,2022.0,0,1,1,0,0,0
NCT03726515,CART-EGFRvIII + Pembrolizumab in GBM,COMPLETED,0,low risk,PHASE1,INTERVENTIONAL,OTHER,ALL,ACTUAL,7.0,2.0794415416798357,1,2,1,1,4347,222,2019.0,0,1,0,0,0,0
NCT01201915,A Study Evaluating the Efficacy and Safety of Vismodegib (GDC-0449) in Operable Basal Cell Carcinoma,COMPLETED,0,low risk,PHASE2,INTERVENTIONAL,INDUSTRY,ALL,ACTUAL,74.0,4.31748811353631,1,1,12,1,2451,139,2010.0,0,1,0,0,0,0
NCT03623243,"Safety and Tolerability of Conversion From Oral, Injectable, or Infusion Disease Modifying Therapies to Dose-titrated Oral Siponimod (Mayzent) in Advancing RMS Patients",COMPLETED,0,low risk,PHASE3,INTERVENTIONAL,INDUSTRY,ALL,ACTUAL,185.0,5.225746673713202,3,1,55,2,817,154,2019.0,0,1,0,0,0,0
NCT07254143,Clinical And Radiographic Efficacy Of MTA Flow In Apicoectomy,COMPLETED,0,low risk,MISSING,OBSERVATIONAL,OTHER,ALL,ACTUAL,16.0,2.833213344056216,1,1,1,1,406,510,2021.0,0,1,1,0,0,0
NCT01617343,The HEP-OKS Study - Hemifield Eye Patching and Optokinetic Stimulation to Treat Hemispatial Neglect in Stroke Patients,COMPLETED,0,low risk,PHASE3,INTERVENTIONAL,OTHER,ALL,ACTUAL,23.0,3.1780538303479458,2,1,1,1,378,959,2012.0,0,1,0,0,0,0
NCT00501215,Effect of Parathyroidectomy on Sleep,COMPLETED,0,low risk,MISSING,INTERVENTIONAL,OTHER,ALL,ACTUAL,15.0,2.772588722239781,1,4,1,1,1138,1947,2007.0,0,1,1,0,0,0
NCT05121415,Investigation of Genetic Disease Marker Associated With Spontaneous Haemorrhagic Stroke Complicating Severe Pre-eclampsia in Pregnancy,COMPLETED,0,low risk,MISSING,OBSERVATIONAL,OTHER,FEMALE,ACTUAL,100.0,4.61512051684126,2,1,1,1,198,247,2021.0,0,1,1,0,0,0
NCT06024915,A Study to Evaluate Drug-Drug Interaction of TQ05105 Tablets,COMPLETED,0,low risk,PHASE1,INTERVENTIONAL,INDUSTRY,ALL,ACTUAL,40.0,3.713572066704308,1,3,1,1,3058,289,2023.0,0,1,0,0,0,0
NCT06478615,Coring Out Fistulectomy With Closure of Internal Sphincter Opening Versus Lay Open Fistulotomy and Primary Sphincter Repair in Transsphincteric Perianal Fistula,COMPLETED,0,low risk,MISSING,INTERVENTIONAL,OTHER,ALL,ACTUAL,60.0,4.110873864173311,6,2,1,1,479,259,2022.0,0,1,1,0,0,0
NCT02469285,The Effect of Pork With Modified Fat Composition and Berries on Plasma Fatty Acids and Fecal Compounds in Healthy Adults,COMPLETED,0,low risk,MISSING,INTERVENTIONAL,OTHER,ALL,ACTUAL,65.0,4.189654742026425,1,3,1,1,226,1098,2014.0,0,1,1,0,0,0
NCT01201343,Evaluation of Emotional Disorders During Treatment by Interferon Beta in Relapsing-remitting Multiple Sclerosis Patients,COMPLETED,0,low risk,PHASE4,INTERVENTIONAL,INDUSTRY,ALL,ACTUAL,79.0,4.382026634673881,1,1,0,0,838,283,2005.0,0,1,0,0,0,0
NCT00862043,Sildenafil for Secondary Pulmonary Hypertension Due to Valvular Disease,COMPLETED,0,low risk,PHASE4,INTERVENTIONAL,OTHER,ALL,ACTUAL,200.0,5.303304908059076,2,2,18,1,1564,213,2009.0,1,1,0,0,0,0
NCT04698343,Noninvasive Peripheral Nerve Stimulation for Restless Legs Syndrome During Opioid Medication Reduction,COMPLETED,0,low risk,MISSING,INTERVENTIONAL,INDUSTRY,ALL,ACTUAL,21.0,3.091042453358316,1,1,2,1,3978,256,2021.0,0,1,1,0,0,0
NCT04095143,Ultrasound Markers of Organ Congestion in Severe Acute Kidney Injury,COMPLETED,0,low risk,MISSING,OBSERVATIONAL,OTHER,ALL,ACTUAL,125.0,4.836281906951478,3,7,6,2,1587,533,2018.0,0,1,1,0,0,0
NCT01541943,Efficacy and Safety of HL-040XC in Essential Hypertension and Hyperlipidemia,COMPLETED,0,low risk,PHASE3,INTERVENTIONAL,INDUSTRY,ALL,ACTUAL,356.0,5.877735781779639,2,4,1,1,372,131,2012.0,1,1,0,0,0,0
NCT07498543,Impact of Clinical and Psychological Factors on Satisfaction With Treatment in Psoriatic Patients on Biological Therapy,COMPLETED,0,low risk,MISSING,OBSERVATIONAL,OTHER,ALL,ACTUAL,52.0,3.970291913552122,1,1,1,1,544,1007,2023.0,0,1,1,0,0,0
NCT00998543,A Long-Term Study of Healthy Adults Vaccinated With One Dose of Smallpox Vaccine (LISTER Strain),COMPLETED,0,low risk,MISSING,OBSERVATIONAL,INDUSTRY,ALL,ACTUAL,147.0,4.997212273764115,1,0,5,1,377,399,2006.0,0,1,1,0,0,0
NCT04387643,Protecting Health Care Workers During the COVID-19 Outbreak,COMPLETED,0,low risk,MISSING,OBSERVATIONAL,OTHER,ALL,ACTUAL,52.0,3.970291913552122,1,1,1,1,233,473,2020.0,0,1,1,0,0,0
NCT06066515,A Study to Test Whether Survodutide (BI 456906) Helps People Living With Overweight or Obesity Who do Not Have Diabetes to Lose Weight,COMPLETED,0,low risk,PHASE3,INTERVENTIONAL,INDUSTRY,ALL,ACTUAL,726.0,6.588926477533519,1,2,118,14,2313,1435,2023.0,1,1,0,0,0,0
NCT04143815,Clinical Trial to Evaluate the Efficacy and Safety of MBA-P01 in Treatment of Glabellar Lines,COMPLETED,0,low risk,PHASE2,INTERVENTIONAL,INDUSTRY,ALL,ACTUAL,200.0,5.303304908059076,1,2,1,1,302,258,2019.0,1,1,0,0,0,0
NCT00979615,Safety and Efficacy of Olopatadine 0.6% and Azelastine 137 Mcg in Vasomotor Rhinitis,COMPLETED,0,low risk,PHASE4,INTERVENTIONAL,INDUSTRY,ALL,ACTUAL,129.0,4.867534450455582,1,2,1,1,539,150,2009.0,0,0,0,0,0,0
NCT04908215,INM-755 (Cannabinol) Cream for Treatment of Epidermolysis Bullosa,COMPLETED,0,low risk,PHASE2,INTERVENTIONAL,INDUSTRY,ALL,ACTUAL,19.0,2.995732273553991,4,2,7,5,2569,231,2021.0,0,0,0,0,0,0
NCT01711515,Chemoradiation Therapy and Ipilimumab in Treating Patients With Stages IB2-IIB or IIIB-IVA Cervical Cancer,COMPLETED,0,low risk,PHASE1,INTERVENTIONAL,NIH,FEMALE,ACTUAL,34.0,3.5553480614894135,9,5,16,1,4313,675,2012.0,0,1,0,0,0,0
NCT00312715,Thyroid and Fat Tissue Metabolism,COMPLETED,0,low risk,MISSING,OBSERVATIONAL,NIH,ALL,ACTUAL,41.0,3.7376696182833684,1,0,1,1,1459,1995,2006.0,0,1,1,0,0,0
NCT01534715,IMGN529 in Treating Patients With Relapsed or Refractory Non-Hodgkin's Lymphoma and Chronic Lymphocytic Leukemia,COMPLETED,0,low risk,PHASE1,INTERVENTIONAL,INDUSTRY,ALL,ACTUAL,49.0,3.912023005428146,2,1,7,2,540,184,2012.0,0,1,0,0,0,0
NCT02466035,Epigenetic Effects Involved in Children With Cow's Milk Allergy (EPICMA),COMPLETED,0,low risk,MISSING,INTERVENTIONAL,OTHER,ALL,ACTUAL,20.0,3.044522437723423,1,1,1,1,722,2683,2014.0,0,0,1,0,0,0
NCT02765035,C-Leg 3 and C-Leg 4 Study in Transfemoral Amputees,COMPLETED,0,low risk,MISSING,INTERVENTIONAL,INDUSTRY,ALL,ACTUAL,18.0,2.9444389791664403,1,2,2,2,2093,349,2016.0,0,1,1,0,0,0
NCT05622435,Clinical Investigation to Evaluate the Tolerance of T10070 on Healthy Volunteers,COMPLETED,0,low risk,MISSING,INTERVENTIONAL,INDUSTRY,ALL,ACTUAL,39.0,3.6888794541139363,1,1,1,1,634,595,2022.0,0,1,1,0,0,0
NCT05024435,Evaluation of Semi-rigid and Flexible Catheters for Less Invasive Surfactant Administration in Preterm Infants,COMPLETED,0,low risk,MISSING,INTERVENTIONAL,OTHER,ALL,ACTUAL,31.0,3.4657359027997265,2,1,1,1,1081,129,2019.0,0,0,1,0,0,0
NCT00641108,Effects of Cognitive Behavioral Therapy on Brain Serotonin Activity in People With Depression,COMPLETED,0,low risk,PHASE2; PHASE3,INTERVENTIONAL,OTHER,ALL,ACTUAL,30.0,3.4339872044851463,1,2,1,1,1785,145,2008.0,0,1,0,0,0,0
NCT06132308,Evaluation of PENG Block in Terms of Block Time and Postoperative Pain,COMPLETED,0,low risk,MISSING,INTERVENTIONAL,OTHER_GOV,ALL,ACTUAL,60.0,4.110873864173311,1,1,2,1,306,646,2023.0,0,1,1,0,0,0
NCT05348408,Efficacy of Peri-neural Platelet Rich Plasma Injection in Treatment of Chemotherapy Induced Peripheral Neuropathy,COMPLETED,0,low risk,PHASE2,INTERVENTIONAL,OTHER,ALL,ACTUAL,62.0,4.143134726391533,1,1,1,1,738,165,2022.0,0,1,0,0,0,0
NCT01077908,Cytomegalovirus - Immunoprophylactic Adoptive Cellular Therapy Study,COMPLETED,0,low risk,PHASE3,INTERVENTIONAL,INDUSTRY,ALL,ACTUAL,89.0,4.499809670330265,1,2,14,1,1060,269,2008.0,0,1,0,0,0,0
NCT00144508,Phase III Comparative Study(Open-Label) of MRA for Rheumatoid Arthritis(RA),COMPLETED,0,low risk,PHASE3,INTERVENTIONAL,INDUSTRY,ALL,ACTUAL,306.0,5.726847747587197,1,2,0,0,1297,132,2003.0,0,1,0,0,0,0
NCT05430308,Surgical Site Preparation in Subjects Undergoing Medical Thoracoscopy,COMPLETED,0,low risk,MISSING,INTERVENTIONAL,OTHER,ALL,ACTUAL,100.0,4.61512051684126,1,2,2,1,662,712,2022.0,0,1,1,0,0,0
NCT01713608,A Dose-escalation Study to Investigate Safety and Toleration of OZ439,COMPLETED,0,low risk,PHASE1,INTERVENTIONAL,OTHER,ALL,ACTUAL,34.0,3.5553480614894135,1,1,1,1,4552,402,2012.0,1,1,0,0,0,0
NCT04028908,Remodelling After Trampoline Fracture in Children,COMPLETED,0,low risk,MISSING,OBSERVATIONAL,OTHER,ALL,ACTUAL,86.0,4.465908118654584,2,1,2,1,140,478,2016.0,0,0,1,0,0,0
NCT05887908,Efficacy and Safety of Cefepime/Nacubactam or Aztreonam/Nacubactam Compared to Imipenem/Cilastatin in Subjects With Complicated Urinary Tract Infections or Acute Uncomplicated Pyelonephritis,COMPLETED,0,low risk,PHASE3,INTERVENTIONAL,INDUSTRY,ALL,ACTUAL,614.0,6.421622267806518,4,3,61,9,1403,236,2023.0,0,1,0,0,0,0
NCT05358925,Psychoeducational Videos and Digital Assessments for BPD,COMPLETED,0,low risk,MISSING,INTERVENTIONAL,OTHER,ALL,ACTUAL,83.0,4.430816798843313,1,3,1,1,636,944,2023.0,0,1,1,0,0,0
NCT04439825,Impact of Botox Treatment Into the Upper One Third of the Face an Area on Mood and Self -Appearance Satisfaction,COMPLETED,0,low risk,PHASE1,INTERVENTIONAL,OTHER,ALL,ACTUAL,45.0,3.828641396489095,1,2,1,1,1216,209,2020.0,1,0,0,0,0,0
NCT00550225,Succinate Salt Version of GSK961081 for Healthy Volunteers,COMPLETED,0,low risk,PHASE1,INTERVENTIONAL,INDUSTRY,MALE,ACTUAL,18.0,2.9444389791664403,1,2,1,1,1485,33,2007.0,1,1,0,0,0,0
NCT00877825,The Influence of Soy Isoflavnoids on the Hypocholesterolemic Effects of Soy,COMPLETED,0,low risk,PHASE2,INTERVENTIONAL,OTHER,ALL,MISSING,,,2,1,0,0,465,612,,0,1,0,0,0,0
NCT01760525,A Phase I Dose Escalation Study of CGM097 in Adult Patients With Selected Advanced Solid Tumors,COMPLETED,0,low risk,PHASE1,INTERVENTIONAL,INDUSTRY,ALL,ACTUAL,51.0,3.9512437185814275,1,1,5,5,892,598,2013.0,0,1,0,0,0,0
NCT00100776,Efficacy of High Dose Olanzapine for the Treatment of Schizophrenia and Schizoaffective Disorder,COMPLETED,0,low risk,PHASE4,INTERVENTIONAL,INDUSTRY,ALL,MISSING,600.0,6.398594934535208,2,1,33,1,793,246,2003.0,0,1,0,0,0,0
NCT01794676,Genetic Evaluation of Families With Endocrine Cancers,COMPLETED,0,low risk,MISSING,OBSERVATIONAL,OTHER,ALL,ACTUAL,9.0,2.302585092994046,4,1,1,1,279,381,2013.0,0,0,1,0,0,0
NCT04232176,"Precision of Optical Diagnosis in Polyps Between 5-15 mm and Its Implications on Surveillance. A Prospective, Multicenter Study.",COMPLETED,0,low risk,MISSING,OBSERVATIONAL,OTHER,ALL,ACTUAL,545.0,6.302618975744905,4,0,1,1,454,370,2019.0,0,1,1,0,0,0
NCT06076876,Prevalence and Risk Factors of Anxiety and Depression Among Policemen During the Health Crisis Linked to COVID-19,COMPLETED,0,low risk,MISSING,OBSERVATIONAL,OTHER,ALL,ACTUAL,600.0,6.398594934535208,4,0,1,1,377,1082,2023.0,0,1,1,0,0,0
NCT05038176,Improving the Diabetic Health of Black Men: MANUP Feasibility Trial,COMPLETED,0,low risk,MISSING,INTERVENTIONAL,OTHER,MALE,ACTUAL,50.0,3.9318256327243257,4,1,1,1,358,940,2022.0,0,1,1,0,0,0
NCT04238676,Persica 002 Phase 1b PP353 vs Placebo in the Treatment of Low Back Pain,COMPLETED,0,low risk,PHASE1; PHASE2,INTERVENTIONAL,INDUSTRY,ALL,ACTUAL,43.0,3.784189633918261,1,2,10,4,1655,144,2020.0,1,1,0,0,0,0
NCT03522376,Inspiratory Muscle Activation Patterns in Patients With Chronic Obstructive Pulmonary Disease,COMPLETED,0,low risk,MISSING,OBSERVATIONAL,OTHER,ALL,ACTUAL,30.0,3.4339872044851463,1,1,1,1,700,903,2018.0,0,1,1,0,0,0
NCT04290676,DEXYCU (Dexamethasone Intraocular Suspension) 9% Retrospective Study 001,COMPLETED,0,low risk,MISSING,OBSERVATIONAL,INDUSTRY,ALL,ACTUAL,527.0,6.269096283706261,1,1,22,1,251,103,2019.0,0,1,1,0,0,0
NCT01200576,A Prospective Observational Study of the Clinical Performance of Zarin in Madagascar,COMPLETED,0,low risk,MISSING,OBSERVATIONAL,OTHER,FEMALE,ACTUAL,621.0,6.432940092739179,1,0,1,1,266,487,2010.0,0,0,1,0,0,0
NCT07162376,How Clinical and Personal Information Shape Physicians' Risk Judgments,COMPLETED,0,low risk,MISSING,INTERVENTIONAL,OTHER,ALL,ACTUAL,300.0,5.707110264748875,1,1,1,1,406,1873,2025.0,0,1,1,0,0,0
NCT05221476,Red Blood Cell Distribution Width and Charlson Comorbidity Indeces in the Frail Polytraumatized Patient.,COMPLETED,0,low risk,MISSING,OBSERVATIONAL,OTHER,ALL,ACTUAL,400.0,5.993961427306569,3,1,0,0,244,347,2012.0,0,1,1,0,0,0
NCT03472976,H5N1 With or Without Topical Aldara in Healthy Adults,COMPLETED,0,low risk,PHASE1,INTERVENTIONAL,NIH,ALL,ACTUAL,50.0,3.9318256327243257,2,3,1,1,8346,1281,2018.0,1,1,0,0,0,0
NCT04078776,Systemic and White Adipose Tissue Inflammatory Profile in Lean Versus Obese Individuals,COMPLETED,0,low risk,MISSING,OBSERVATIONAL,OTHER,ALL,ACTUAL,12.0,2.5649493574615367,4,1,1,1,1295,748,2019.0,0,1,1,0,0,0
NCT02360917,Emerging From the Haze™- Measuring the Impact of a Psycho-education Program on Perceived Cognition After Breast Cancer Treatment,COMPLETED,0,low risk,MISSING,INTERVENTIONAL,OTHER,FEMALE,ACTUAL,31.0,3.4657359027997265,2,1,1,1,1581,648,2015.0,0,1,1,0,0,0
NCT04652817,Evaluation of the Efficacy and Safety of the Dermal Filler for Augmentation of Labia Majora.,COMPLETED,0,low risk,MISSING,INTERVENTIONAL,INDUSTRY,FEMALE,ACTUAL,35.0,3.58351893845611,1,1,1,1,2521,273,2019.0,0,1,1,0,0,0
NCT04460417,Chicago Community Health Study,COMPLETED,0,low risk,MISSING,INTERVENTIONAL,OTHER,ALL,ACTUAL,204.0,5.3230099791384085,1,2,1,1,547,573,2017.0,0,1,1,0,0,0
NCT01228617,Single-dose Pharmacokinetics of Oral Nicotine Replacement Products,COMPLETED,0,low risk,MISSING,INTERVENTIONAL,INDUSTRY,ALL,ACTUAL,40.0,3.713572066704308,1,2,1,1,620,107,2007.0,0,1,1,0,0,0
NCT01736917,Fosaprepitant + 5HT3 Receptor Antagonists + Dexamethasone in Germ Cell Tumors,COMPLETED,0,low risk,PHASE2,INTERVENTIONAL,OTHER,MALE,ACTUAL,65.0,4.189654742026425,1,3,4,1,2069,815,2013.0,0,0,0,0,0,0
NCT05975840,Safety and Immunogenicity of Different Formulations of Monovalent Influenza A/Astrakhan/3212/2020 Like (H5N8) Virus Vaccine With AS03 Adjuvant System in Medically Stable Adults,COMPLETED,0,low risk,PHASE1; PHASE2,INTERVENTIONAL,INDUSTRY,ALL,ACTUAL,518.0,6.251903883165888,1,4,20,1,4035,242,2023.0,0,1,0,0,0,0
NCT01228240,The Efficacy of Metformin Produced by Pars Mino Co in Comparison With Canadian Apotex Co.,COMPLETED,0,low risk,PHASE4,INTERVENTIONAL,OTHER,FEMALE,ACTUAL,18.0,2.9444389791664403,1,1,0,0,172,1009,2008.0,0,1,0,0,0,0
NCT04690140,Can Modified Coronally Advanced Tunnel be an Alternative in Gingival Phenotype Modification?,COMPLETED,0,low risk,MISSING,INTERVENTIONAL,OTHER,ALL,ACTUAL,50.0,3.9318256327243257,1,2,1,1,592,698,2019.0,0,1,1,0,0,0
NCT01731340,A Study on the Impact of Calcium on Woman's Vascular Health,COMPLETED,0,low risk,PHASE4,INTERVENTIONAL,OTHER,FEMALE,ACTUAL,123.0,4.820281565605037,2,3,1,1,1321,232,2012.0,0,1,0,0,0,0
NCT06387940,Acute Metabolic Effects of Carbohydrate Restriction at Varying Energy Levels,COMPLETED,0,low risk,MISSING,INTERVENTIONAL,OTHER,ALL,ACTUAL,12.0,2.5649493574615367,1,3,1,1,404,166,2019.0,0,1,1,0,0,0
NCT01876940,Comparison of Fiberoptic Intubation With Fiberoptic Intubation Through an Air-Q Intubating Laryngeal Airway in Infants and Small Children,COMPLETED,0,low risk,MISSING,INTERVENTIONAL,OTHER,ALL,ACTUAL,80.0,4.394449154672439,1,2,1,1,450,478,2013.0,0,0,1,0,0,0
NCT01569789,Effects of Auricular Vagus Nerve Stimulation on the Pro-inflammatory Cytokine Response in Healthy Adults,COMPLETED,0,low risk,PHASE1,INTERVENTIONAL,OTHER,ALL,ACTUAL,24.0,3.2188758248682006,1,2,1,1,695,944,2012.0,0,1,0,0,0,0
NCT00549289,Study of Cyclosporine in the Treatment of Dry Eye Syndrome (ST-603-006),COMPLETED,0,low risk,PHASE3,INTERVENTIONAL,INDUSTRY,ALL,MISSING,,,1,1,1,1,255,145,,0,0,0,0,0,0
NCT03628989,Technology-Based Distractions During Minor Procedures,COMPLETED,0,low risk,MISSING,INTERVENTIONAL,OTHER,ALL,ACTUAL,58.0,4.07753744390572,3,1,1,1,616,593,2018.0,0,0,1,0,0,0
NCT01845389,Comparative Study Between Continuous Epidural Anesthesia And Continuous Spinal Anesthesia Using Wiley™ Spinal Catheter,COMPLETED,0,low risk,MISSING,INTERVENTIONAL,OTHER,MALE,ACTUAL,30.0,3.4339872044851463,1,2,2,1,530,835,2013.0,0,1,1,0,0,0
NCT00603889,Development of a Skin Test for the Na-ASP-2 Hookworm Antigen,COMPLETED,0,low risk,MISSING,INTERVENTIONAL,OTHER,ALL,ACTUAL,12.0,2.5649493574615367,2,1,1,1,1847,634,2008.0,0,1,1,0,0,0
NCT00125489,CQSP in Malawi: Chloroquine and Sulfadoxine-pyrimethamine Efficacy for the Treatment of Malaria in Malawi,COMPLETED,0,low risk,PHASE4,INTERVENTIONAL,NIH,ALL,MISSING,210.0,5.351858133476067,2,2,1,1,1589,990,2005.0,0,0,0,0,0,0
NCT00095589,Microsatellite Analysis of Urinary Sediment in Detecting Bladder Cancer,COMPLETED,0,low risk,MISSING,OBSERVATIONAL,OTHER,ALL,ACTUAL,125.0,4.836281906951478,1,7,13,2,2246,437,2004.0,0,1,1,0,0,0
NCT02396589,Community Participation Transition After Stroke,COMPLETED,0,low risk,MISSING,INTERVENTIONAL,OTHER,ALL,ACTUAL,15.0,2.772588722239781,1,2,1,1,732,624,2015.0,0,1,1,0,0,0
NCT03797989,VAC069: A Study of Blood-stage Controlled Human P. Vivax Infection,COMPLETED,0,low risk,EARLY_PHASE1,INTERVENTIONAL,OTHER,ALL,ACTUAL,19.0,2.995732273553991,1,1,1,1,6227,1369,2019.0,0,1,0,0,0,0
NCT03976089,Promoting Healthy Development With the Recipe 4 Success Intervention,COMPLETED,0,low risk,MISSING,INTERVENTIONAL,OTHER,ALL,ACTUAL,73.0,4.30406509320417,2,2,0,0,449,192,2013.0,0,0,1,0,0,0
NCT01165489,Discovering Laryngomalacia,COMPLETED,0,low risk,MISSING,OBSERVATIONAL,OTHER,ALL,ACTUAL,1500.0,7.313886831633462,1,0,1,1,344,327,2007.0,0,0,1,0,0,0
NCT02001389,Study of EVP-6308 to Assess the Dose- and Concentration-dependent Displacement of [18F]MNI-659 by EVP-6308,COMPLETED,0,low risk,PHASE1,INTERVENTIONAL,INDUSTRY,ALL,ACTUAL,14.0,2.70805020110221,1,1,1,1,646,220,2013.0,0,1,0,0,0,0
NCT04372589,Antithrombotic Therapy to Ameliorate Complications of COVID-19 (ATTACC),COMPLETED,0,low risk,PHASE2; PHASE3,INTERVENTIONAL,OTHER,ALL,ACTUAL,1200.0,7.0909098220799835,2,1,60,4,2484,1775,2020.0,0,1,0,0,0,0
NCT00300768,Study Evaluating Orally Administered Moxidectin In Subjects With Onchocerca Volvulus Infection,COMPLETED,0,low risk,PHASE2,INTERVENTIONAL,OTHER,ALL,ACTUAL,172.0,5.153291594497779,1,4,1,1,2427,158,2006.0,0,1,0,0,0,0
NCT04355468,Opioid Free Anesthesia in Thoracic Surgery,COMPLETED,0,low risk,MISSING,INTERVENTIONAL,OTHER,ALL,ACTUAL,66.0,4.204692619390966,3,2,1,1,445,605,2015.0,0,1,1,0,0,0
NCT04289168,Infant Peer Interaction Study by Examining the Effect of a 6-week Music Enhancement Program,COMPLETED,0,low risk,MISSING,INTERVENTIONAL,OTHER,ALL,ACTUAL,49.0,3.912023005428146,1,1,0,0,947,247,2014.0,0,0,1,0,0,0
NCT00870168,Studying Biopsy Samples in Women Undergoing First-Line Chemotherapy for Metastatic Breast Cancer,COMPLETED,0,low risk,MISSING,INTERVENTIONAL,OTHER,FEMALE,ESTIMATED,60.0,4.110873864173311,1,4,1,1,879,319,2006.0,0,1,1,0,0,0
NCT01399268,Steroids in Bilateral Total Knee Replacement,COMPLETED,0,low risk,PHASE4,INTERVENTIONAL,OTHER,ALL,ACTUAL,30.0,3.4339872044851463,1,2,1,1,320,1604,2009.0,1,1,0,0,0,0
NCT04047368,Comparison of Coronary Lithoplasty and Rotablation,COMPLETED,0,low risk,MISSING,INTERVENTIONAL,OTHER,ALL,ACTUAL,70.0,4.2626798770413155,2,2,1,1,795,161,2019.0,0,1,1,0,0,0
NCT02129868,Automated Closed-loop in Children and Adolescents With Type 1 Diabetes,COMPLETED,0,low risk,MISSING,INTERVENTIONAL,OTHER,ALL,ACTUAL,13.0,2.6390573296152584,5,1,1,1,1317,1843,2014.0,0,0,1,0,0,0
NCT04759950,Exercise the Mind and Brain. A Multimodal Intervention in Stroke,COMPLETED,0,low risk,MISSING,INTERVENTIONAL,OTHER,ALL,ACTUAL,141.0,4.955827057601261,1,3,1,1,837,537,2020.0,0,1,1,0,0,0
NCT00421850,"Using Networks, Informatics, Technology, and Education in Care for People With Diabetes",COMPLETED,0,low risk,MISSING,INTERVENTIONAL,OTHER,ALL,MISSING,3491.0,8.158229916959494,1,1,1,1,81,2038,2001.0,0,1,1,0,0,0
NCT00458250,Feasibility of Haploidentical Hematopoietic Stem Cell Transplantation Using CAMPATH-1H,COMPLETED,0,low risk,PHASE1,INTERVENTIONAL,OTHER,ALL,ESTIMATED,10.0,2.3978952727983707,2,6,1,1,2969,673,2006.0,0,0,0,0,0,0
NCT00157950,Human Papillomavirus (HPV) Registration Study (Gardasil)(V501-023)(COMPLETED),COMPLETED,0,low risk,PHASE3,INTERVENTIONAL,INDUSTRY,FEMALE,ACTUAL,176.0,5.176149732573829,1,2,0,0,472,103,2005.0,1,0,0,0,0,0
NCT04423250,Evaluating the Impact of the Intervention of a Pharmacist in the Operating Room on the Appropriate Use of Sterile Medical DeviceS,COMPLETED,0,low risk,MISSING,OBSERVATIONAL,OTHER,ALL,ACTUAL,150.0,5.017279836814924,1,1,1,1,722,96,2018.0,0,1,1,0,0,0
NCT06011850,Investigation of the Effects of Quadratus Lumborum Block Applied to Patients in Kidney Transplant Surgery,COMPLETED,0,low risk,MISSING,OBSERVATIONAL,OTHER,ALL,ACTUAL,94.0,4.553876891600541,2,0,1,1,678,1176,2023.0,0,1,1,0,0,0
NCT06769750,Variability of Perfusion Index to Predict Hypotension,COMPLETED,0,low risk,MISSING,INTERVENTIONAL,OTHER,FEMALE,ACTUAL,45.0,3.828641396489095,1,2,2,1,739,2241,2025.0,0,1,1,0,0,0
NCT02530450,Continuous Glucose Monitor in Children With Poorly Controlled Diabetes,COMPLETED,0,low risk,MISSING,OBSERVATIONAL,OTHER,ALL,ACTUAL,30.0,3.4339872044851463,1,1,0,0,2106,213,2011.0,0,0,1,0,0,0
NCT00792350,INSIGHT - Post Marketing Surveillance,COMPLETED,0,low risk,MISSING,OBSERVATIONAL,INDUSTRY,ALL,ACTUAL,791.0,6.674561391814426,1,1,2,2,257,395,2008.0,0,1,1,0,0,0
NCT01348191,Detection of Thyrotrophin Receptor in Human Myometrium,COMPLETED,0,low risk,MISSING,OBSERVATIONAL,OTHER,FEMALE,ACTUAL,10.0,2.3978952727983707,1,1,4,1,375,1119,2011.0,0,1,1,0,0,0
NCT01792791,Post-traumatic Arthritis Associated With Joint Injury,COMPLETED,0,low risk,MISSING,OBSERVATIONAL,OTHER,ALL,ACTUAL,20.0,3.044522437723423,1,1,1,1,464,1475,2012.0,0,1,1,0,0,0
NCT06145191,Prophylactic Tranexamic Acid Versus Adrenaline During Flexible Bronchoscopy,COMPLETED,0,low risk,MISSING,INTERVENTIONAL,OTHER,ALL,ACTUAL,1013.0,6.921658184151129,2,3,1,1,776,617,2023.0,1,1,1,0,0,0
NCT06727591,Evaluation of Horizontal Anterior Mandibular Augmentation With Split Bone Block Technique From the Chin,COMPLETED,0,low risk,MISSING,INTERVENTIONAL,OTHER,ALL,ACTUAL,10.0,2.3978952727983707,1,1,1,1,382,275,2023.0,0,1,1,0,0,0
NCT01101191,A Study to Determine the Fasting Bioequivalence of Reformulated OXY Tablets and Original OxyContin® (OXY) Tablets,COMPLETED,0,low risk,PHASE1,INTERVENTIONAL,INDUSTRY,ALL,ACTUAL,84.0,4.442651256490317,1,2,1,1,2347,179,2007.0,0,1,0,0,0,0
NCT03901391,Prospective Open Clinical and Genetic Study of Patients With Retinitis Pigmentosa,COMPLETED,0,low risk,MISSING,OBSERVATIONAL,INDUSTRY,ALL,ACTUAL,130.0,4.875197323201151,2,1,2,1,1069,78,2019.0,0,0,1,0,0,0
NCT01212991,A Safety and Efficacy Study of Oral MDV3100 in Chemotherapy-Naive Patients With Progressive Metastatic Prostate Cancer,COMPLETED,0,low risk,PHASE3,INTERVENTIONAL,INDUSTRY,MALE,ACTUAL,1717.0,7.4489161025442,1,2,269,22,1879,282,2010.0,1,1,0,0,0,0
NCT06388291,Deep Brain Stimulation in Tourette Syndrome,COMPLETED,0,low risk,MISSING,INTERVENTIONAL,OTHER,ALL,ACTUAL,18.0,2.9444389791664403,2,1,1,1,2907,950,2022.0,0,1,1,0,0,0
NCT02411474,Tear Cytokine Analysis as a Prediction or Diagnostic Marker in Ocular GvHD,COMPLETED,0,low risk,MISSING,OBSERVATIONAL,OTHER,ALL,ACTUAL,21.0,3.091042453358316,1,0,1,1,393,296,2014.0,0,1,1,0,0,0
NCT00653874,Transcutaneous Bilirubinometry in Healthy Term and Near-Term Neonates,COMPLETED,0,low risk,PHASE3,INTERVENTIONAL,OTHER,ALL,ACTUAL,617.0,6.42648845745769,1,3,1,1,312,1294,2006.0,0,0,0,0,0,0
NCT05930574,Implementation of an Epidemiological and Clinical Registry of Emergency Surgery Patients in a Costa Rican Hospital,COMPLETED,0,low risk,MISSING,OBSERVATIONAL,OTHER_GOV,ALL,ACTUAL,575.0,6.3561076606958915,2,1,1,1,375,328,2020.0,0,0,1,0,0,0
NCT01431274,Tiotropium+Olodaterol Fixed Dose Combination (FDC) Versus Tiotropium and Olodaterol in Chronic Obstructive Pulmonary Disease (COPD),COMPLETED,0,low risk,PHASE3,INTERVENTIONAL,INDUSTRY,ALL,ACTUAL,2624.0,7.872836175025724,1,6,239,25,1634,354,2011.0,0,1,0,0,0,0
NCT03294018,Heart Rate Changes Following the Administration of Sugammadex,COMPLETED,0,low risk,MISSING,OBSERVATIONAL,OTHER,ALL,ACTUAL,276.0,5.6240175061873385,1,1,1,1,161,272,2017.0,0,0,1,0,0,0
NCT02737618,14-Day Cumulative Irritation Patch Test in Subjects With Normal Skin - Chameleon,COMPLETED,0,low risk,MISSING,INTERVENTIONAL,INDUSTRY,ALL,ACTUAL,35.0,3.58351893845611,1,1,1,1,1045,125,2016.0,0,1,1,0,0,0
NCT02990897,Pilot Study of Health Information Technology for Chronic Kidney Disease Management,COMPLETED,0,low risk,MISSING,INTERVENTIONAL,OTHER,ALL,ACTUAL,115.0,4.7535901911063645,1,1,1,1,403,525,2015.0,0,1,1,0,0,0
NCT01992497,Cesarean Section Study,COMPLETED,0,low risk,MISSING,INTERVENTIONAL,INDUSTRY,ALL,ACTUAL,721.0,6.582025138892826,2,1,1,1,654,312,2013.0,1,0,1,0,0,0
NCT04286997,VARA (Virtual and Augmented Reality Applications in Rehabilitation): Motor Rehabilitation Protocol With GRAIL for Patients Affected by Hemiparesis,COMPLETED,0,low risk,MISSING,INTERVENTIONAL,OTHER,ALL,ACTUAL,20.0,3.044522437723423,1,1,1,1,263,620,2018.0,0,0,1,0,0,0
NCT03067597,An Open-label Trial Investigating the Efficacy and Safety of a Vaginal Insert in Pregnant Women at Term,COMPLETED,0,low risk,PHASE3,INTERVENTIONAL,INDUSTRY,FEMALE,ACTUAL,68.0,4.23410650459726,1,1,14,1,2720,213,2017.0,0,1,0,0,0,0
NCT01355497,Effect of GTx-024 on Muscle Wasting in Patients With Non-Small Cell Lung Cancer (NSCLC) on First Line Platinum,COMPLETED,0,low risk,PHASE3,INTERVENTIONAL,INDUSTRY,ALL,ACTUAL,330.0,5.802118375377063,2,2,30,1,3572,183,2011.0,1,1,0,0,0,0
NCT04894097,Effect of Magnetic Therapy on Pain and Function,COMPLETED,0,low risk,MISSING,INTERVENTIONAL,OTHER,ALL,ACTUAL,30.0,3.4339872044851463,1,1,1,1,1221,195,2021.0,0,1,1,0,0,0
NCT05511597,Split-belt Treadmill Training for Freezing of Gait in Parkinson's Disease,COMPLETED,0,low risk,MISSING,INTERVENTIONAL,OTHER,ALL,ACTUAL,26.0,3.295836866004329,3,3,1,1,912,679,2022.0,1,1,1,0,0,0
NCT03300297,Cervical Spine Thrust Joint Manipulation for Temporomandibular Disorder,COMPLETED,0,low risk,MISSING,INTERVENTIONAL,OTHER,ALL,ACTUAL,50.0,3.9318256327243257,1,4,2,1,655,1816,2017.0,0,1,1,0,0,0
NCT01545297,Comparison of Dexmedetomidine and Propofol-Remifentanil Conscious Sedation for Awake Craniotomy for Tumor Surgery,COMPLETED,0,low risk,MISSING,INTERVENTIONAL,OTHER,ALL,ACTUAL,50.0,3.9318256327243257,1,3,1,1,506,1808,2012.0,0,1,1,0,0,0
NCT03379597,A 12-weeks Study to Evaluate the Dietary Fiber and Probiotics Treatment in Prevention and Intervention of Weight-gain and Cognitive Impairment of Schizophrenia or Bipolar Disorder,COMPLETED,0,low risk,MISSING,INTERVENTIONAL,OTHER,ALL,ACTUAL,136.0,4.919980925828125,2,2,1,1,1166,752,2017.0,0,1,1,0,0,0
NCT07434297,Pontic Site Soft Tissue Augmentation Using De-epithelized Connective Tissue Graft Versus Partially De-epithelized Connective Tissue Graft,COMPLETED,0,low risk,MISSING,INTERVENTIONAL,OTHER,ALL,ACTUAL,24.0,3.2188758248682006,2,2,1,1,412,388,2024.0,0,1,1,0,0,0
NCT00679510,Rosuvastatin in Rheumatoid Arthritis (RORA),COMPLETED,0,low risk,PHASE2; PHASE3,INTERVENTIONAL,OTHER,ALL,ACTUAL,50.0,3.9318256327243257,1,2,1,1,1145,324,2004.0,1,1,0,0,0,0
NCT01689610,Non-interventional Study With Nab-Paclitaxel (Abraxane®),COMPLETED,0,low risk,MISSING,OBSERVATIONAL,INDUSTRY,FEMALE,ACTUAL,705.0,6.559615237493242,1,0,1,1,316,136,2012.0,0,1,1,0,0,0
NCT04678310,iLIVE Volunteer Study,COMPLETED,0,low risk,MISSING,OBSERVATIONAL,OTHER,ALL,ACTUAL,105.0,4.663439094112067,1,1,1,1,1053,666,2021.0,0,1,1,0,0,0
NCT02278510,Topotecan Using Convection-Enhanced Delivery (CED) in High Grade Glioma,COMPLETED,0,low risk,EARLY_PHASE1,INTERVENTIONAL,OTHER,ALL,ACTUAL,3.0,1.3862943611198906,2,3,1,1,1630,691,2014.0,0,1,0,0,0,0
NCT02603510,Assessment of the Safety of SAR342434 and Humalog® When Administered as Continuous Subcutaneous Insulin Infusion,COMPLETED,0,low risk,PHASE1,INTERVENTIONAL,INDUSTRY,ALL,ACTUAL,27.0,3.332204510175204,1,2,2,1,2243,354,2015.0,0,1,0,0,0,0
NCT04315610,Personalized Mobile App for Parents of Infants With Cardiac Disease,COMPLETED,0,low risk,MISSING,INTERVENTIONAL,OTHER,ALL,ACTUAL,154.0,5.043425116919247,2,2,1,1,267,491,2021.0,0,0,1,0,0,0
NCT03568513,Effect of Curcumin on Gut Microbiota in IBS,COMPLETED,0,low risk,MISSING,INTERVENTIONAL,OTHER,ALL,ACTUAL,4.0,1.6094379124341003,1,2,1,1,1102,199,2018.0,1,0,1,0,0,0
NCT03372213,Healthfulness of Food From Grocery Stores Versus Eating Out Among People Receiving Food Benefits (SNAP),COMPLETED,0,low risk,MISSING,OBSERVATIONAL,OTHER,ALL,ACTUAL,4237.0,8.351846738828245,1,0,0,0,293,202,2003.0,0,1,1,0,0,0
NCT01796613,Safety and Acceptability of Vaginal Rings That Protect Women From Unintended Pregnancy,COMPLETED,0,low risk,PHASE2; PHASE3,INTERVENTIONAL,OTHER,FEMALE,ACTUAL,120.0,4.795790545596741,1,2,1,1,1842,608,2013.0,0,1,0,0,0,0
NCT01393613,Efficacy Study of OPC-34712 in Adults With Acute Schizophrenia,COMPLETED,0,low risk,PHASE3,INTERVENTIONAL,INDUSTRY,ALL,ACTUAL,674.0,6.51471269087253,1,4,60,8,930,196,2011.0,1,1,0,0,0,0
NCT01465113,Vitamin D Supplementation on 15-Prostaglandin Dehydrogenase Expression in Barrett's Esophagus,COMPLETED,0,low risk,EARLY_PHASE1,INTERVENTIONAL,OTHER,ALL,ACTUAL,26.0,3.295836866004329,2,5,3,1,2307,429,2010.0,0,1,0,0,0,0
NCT03754413,Neuramis® Volume Lidocaine for Volume Augmentation in the Mid-Face,COMPLETED,0,low risk,MISSING,INTERVENTIONAL,INDUSTRY,ALL,ACTUAL,236.0,5.4680601411351315,1,2,1,1,669,111,2018.0,0,1,1,0,0,0
NCT00000913,A Study to Compare Two Anti-HIV Combination Therapies Each Containing Saquinavir in HIV-Positive Children,COMPLETED,0,low risk,PHASE2,INTERVENTIONAL,NIH,ALL,MISSING,50.0,3.9318256327243257,1,3,36,2,817,458,,0,0,0,0,0,0
NCT07296913,Studying the Effects of the X10D Shoe on Walking in Healthy Adults Aged 50 to 65,COMPLETED,0,low risk,MISSING,INTERVENTIONAL,OTHER,ALL,ACTUAL,15.0,2.772588722239781,2,1,1,1,920,652,2025.0,0,1,1,0,0,0
NCT00533013,Comprehensive Heart Failure Disease Management Community Program,COMPLETED,0,low risk,MISSING,INTERVENTIONAL,OTHER_GOV,ALL,ACTUAL,1360.0,7.215975002651466,1,2,1,1,479,239,2007.0,0,1,1,0,0,0
NCT04309513,Evaluation of the Personal Activity Intelligence (PAI) Score,COMPLETED,0,low risk,MISSING,INTERVENTIONAL,OTHER,ALL,ACTUAL,73.0,4.30406509320417,1,2,1,1,998,815,2020.0,0,1,1,0,0,0
NCT01491113,Pharmacokinetic (PK) Study in Japanese Non-epileptic Renal Impaired Patients,COMPLETED,0,low risk,PHASE4,INTERVENTIONAL,INDUSTRY,ALL,ACTUAL,30.0,3.4339872044851463,2,2,2,1,448,248,2011.0,0,1,0,0,0,0
NCT05579860,"A Study Comparing Two Subcutaneous Formulations: Vial and Autoinjector (AI) With Olezarsen, at Two Dose Levels, in Healthy Adult Participants",COMPLETED,0,low risk,PHASE1,INTERVENTIONAL,INDUSTRY,ALL,ACTUAL,104.0,4.653960350157523,1,1,1,1,908,190,2022.0,0,1,0,0,0,0
NCT03732560,A Comparison of Nivolumab-based Treatments in a Real-world PD-L1 Positive Metastatic Melanoma Population in the US,COMPLETED,0,low risk,MISSING,OBSERVATIONAL,INDUSTRY,ALL,ACTUAL,600.0,6.398594934535208,1,1,1,1,724,297,2018.0,0,1,1,0,0,0
NCT02073760,Optimizing Prevention of Healthcare-Acquired Infections After Cardiac Surgery (HAI)_2,COMPLETED,0,low risk,MISSING,OBSERVATIONAL,OTHER,ALL,ACTUAL,79.0,4.382026634673881,9,1,1,1,194,200,2014.0,0,1,1,0,0,0
NCT04937660,Treatment Patterns & Clinical Outcomes of Palbociclib Combinations in HR+HER2-MBC,COMPLETED,0,low risk,MISSING,OBSERVATIONAL,INDUSTRY,ALL,ACTUAL,185.0,5.225746673713202,1,0,12,5,1159,414,2021.0,0,1,1,0,0,0
NCT00004860,Fluorouracil-Uracil and Leucovorin in Treating Elderly Patients With Metastatic Colorectal Cancer,COMPLETED,0,low risk,PHASE2,INTERVENTIONAL,NETWORK,ALL,MISSING,,,1,2,51,2,1370,333,2000.0,0,1,0,0,0,0
NCT00677560,The Natural History of Small Airways Physiology in Diseased and Healthy States,COMPLETED,0,low risk,MISSING,OBSERVATIONAL,OTHER,ALL,ACTUAL,126.0,4.844187086458591,5,0,1,1,653,1512,2010.0,0,1,1,0,0,0
NCT06651060,Climate Labels for Restaurant Menus Pilot,COMPLETED,0,low risk,MISSING,INTERVENTIONAL,OTHER,ALL,ACTUAL,16181.0,9.691654792367785,1,1,1,1,462,616,2024.0,0,1,1,0,0,0
NCT05725460,Ultrasound Guided Median Nerve Hydrodissection Using Dextrose,COMPLETED,0,low risk,MISSING,INTERVENTIONAL,OTHER,ALL,ACTUAL,40.0,3.713572066704308,1,1,1,1,295,107,2023.0,0,1,1,0,0,0
NCT02036710,Location of GLP-1 Release,COMPLETED,0,low risk,MISSING,OBSERVATIONAL,OTHER,ALL,ACTUAL,12.0,2.5649493574615367,1,0,1,1,163,744,2011.0,0,1,1,0,0,0
NCT01874210,Study on Colonic Fermentation in Chronic Kidney Disease Patients,COMPLETED,0,low risk,MISSING,OBSERVATIONAL,OTHER,ALL,ACTUAL,65.0,4.189654742026425,1,0,1,1,434,823,2008.0,0,1,1,0,0,0
NCT04118010,Vitamin D and Prebiotics for Intestinal Health in Cystic Fibrosis,COMPLETED,0,low risk,PHASE4,INTERVENTIONAL,OTHER,ALL,ACTUAL,40.0,3.713572066704308,2,4,1,1,934,298,2020.0,1,1,0,0,0,0
NCT00468013,A Computer-Based Intervention for Medically Unexplained Physical Symptoms,COMPLETED,0,low risk,MISSING,INTERVENTIONAL,OTHER,ALL,ACTUAL,60.0,4.110873864173311,3,2,1,1,1421,414,2007.0,0,1,1,0,0,0
NCT05215613,"PMCF Study on the Safety, Performance and Clinical Benefits Data of the Zimmer® Plates and Screws System",COMPLETED,0,low risk,MISSING,OBSERVATIONAL,INDUSTRY,ALL,ACTUAL,57.0,4.060443010546419,3,0,1,1,1049,724,2023.0,0,1,1,0,0,0
NCT01383720,REpositionable Percutaneous Replacement of Stenotic Aortic Valve Through Implantation of Lotus™ Valve SystEm,COMPLETED,0,low risk,MISSING,INTERVENTIONAL,INDUSTRY,ALL,ACTUAL,11.0,2.4849066497880004,3,1,3,1,5107,285,2012.0,0,1,1,0,0,0
NCT01862120,Dose Finding Study of Il-2 at Ultra-low Dose in Children With Recently Diagnosed Type 1 Diabetes,COMPLETED,0,low risk,PHASE2,INTERVENTIONAL,OTHER,ALL,ACTUAL,24.0,3.2188758248682006,1,4,6,1,1605,1125,2013.0,1,0,0,0,0,0
NCT02423720,Mindfulness Meditation Intervention for Colorectal Cancer Patients and Caregivers,COMPLETED,0,low risk,MISSING,INTERVENTIONAL,OTHER,ALL,ACTUAL,53.0,3.9889840465642745,1,1,1,1,1891,326,2015.0,0,1,1,0,0,0
NCT04245020,"A Study Comparing Three Methods of Outpatient Follow up After Surgical Admission; Text Message, Phone Call and In-person Appointment",COMPLETED,0,low risk,MISSING,INTERVENTIONAL,OTHER,ALL,ACTUAL,208.0,5.342334251964811,4,3,1,1,336,509,2019.0,0,0,1,0,0,0
NCT00005420,Prediction of Quality of Life in Cardiovascular Disease,COMPLETED,0,low risk,MISSING,OBSERVATIONAL,OTHER,MALE,MISSING,,,5,0,0,0,23,146,1992.0,0,0,1,0,0,0
NCT04030520,"Improving Uptake and Adherence to HIV Prevention Services With Pre-exposure Prophylaxis (PrEP), HIV Self- Testing and Adherence Support for Very High Risk HIV-negative Young Women Aged 15-24 in Kampala, Uganda",COMPLETED,0,low risk,MISSING,INTERVENTIONAL,OTHER,FEMALE,ACTUAL,60.0,4.110873864173311,1,2,1,1,952,699,2019.0,0,0,1,0,0,0
NCT02167620,Metformin in Co-morbid Diabetes or Prediabetes and Serious Mental Illness,COMPLETED,0,low risk,PHASE4,INTERVENTIONAL,OTHER,ALL,ACTUAL,35.0,3.58351893845611,2,2,1,1,746,1090,2014.0,1,0,0,0,0,0
NCT04386720,Measurement of Airway Opening Pressure (AOP) in Patients With Acute Respiratory Distress Syndrom and With or Without Covid 19.,COMPLETED,0,low risk,MISSING,OBSERVATIONAL,OTHER,ALL,ACTUAL,26.0,3.295836866004329,1,0,1,1,528,580,2020.0,0,1,1,0,0,0
NCT06183320,Can Flowable Bulk Fill Composites be Used in Proximal Area of Class II Restorations,COMPLETED,0,low risk,MISSING,INTERVENTIONAL,OTHER,ALL,ACTUAL,38.0,3.6635616461296463,1,2,1,1,626,1381,2019.0,0,1,1,0,0,0
NCT00117520,The Effect of Caffeine in Elderly Citizens,COMPLETED,0,low risk,PHASE4,INTERVENTIONAL,OTHER,ALL,MISSING,30.0,3.4339872044851463,1,1,1,1,626,226,2002.0,0,1,0,0,0,0
NCT05324020,eHealth Intervention for Medication Adherence in Breast Cancer Survivors,COMPLETED,0,low risk,MISSING,INTERVENTIONAL,OTHER_GOV,FEMALE,ACTUAL,3.0,1.3862943611198906,1,1,2,1,612,3354,2021.0,0,1,1,0,0,0
NCT00268320,Clinical Investigation of the Medtronic Concerto™ Device,COMPLETED,0,low risk,MISSING,INTERVENTIONAL,INDUSTRY,ALL,MISSING,270.0,5.602118820879701,1,1,51,12,538,1203,2006.0,0,1,1,0,0,0
NCT00508820,An Open Label Study of Romiplostim in Adult Thrombocytopenic Subjects With ITP,COMPLETED,0,low risk,PHASE3,INTERVENTIONAL,INDUSTRY,ALL,ACTUAL,407.0,6.0112671744041615,3,1,0,0,1414,423,2005.0,0,1,0,0,0,0
NCT00449982,Efficacy and Safety Study of Polyphenon E to Treat External Genital Warts,COMPLETED,0,low risk,PHASE3,INTERVENTIONAL,INDUSTRY,ALL,MISSING,480.0,6.175867270105761,1,1,12,7,1868,226,2003.0,0,1,0,0,0,0
NCT00045682,CT-2103 in Treating Patients With Recurrent or Persistent Ovarian Epithelial Cancer or Primary Peritoneal Cancer,COMPLETED,0,low risk,PHASE2,INTERVENTIONAL,NETWORK,FEMALE,ACTUAL,78.0,4.3694478524670215,2,1,1,1,2099,271,2002.0,0,1,0,0,0,0
NCT03016078,Self-adherent Absorbent Silver Dressing in Adults After Hip or Knee Arthroplasty,COMPLETED,0,low risk,MISSING,INTERVENTIONAL,INDUSTRY,ALL,ACTUAL,21.0,3.091042453358316,2,1,1,1,1306,292,2017.0,0,1,1,0,0,0
NCT01134978,Neural Mechanisms of the Contextual Interference Effect: A fNIRs and EEG Study,COMPLETED,0,low risk,PHASE1,INTERVENTIONAL,OTHER,ALL,ESTIMATED,20.0,3.044522437723423,2,1,1,1,580,794,2007.0,0,1,0,0,0,0
NCT07553078,EFFECT OF TMJ ARTHROCENTESIS ON ARTICULAR CAPSULAR WIDTH: AN ULTRASONOGRAPHIC STUDY,COMPLETED,0,low risk,MISSING,INTERVENTIONAL,OTHER,ALL,ACTUAL,27.0,3.332204510175204,1,1,1,1,313,2795,2025.0,0,1,1,0,0,0
NCT02642185,Microwave Ablation Versus Resection for Resectable Colorectal Liver Metastases,COMPLETED,0,low risk,MISSING,OBSERVATIONAL,OTHER,ALL,ACTUAL,102.0,4.634728988229636,1,2,3,3,468,784,2015.0,0,1,1,0,0,0
NCT05154578,Immunogenicity and Safety of GBS-NN/NN2 in Pregnant Women,COMPLETED,0,low risk,PHASE2,INTERVENTIONAL,OTHER,FEMALE,ACTUAL,269.0,5.598421958998375,1,2,10,3,3508,501,2022.0,1,0,0,0,0,0
NCT01730885,A Trial Investigating the Accuracy and Precision of the BGStar® and iBGStar® Blood Glucose Meter in Subjects With Type 1 Diabetes,COMPLETED,0,low risk,PHASE4,INTERVENTIONAL,INDUSTRY,ALL,ESTIMATED,20.0,3.044522437723423,1,1,1,1,1771,452,2012.0,0,1,0,0,0,0
NCT04874285,Use of Dietary Supplements in Patients at Risk of Abortion Treated With Progesterone.,COMPLETED,0,low risk,MISSING,INTERVENTIONAL,INDUSTRY,FEMALE,ACTUAL,63.0,4.1588830833596715,1,1,1,1,374,207,2021.0,0,1,1,0,0,0
NCT01871285,Evaluation of the Tolerability of Switching Subjects on Chronic ATC Opioid Therapy to Buprenorphine HCl Buccal Film,COMPLETED,0,low risk,PHASE2,INTERVENTIONAL,INDUSTRY,ALL,ACTUAL,39.0,3.6888794541139363,1,5,3,1,5110,340,2013.0,1,1,0,0,0,0
NCT05499585,Treating Pediatric NAFLD with Nutrition,COMPLETED,0,low risk,MISSING,INTERVENTIONAL,OTHER,ALL,ACTUAL,20.0,3.044522437723423,5,1,1,1,914,167,2022.0,0,0,1,0,0,0
NCT01577043,Efficacy of Racecadotril in Acute Watery Diarrhea in Children,COMPLETED,0,low risk,PHASE4,INTERVENTIONAL,OTHER,ALL,ACTUAL,52.0,3.970291913552122,2,2,1,1,148,176,2011.0,1,0,0,0,0,0
NCT04520243,Evaluation of Letters Versus Numbers (ELEVEN) Study,COMPLETED,0,low risk,MISSING,INTERVENTIONAL,OTHER,ALL,ACTUAL,59.0,4.0943445622221,1,1,1,1,237,264,2019.0,0,1,1,0,0,0
NCT00332943,MR Colonography With Fecal Tagging. Barium vs. BariumFerumoxsil,COMPLETED,0,low risk,PHASE4,INTERVENTIONAL,OTHER,ALL,ESTIMATED,20.0,3.044522437723423,2,1,1,1,192,818,2005.0,0,1,0,0,0,0
NCT00811343,Impact of New Immunological Diagnosis Tests of Latent Tuberculosis Before Anti TNF Therapy,COMPLETED,0,low risk,MISSING,INTERVENTIONAL,OTHER,ALL,ACTUAL,430.0,6.066108090103747,1,1,1,1,341,736,2008.0,0,1,1,0,0,0
NCT02254343,Effects of Proximal and Distal Robot-assisted Therapy Combined With Functional Training,COMPLETED,0,low risk,MISSING,INTERVENTIONAL,OTHER,ALL,ACTUAL,45.0,3.828641396489095,1,3,2,1,483,174,2014.0,0,1,1,0,0,0
NCT03397043,Protein Requirements in Resistance Trained Females,COMPLETED,0,low risk,MISSING,INTERVENTIONAL,OTHER,FEMALE,ACTUAL,8.0,2.1972245773362196,1,1,0,0,1275,457,2016.0,0,1,1,0,0,0
NCT00576615,Propofol's Hypnotic and Memory Effects,COMPLETED,0,low risk,MISSING,OBSERVATIONAL,OTHER,ALL,ACTUAL,102.0,4.634728988229636,1,2,1,1,1853,490,2002.0,1,1,1,0,0,0
NCT00030615,Decitabine in Treating Patients With Advanced Solid Tumors,COMPLETED,0,low risk,PHASE1,INTERVENTIONAL,NIH,ALL,ACTUAL,24.0,3.2188758248682006,9,3,1,1,1313,278,2001.0,0,1,0,0,0,0
NCT00202215,Chrysalis Day Program Body Mass Index Study,COMPLETED,0,low risk,MISSING,INTERVENTIONAL,OTHER,ALL,ACTUAL,106.0,4.672828834461906,2,1,1,1,144,186,2001.0,0,0,1,0,0,0
NCT01395615,An Observational Study on The Health Related Quality of Life in Patients With Chronic Lymphocytic Leukaemia,COMPLETED,0,low risk,MISSING,OBSERVATIONAL,INDUSTRY,ALL,ACTUAL,34.0,3.5553480614894135,1,0,5,1,1245,328,2008.0,0,1,1,0,0,0
NCT06780878,Comparison of Progressive Muscle Relaxation and Stretching Exercises in Diabetic Population,COMPLETED,0,low risk,MISSING,INTERVENTIONAL,OTHER,FEMALE,ACTUAL,36.0,3.6109179126442243,1,3,1,1,293,1132,2025.0,0,1,1,0,0,0
NCT01929278,"W0265-103: A Single-Center, Evaluator-Blinded, Randomized, Placebo Controlled, Phase 1 Clinical Trial Evaluating The Phototoxic Potential Of Topically Applied Clindamycin 1.0% - Tretinoin 0.025% Gel (Ct Gel) In Healthy Volunteers",COMPLETED,0,low risk,PHASE1,INTERVENTIONAL,INDUSTRY,ALL,ACTUAL,37.0,3.6375861597263857,1,3,0,0,5757,1303,2008.0,1,1,0,0,0,0
NCT04303078,Quantifying Energetic Demands of Walking for People With Cerebral Palsy,COMPLETED,0,low risk,MISSING,INTERVENTIONAL,OTHER,ALL,ACTUAL,34.0,3.5553480614894135,1,1,1,1,621,405,2023.0,0,0,1,0,0,0
NCT00949585,Potassium Intake in Patients With Chronic Kidney Disease,COMPLETED,0,low risk,MISSING,INTERVENTIONAL,OTHER,ALL,ACTUAL,29.0,3.4011973816621555,2,1,1,1,842,666,2009.0,0,1,1,0,0,0
NCT06339385,Management of PADIS in Emergency Intensive Care Unit,COMPLETED,0,low risk,MISSING,OBSERVATIONAL,OTHER,ALL,ACTUAL,162.0,5.093750200806762,4,1,1,1,259,1062,2021.0,0,1,1,0,0,0
NCT00965185,Statin Therapy to Improve Atherosclerosis in HIV Patients,COMPLETED,0,low risk,MISSING,INTERVENTIONAL,OTHER,ALL,ACTUAL,40.0,3.713572066704308,6,2,1,1,2056,396,2009.0,1,1,1,0,0,0
NCT00546585,"Safety, Reactogenicity, and Immunogenicity of Inactivated Influenza A/H7/N7 Vaccine in Healthy Adults",COMPLETED,0,low risk,PHASE1; PHASE2,INTERVENTIONAL,NIH,ALL,ACTUAL,126.0,4.844187086458591,1,2,1,1,5081,706,2008.0,1,1,0,0,0,0
NCT01188785,"Phase I - Escalating Dose Study of siG12D LODER (Local Drug EluteR) in Patients With Locally Advanced Adenocarcinoma of the Pancreas, and a Single Dose Study of siG12D LODER (Local Drug EluteR) in Patients With Non-operable Adenocarcinoma of the Pancreas",COMPLETED,0,low risk,PHASE1,INTERVENTIONAL,INDUSTRY,ALL,ACTUAL,15.0,2.772588722239781,2,1,3,1,3675,1073,2011.0,0,1,0,0,0,0
NCT04108585,Efficacy of Different Respiratory Methods in Intensive Care,COMPLETED,0,low risk,MISSING,OBSERVATIONAL,OTHER,ALL,ACTUAL,108.0,4.6913478822291435,1,2,1,1,274,423,2016.0,0,1,1,0,0,0
NCT00657943,The Copenhagen Insulin and Metformin Therapy Trial,COMPLETED,0,low risk,PHASE4,INTERVENTIONAL,OTHER,ALL,ACTUAL,415.0,6.030685260261263,3,4,9,1,968,499,2008.0,1,1,0,0,0,0
NCT02034643,Transesophageal Echocardiography(TEE) Probe Insertion and Tracheal Cuff Pressure,COMPLETED,0,low risk,MISSING,INTERVENTIONAL,OTHER,ALL,ACTUAL,44.0,3.8066624897703196,1,1,1,1,469,374,2013.0,0,1,1,0,0,0
NCT00008385,Selenium in Preventing Tumor Growth in Patients With Previously Resected Stage I Non-small Cell Lung Cancer,COMPLETED,0,low risk,PHASE3,INTERVENTIONAL,NETWORK,ALL,ACTUAL,1772.0,7.480428306074208,1,2,532,2,1735,525,2000.0,1,1,0,0,0,0
NCT01597843,Veterans Service Organizations and My HealtheVet (MHV),COMPLETED,0,low risk,MISSING,INTERVENTIONAL,FED,ALL,ACTUAL,282.0,5.645446897643238,4,1,1,1,515,570,2012.0,0,1,1,0,0,0
NCT01622543,Reolysin in Combination With FOLFOX6 and Bevacizumab or FOLFOX6 and Bevacizumab Alone in Metastatic Colorectal Cancer,COMPLETED,0,low risk,PHASE2,INTERVENTIONAL,NETWORK,ALL,ACTUAL,109.0,4.700480365792417,1,2,10,1,5641,174,2012.0,0,1,0,0,0,0
NCT03865043,Vascular Complications and Bleeding After Transfemoral TAVI,COMPLETED,0,low risk,MISSING,OBSERVATIONAL,OTHER,ALL,ACTUAL,300.0,5.707110264748875,2,0,1,1,294,1705,2019.0,0,1,1,0,0,0
NCT00386243,Evaluation of Stepped Care for Chronic Pain in Iraq/Afghanistan Veterans (ESCAPE),COMPLETED,0,low risk,MISSING,INTERVENTIONAL,FED,ALL,ACTUAL,242.0,5.493061443340548,3,4,1,1,607,396,2007.0,0,1,1,0,0,0
NCT00682435,Safety Study of Intravenous Hydromorphone Using Incremental 1mg Doses up to 2mg for Adult ED Patients,COMPLETED,0,low risk,PHASE4,INTERVENTIONAL,OTHER,ALL,ACTUAL,230.0,5.442417710521793,1,1,1,1,5007,823,2007.0,0,1,0,0,0,0
NCT01328535,Individualized Temozolomide in Treating Patients With Stage IV Melanoma That Cannot Be Removed By Surgery,COMPLETED,0,low risk,PHASE2,INTERVENTIONAL,OTHER,ALL,ACTUAL,25.0,3.258096538021482,2,5,1,1,3063,530,2011.0,0,1,0,0,0,0
NCT02395315,Alveolar Bone Changes in Diabetes (ABCD) Study,COMPLETED,0,low risk,MISSING,OBSERVATIONAL,OTHER,ALL,ACTUAL,42.0,3.7612001156935624,1,2,3,1,1091,1486,2015.0,0,1,1,0,0,0
NCT03963908,Evidence-based Pain Intervention for Veterans: AtEase for Chronic Pain,COMPLETED,0,low risk,MISSING,INTERVENTIONAL,OTHER,ALL,ACTUAL,268.0,5.594711379601839,1,2,2,1,487,249,2019.0,0,1,1,0,0,0
NCT00691808,Study of LX6171 in Elderly Volunteers With Age Associated Memory Impairment,COMPLETED,0,low risk,PHASE2,INTERVENTIONAL,INDUSTRY,ALL,ACTUAL,103.0,4.6443908991413725,1,3,2,1,717,188,2008.0,1,1,0,0,0,0
NCT00845208,Network Support for Treatment of Alcohol Dependence,COMPLETED,0,low risk,MISSING,INTERVENTIONAL,OTHER,ALL,ACTUAL,210.0,5.351858133476067,1,1,1,1,437,569,2002.0,0,1,1,0,0,0
NCT01634308,Efficacy and Safety of Bongros-BMP Compared to Bio-oss for Regeneration of Alveolar Bone Tissue After Maxillary Sinus Floor Augmentation,COMPLETED,0,low risk,PHASE3,INTERVENTIONAL,INDUSTRY,ALL,MISSING,,,1,2,1,1,0,192,2010.0,0,1,0,0,0,0
NCT04632225,Safety of Engensis in Participants With Amyotrophic Lateral Sclerosis,COMPLETED,0,low risk,PHASE2,INTERVENTIONAL,INDUSTRY,ALL,ACTUAL,18.0,2.9444389791664403,1,2,5,2,4029,1115,2021.0,1,1,0,0,0,0
NCT02372825,Role of Free Iliac Crest Flap in Heel and Ankle Reconstruction,COMPLETED,0,low risk,MISSING,OBSERVATIONAL,OTHER,MALE,ACTUAL,7.0,2.0794415416798357,1,1,1,1,350,352,2014.0,0,1,1,0,0,0
NCT06756425,Effect of Aerobic Exercise Program on Blood Glucose Level and Quality of Life in Pre-diabetic Overweight/Obese Adolescents,COMPLETED,0,low risk,MISSING,INTERVENTIONAL,OTHER,ALL,ACTUAL,40.0,3.713572066704308,2,2,1,1,1354,1836,2022.0,0,0,1,0,0,0
NCT00745225,Peroxisome Proliferator-Activated Receptor-Gamma Activation in Peritoneal Dialysis Patients,COMPLETED,0,low risk,PHASE4,INTERVENTIONAL,OTHER,ALL,ACTUAL,160.0,5.081404364984463,1,2,1,1,1117,218,2006.0,1,1,0,0,0,0
NCT00070525,"Tipifarnib in Treating Young Patients With Recurrent or Progressive High-Grade Glioma, Medulloblastoma, Primitive Neuroectodermal Tumor, or Brain Stem Glioma",COMPLETED,0,low risk,PHASE2,INTERVENTIONAL,NIH,ALL,ESTIMATED,90.0,4.51085950651685,8,1,1,1,4247,303,2003.0,0,0,0,0,0,0
NCT01205425,Computed Tomography Coronary Angiography Before Stent Implantation,COMPLETED,0,low risk,MISSING,INTERVENTIONAL,OTHER,ALL,ACTUAL,60.0,4.110873864173311,1,2,1,1,527,212,2009.0,0,0,1,0,0,0
NCT06839625,"The Effect of Emotional FreedomTechnique on Postoperative Pain, Pain Belief and Anxiety in Coronary Artery Bypass Graft Planned Patients",COMPLETED,0,low risk,MISSING,INTERVENTIONAL,OTHER,ALL,ACTUAL,66.0,4.204692619390966,3,1,2,1,430,1882,2025.0,0,1,1,0,0,0
NCT01059825,"Study Of Safety And Efficacy Of Ertugliflozin (PF-04971729, MK-8835) In Participants With Type 2 Diabetes (MK-8835-016)",COMPLETED,0,low risk,PHASE2,INTERVENTIONAL,INDUSTRY,ALL,ACTUAL,375.0,5.929589143389895,1,7,0,0,340,357,2010.0,1,1,0,0,0,0
NCT06292325,Psychological Aspects in OSA,COMPLETED,0,low risk,MISSING,OBSERVATIONAL,OTHER,ALL,ACTUAL,246.0,5.5093883366279774,1,1,1,1,519,1034,2023.0,0,1,1,0,0,0
NCT03293576,A Self-efficAcy Intervention to reDuce Injecting Risk behAviour and hePatitis c reinfecTion Rates,COMPLETED,0,low risk,MISSING,INTERVENTIONAL,OTHER,ALL,ACTUAL,52.0,3.970291913552122,1,1,1,1,476,464,2018.0,0,1,1,0,0,0
NCT04315376,Exercise and Diet Intervention Attenuated Inflammation Through ASC Gene and Inflammatory Markers in Obese Adults,COMPLETED,0,low risk,MISSING,INTERVENTIONAL,OTHER,ALL,ACTUAL,37.0,3.6375861597263857,5,2,1,1,347,1307,2018.0,0,1,1,0,0,0
NCT05408676,Comparison of Dexamethasone Alone vs in Combination With Pericardium 6 (P6) Electrical Stimulation or Granisetron in the Prevention of Postoperative Nausea and Vomiting in Patients Undergoing Breast Cancer Surgery,COMPLETED,0,low risk,MISSING,INTERVENTIONAL,OTHER,FEMALE,ACTUAL,198.0,5.293304824724492,2,1,1,1,513,831,2022.0,0,1,1,0,0,0
NCT02809976,Topical Ruxolitinib for the Treatment of Vitiligo,COMPLETED,0,low risk,PHASE2,INTERVENTIONAL,OTHER,ALL,ACTUAL,11.0,2.4849066497880004,1,1,1,1,2906,118,2016.0,1,1,0,0,0,0
NCT01529476,Study to Evaluate the Efficacy and Safety of Oral Administration With Nemonoxacin and Levofloxacin in Patients With CAP,COMPLETED,0,low risk,PHASE3,INTERVENTIONAL,INDUSTRY,ALL,ACTUAL,540.0,6.293419278846481,1,2,57,2,1435,354,2011.0,0,1,0,0,0,0
NCT00398476,Fluticasone Nasal Spray Patient Preference Study,COMPLETED,0,low risk,PHASE3,INTERVENTIONAL,INDUSTRY,ALL,ACTUAL,127.0,4.852030263919617,1,2,14,1,539,232,2006.0,0,1,0,0,0,0
NCT02669576,Mind-Body Medicine Day Care Clinic in Breast Cancer Patients Undergoing Endocrine Therapy,COMPLETED,0,low risk,MISSING,INTERVENTIONAL,OTHER,FEMALE,ACTUAL,68.0,4.23410650459726,1,2,1,1,496,165,2016.0,0,1,1,0,0,0
NCT06529276,Augmented Reality Smart Glasses Technology for Immersive Learning in the Emergency Department,COMPLETED,0,low risk,MISSING,INTERVENTIONAL,OTHER,ALL,ACTUAL,33.0,3.5263605246161616,1,2,1,1,144,2401,2024.0,0,0,1,0,0,0
NCT00599976,Comparison of Pulmonary Vein Isolation Versus AV Nodal Ablation With Biventricular Pacing for Patients With Atrial Fibrillation With Congestive Heart Failure (PABA CHF),COMPLETED,0,low risk,MISSING,INTERVENTIONAL,OTHER,ALL,ACTUAL,81.0,4.406719247264253,2,1,0,0,1083,410,2002.0,0,1,1,0,0,0
NCT03374176,Efficacy of Amoxicillin-metronidazole Compared to Clindamycin in Patients With Periodontitis and Diabetes,COMPLETED,0,low risk,PHASE3,INTERVENTIONAL,OTHER,ALL,ACTUAL,42.0,3.7612001156935624,3,2,0,0,816,1462,2014.0,0,1,0,0,0,0
NCT03933917,Application of Large Volume Acute Normovolemic Hemodilution in Cardiac Valve Surgery,COMPLETED,0,low risk,MISSING,INTERVENTIONAL,OTHER,ALL,ACTUAL,74.0,4.31748811353631,1,1,1,1,1201,568,2019.0,0,1,1,0,0,0
NCT06688617,Effect of Swedish Hand Massage on Pain in Patients Undergoing CABG Surgery,COMPLETED,0,low risk,MISSING,INTERVENTIONAL,OTHER,ALL,ACTUAL,80.0,4.394449154672439,6,1,1,1,1327,675,2018.0,0,1,1,0,0,0
NCT02737917,EmergeNcy Department Apneic Oxygenation Versus Usual Care During Rapid Sequence Intubation,COMPLETED,0,low risk,MISSING,INTERVENTIONAL,OTHER,ALL,ACTUAL,206.0,5.332718793265369,1,2,1,1,671,171,2016.0,0,1,1,0,0,0
NCT00042276,"The Natural History of Upper Trapezius Myofascial Trigger Points: Comparison of Local and Remote Tissue Milieu in Normal Muscle, Latent and Active Myofascial Trigger Points Over Time",COMPLETED,0,low risk,MISSING,OBSERVATIONAL,NIH,ALL,ACTUAL,88.0,4.48863636973214,1,0,1,1,1342,2789,2002.0,0,1,1,0,0,0
NCT02256917,Assess the Efficacy and Safety of Personalized Prophylaxis Human-cl rhFVIII in Patients With Severe Haemophilia A,COMPLETED,0,low risk,PHASE3,INTERVENTIONAL,INDUSTRY,MALE,ACTUAL,58.0,4.07753744390572,1,1,30,9,453,357,2015.0,0,1,0,0,0,0
NCT01961817,Airway Management Via the Retromolar Route Access,COMPLETED,0,low risk,MISSING,INTERVENTIONAL,OTHER,ALL,ACTUAL,100.0,4.61512051684126,2,2,1,1,406,97,2013.0,0,1,1,0,0,0
NCT00264017,Palladium-103 Seed Implant and Single Daily Dosing of Uroxatral Vs. Twice Daily Dosing of Flomax- A 3 Month Retrospective Efficacy Analysis,COMPLETED,0,low risk,MISSING,OBSERVATIONAL,OTHER,MALE,MISSING,60.0,4.110873864173311,1,0,1,1,880,384,2005.0,0,1,1,0,0,0
NCT06556017,Assessment of the Efficacy of ChatGPT in Detecting Surgical Site Infections Following Elective Colorectal Surgery,COMPLETED,0,low risk,MISSING,OBSERVATIONAL,OTHER,ALL,ACTUAL,122.0,4.812184355372417,1,1,1,1,155,533,2024.0,0,1,1,0,0,0
NCT01220817,Safety and Efficacy of POMx Capsules in Men With Recurrent Prostate Cancer: An 18-Month Study,COMPLETED,0,low risk,PHASE2,INTERVENTIONAL,INDUSTRY,MALE,ACTUAL,104.0,4.653960350157523,1,2,1,1,3335,306,2007.0,0,1,0,0,0,0
NCT01284517,Lurasidone HCI - A 6-week Phase 3 Study of Patients With Bipolar I Depression,COMPLETED,0,low risk,PHASE3,INTERVENTIONAL,INDUSTRY,ALL,ACTUAL,356.0,5.877735781779639,1,2,75,10,1296,266,2010.0,1,1,0,0,0,0
NCT07190417,Evaluation of Physiological Effects Induced by Low Level Light Irradiation on the Acupoints of the Hand,COMPLETED,0,low risk,MISSING,INTERVENTIONAL,OTHER,ALL,ACTUAL,120.0,4.795790545596741,4,1,1,1,708,1849,2021.0,0,1,1,0,0,0
NCT00136240,Automated Telephone System to Improve Treatment Adherence in People With Depression,COMPLETED,0,low risk,MISSING,INTERVENTIONAL,OTHER,ALL,MISSING,144.0,4.976733742420574,1,1,1,1,952,196,2003.0,0,1,1,0,0,0
NCT02608840,Auditory Stimulation of Slow Wave Sleep and Memory in Mild Cognitive Impairment and Older Adults,COMPLETED,0,low risk,MISSING,INTERVENTIONAL,OTHER,ALL,ACTUAL,23.0,3.1780538303479458,1,2,1,1,1141,240,2015.0,0,1,1,0,0,0
NCT00041340,Imatinib Mesylate in Treating Patients With Stage IV Colorectal Cancer,COMPLETED,0,low risk,PHASE2,INTERVENTIONAL,NIH,ALL,ACTUAL,37.0,3.6375861597263857,4,2,1,1,1557,244,2002.0,0,0,0,0,0,0
NCT01835340,Breath Gas Measurement of Propofol During Anesthesia in Patients With Endourological Procedures,COMPLETED,0,low risk,MISSING,INTERVENTIONAL,OTHER,ALL,ACTUAL,22.0,3.1354942159291497,1,1,1,1,568,379,2012.0,0,1,1,0,0,0
NCT04969640,Role of Anterior Segment Optical Coherence Tomography in Infectious Keratitis,COMPLETED,0,low risk,MISSING,OBSERVATIONAL,OTHER,ALL,ACTUAL,23.0,3.1780538303479458,1,1,1,1,308,147,2021.0,0,0,1,0,0,0
NCT04765540,The Effect of Behaviour Change Interventions on Use of Public Handwashing Stations in Bangladesh,COMPLETED,0,low risk,MISSING,INTERVENTIONAL,OTHER,ALL,ACTUAL,855.0,6.752270376141742,3,3,3,1,1317,715,2021.0,0,0,1,0,0,0
NCT01658540,Drug Eluting Balloon (DEB) and Long Lesions of Superficial Femoral Artery (SFA) Ischemic Vascular Disease,COMPLETED,0,low risk,MISSING,OBSERVATIONAL,OTHER,ALL,ACTUAL,105.0,4.663439094112067,1,0,6,1,1287,447,2012.0,0,0,1,0,0,0
NCT01822340,Safety and Efficacy Study of Recombinant Human Growth Hormone in Adult Growth Hormone Deficiency Patients,COMPLETED,0,low risk,PHASE2,INTERVENTIONAL,INDUSTRY,ALL,ACTUAL,72.0,4.290459441148391,1,2,1,1,1307,271,2011.0,0,1,0,0,0,0
NCT02472340,Mitophagy and Autophagy in Elderly Subjects,COMPLETED,0,low risk,MISSING,OBSERVATIONAL,INDUSTRY,ALL,ACTUAL,22.0,3.1354942159291497,3,1,1,1,5672,1241,2015.0,0,1,1,0,0,0
NCT01215240,Prophylactic Peritoneal Dialysis Decreases Time to Achieve a Negative Fluid Balance After the Norwood Procedure,COMPLETED,0,low risk,MISSING,INTERVENTIONAL,OTHER,ALL,ACTUAL,22.0,3.1354942159291497,1,1,1,1,524,1305,2010.0,0,0,1,0,0,0
NCT00149240,Botulinum Toxin Type A (Dysport) Associated With Rehabilitation Treatment in Patients With Primary Myofascial Pain Syndrome,COMPLETED,0,low risk,PHASE2,INTERVENTIONAL,INDUSTRY,ALL,ACTUAL,24.0,3.2188758248682006,1,1,4,1,918,258,2005.0,0,1,0,0,0,0
NCT07261540,Bilateral Knee Strength Asymmetry and Functional Performance in Older Women With Osteoarthritis,COMPLETED,0,low risk,MISSING,OBSERVATIONAL,OTHER,FEMALE,ACTUAL,20.0,3.044522437723423,5,1,1,1,468,1331,2025.0,0,1,1,0,0,0
NCT03932240,In Vivo Effects of Fibrinogen Concentrate (FC) Versus Cryoprecipitate on the Neonatal Fibrin Network Structure After Cardiopulmonary Bypass (CPB),COMPLETED,0,low risk,PHASE3,INTERVENTIONAL,OTHER,ALL,ACTUAL,36.0,3.6109179126442243,1,2,1,1,704,265,2019.0,0,0,0,0,0,0
NCT00154089,A Pilot Study of EM-1421 for the Treatment of Cervical Intraepithelial Neoplasia,COMPLETED,0,low risk,PHASE1; PHASE2,INTERVENTIONAL,INDUSTRY,FEMALE,ACTUAL,8.0,2.1972245773362196,1,1,1,1,159,174,2004.0,0,1,0,0,0,0
NCT04805489,Comparison of Hemodynamic and Respiratory Parameters During Physical Activity,COMPLETED,0,low risk,MISSING,INTERVENTIONAL,OTHER,ALL,ACTUAL,48.0,3.8918202981106265,1,1,1,1,568,3561,2021.0,0,1,1,0,0,0
NCT00633789,Phase II Study of Brivanib (BMS-582664) to Treat Multiple Tumor Types,COMPLETED,0,low risk,PHASE2,INTERVENTIONAL,INDUSTRY,ALL,ACTUAL,597.0,6.393590753950631,5,2,25,9,1761,332,2008.0,1,1,0,0,0,0
NCT02961868,Cohort Follow-up of Patients With Renal or Craniocervical Fibromuscular Dysplasia,COMPLETED,0,low risk,MISSING,INTERVENTIONAL,OTHER,ALL,ACTUAL,340.0,5.831882477283517,1,4,17,2,764,318,2009.0,0,1,1,0,0,0
NCT00001768,Treatment of Childhood Onset Psychiatric Disorders With Intravenous Immunoglobulin (IVIg),COMPLETED,0,low risk,PHASE3,INTERVENTIONAL,NIH,ALL,MISSING,10.0,2.3978952727983707,3,1,1,1,519,1482,1997.0,0,0,0,0,0,0
NCT04371068,Heraeus MicroDTTect Lyon Pilot Studyprosthetic Joint Infections (PJIs),COMPLETED,0,low risk,MISSING,OBSERVATIONAL,OTHER,ALL,ACTUAL,20.0,3.044522437723423,1,1,1,1,645,805,2018.0,0,1,1,0,0,0
NCT00484068,Chicken-Diet vs. Enalapril to Reduce Albuminuria,COMPLETED,0,low risk,MISSING,INTERVENTIONAL,OTHER,ALL,ACTUAL,28.0,3.367295829986474,2,2,1,1,814,539,2003.0,0,1,1,0,0,0
NCT00133068,Collaboration to Reduce Disparities in Hypertension,COMPLETED,0,low risk,PHASE4,INTERVENTIONAL,OTHER,ALL,ACTUAL,802.0,6.688354713946762,1,4,3,1,706,387,2005.0,0,1,0,0,0,0
NCT03698968,"Performance, Safety and Efficacy of PICO Device.",COMPLETED,0,low risk,MISSING,INTERVENTIONAL,INDUSTRY,ALL,ACTUAL,50.0,3.9318256327243257,1,1,11,2,2232,321,2018.0,0,1,1,0,0,0
NCT07522268,Laser Pulpotomy: a Modern-non Pharmacological Alternate to Ferric Sulphate Pulpotomy,COMPLETED,0,low risk,PHASE3,INTERVENTIONAL,OTHER,ALL,ACTUAL,84.0,4.442651256490317,1,2,1,1,517,75,2019.0,0,0,0,0,0,0
NCT02636868,The Safety and Efficacy of Lucinactant for Inhalation in Premature Neonates 26 to 32 Weeks Gestational Age,COMPLETED,0,low risk,PHASE2,INTERVENTIONAL,INDUSTRY,ALL,ACTUAL,221.0,5.402677381872279,1,2,54,8,2149,355,2015.0,0,0,0,0,0,0
NCT00781768,"Odansetron and Dexamethasone Alone vs. Odansetron, Dexamethason and Apreptant to Prevent Nausea",COMPLETED,0,low risk,PHASE4,INTERVENTIONAL,OTHER,ALL,ACTUAL,181.0,5.204006687076795,2,2,0,0,988,796,2003.0,0,1,0,0,0,0
NCT01852968,Hippocampal Metabolism and Function in Patients With Type 1 Diabetes,COMPLETED,0,low risk,MISSING,OBSERVATIONAL,OTHER,ALL,ACTUAL,57.0,4.060443010546419,2,0,1,1,534,349,2013.0,0,1,1,0,0,0
NCT01786668,Dose-Ranging Study Of Tofacitinib In Adults With Active Ankylosing Spondylitis,COMPLETED,0,low risk,PHASE2,INTERVENTIONAL,INDUSTRY,ALL,ACTUAL,208.0,5.342334251964811,1,4,67,10,351,190,2013.0,1,1,0,0,0,0
NCT00389350,Effect of an Extract of Green Tea on Adults With Type 2 Diabetes,COMPLETED,0,low risk,PHASE2; PHASE3,INTERVENTIONAL,OTHER,ALL,MISSING,48.0,3.8918202981106265,1,1,1,1,114,150,2005.0,0,1,0,0,0,0
NCT02526550,Immunogenicity of a Live Attenuated Chimeric JE Vaccine (IMOJEV) as a Booster Dose in Thai Children Primed With CD.JEVAX,COMPLETED,0,low risk,PHASE4,INTERVENTIONAL,OTHER,ALL,ACTUAL,50.0,3.9318256327243257,1,2,0,0,771,347,2014.0,0,0,0,0,0,0
NCT01493050,The Effects of Sevelamer Carbonate on Diabetic Nephropathy,COMPLETED,0,low risk,PHASE2,INTERVENTIONAL,OTHER,ALL,ACTUAL,117.0,4.770684624465665,1,2,2,1,754,1059,2012.0,0,1,0,0,0,0
NCT01628250,Laparoscopic Complete Mesocolic Excision on Colon Cancer,COMPLETED,0,low risk,MISSING,INTERVENTIONAL,OTHER,ALL,ACTUAL,99.0,4.605170185988092,5,2,1,1,281,512,2012.0,0,1,1,0,0,0
NCT02120950,Aflibercept in Polypoidal Choroidal Vasculopathy,COMPLETED,0,low risk,PHASE4,INTERVENTIONAL,INDUSTRY,ALL,ACTUAL,333.0,5.811140992976701,1,2,62,8,1051,216,2014.0,0,1,0,0,0,0
NCT03501550,Study of CDI-31244 in Combination With Sofosbuvir (SOF) and Velpatasvir (VEL),COMPLETED,0,low risk,PHASE2,INTERVENTIONAL,INDUSTRY,ALL,ACTUAL,12.0,2.5649493574615367,1,2,1,1,338,228,2018.0,0,1,0,0,0,0
NCT06144450,Evaluation of Effectiveness of the Web-Based Monitoring Program Given to Mothers of Premature Babies,COMPLETED,0,low risk,MISSING,INTERVENTIONAL,OTHER,ALL,ACTUAL,61.0,4.127134385045092,3,1,1,1,1099,2223,2023.0,0,0,1,0,0,0
NCT01808391,A Prospective Multicenter Post Approval Study to Evaluate the Long-term Safety and Efficacy of the Resolute Integrity in the Japanese All-comers Patients With Coronary Artery Disease (PROPEL),COMPLETED,0,low risk,MISSING,OBSERVATIONAL,OTHER,ALL,ACTUAL,1204.0,7.094234845924755,2,0,1,1,1999,768,2013.0,0,1,1,0,0,0
NCT03421691,A Single-Center Open-Label Study of 1064 nm for Nonablative Skin Rejuvenation,COMPLETED,0,low risk,MISSING,INTERVENTIONAL,INDUSTRY,ALL,ACTUAL,17.0,2.8903717578961645,2,1,1,1,4339,168,2016.0,0,1,1,0,0,0
NCT00438191,A Clinical Trial of Splinting for DeQuervain's Tenosynovitis,COMPLETED,0,low risk,MISSING,OBSERVATIONAL,OTHER,ALL,ACTUAL,83.0,4.430816798843313,1,0,1,1,286,745,2005.0,0,1,1,0,0,0
NCT00962091,Study of MLN8237 in Participants With Advanced Solid Tumors,COMPLETED,0,low risk,PHASE1,INTERVENTIONAL,INDUSTRY,ALL,ACTUAL,53.0,3.9889840465642745,1,1,1,1,2777,525,2009.0,0,1,0,0,0,0
NCT02020291,"Phase I Study to Evaluate Safety, Tolerability, Anti-Tumour Activity and PK Profiles of Foxy-5 in Metastatic Breast, Colon or Prostate Cancer",COMPLETED,0,low risk,PHASE1,INTERVENTIONAL,INDUSTRY,ALL,ACTUAL,31.0,3.4657359027997265,3,1,1,1,3615,871,2013.0,0,1,0,0,0,0
NCT02702791,Sustaining Training Effects Through Physical Activity,COMPLETED,0,low risk,MISSING,INTERVENTIONAL,OTHER,ALL,ACTUAL,73.0,4.30406509320417,1,2,1,1,723,793,2015.0,0,1,1,0,0,0
NCT01809691,"S1216, Phase III ADT+TAK-700 vs. ADT+Bicalutamide for Metastatic Prostate Cancer",COMPLETED,0,low risk,PHASE3,INTERVENTIONAL,NETWORK,MALE,ACTUAL,1313.0,7.1808311990445555,1,2,560,1,3817,204,2013.0,0,1,0,0,0,0
NCT03695874,Development of a Quality of Life Measurement Scale in Hereditary Haemorrhagic Telangiectasia (HHT) Disease.,COMPLETED,0,low risk,MISSING,OBSERVATIONAL,OTHER,ALL,ACTUAL,643.0,6.467698726104354,1,2,1,1,309,1240,2019.0,0,1,1,0,0,0
NCT00042874,Combination Chemotherapy in Treating Patients With Locally Advanced or Metastatic Solid Tumors,COMPLETED,0,low risk,PHASE1,INTERVENTIONAL,NIH,ALL,ACTUAL,77.0,4.356708826689592,1,5,1,1,1771,325,2002.0,0,1,0,0,0,0
NCT04162574,Binge-Eating Genetics Initiative (BEGIN) - Dynamical Systems Approach,COMPLETED,0,low risk,MISSING,OBSERVATIONAL,OTHER,ALL,ACTUAL,1166.0,7.062191632286556,2,1,1,1,872,929,2017.0,0,1,1,0,0,0
NCT00237874,Aripiprazole Treatment of Prodromal Patients,COMPLETED,0,low risk,PHASE2; PHASE3,INTERVENTIONAL,OTHER,ALL,ACTUAL,15.0,2.772588722239781,2,1,2,1,129,152,2004.0,0,0,0,0,0,0
NCT01480674,An Observational Study of Patients With HER2-Positive Metastatic or Locally Advanced Breast Cancer Treated With Herceptin (Trastuzumab) in 1st Line and Without Progression For 3 Years,COMPLETED,0,low risk,MISSING,OBSERVATIONAL,INDUSTRY,FEMALE,ACTUAL,160.0,5.081404364984463,1,1,78,1,471,312,2011.0,0,1,1,0,0,0
NCT01504074,Morphological and Functional Evaluation of Irvine-Gass Syndrome,COMPLETED,0,low risk,MISSING,OBSERVATIONAL,OTHER,ALL,ACTUAL,50.0,3.9318256327243257,1,1,1,1,248,335,2011.0,0,1,1,0,0,0
NCT01224418,A Study to Evaluate the Efficacy of Tacrolimus in Rheumatoid Arthritis Patients Shown Unsuccessful Response to Methotrexate,COMPLETED,0,low risk,PHASE4,INTERVENTIONAL,INDUSTRY,ALL,ACTUAL,50.0,3.9318256327243257,1,1,2,1,1394,165,2008.0,0,1,0,0,0,0
NCT04651218,Behavioral Mechanism of Energy Compensation With Exercise,COMPLETED,0,low risk,PHASE3,INTERVENTIONAL,OTHER,ALL,ACTUAL,32.0,3.4965075614664802,3,1,1,1,716,2864,2021.0,0,1,0,0,0,0
NCT05762718,Validation of a Food Frequency Questionnaire: VioScreen,COMPLETED,0,low risk,MISSING,OBSERVATIONAL,OTHER,FEMALE,ACTUAL,27.0,3.332204510175204,1,0,2,1,847,255,2022.0,0,1,1,0,0,0
NCT02620618,Intravitreal Infliximab in Refractory Uveitis in Behcet's Disease: A Safety and Efficacy Clinical Study,COMPLETED,0,low risk,PHASE1; PHASE2,INTERVENTIONAL,OTHER,ALL,ACTUAL,20.0,3.044522437723423,2,1,0,0,477,2031,2013.0,0,0,0,0,0,0
NCT04397718,Hormonal Intervention for the Treatment in Veterans With COVID-19 Requiring Hospitalization,COMPLETED,0,low risk,PHASE2,INTERVENTIONAL,FED,MALE,ACTUAL,96.0,4.574710978503383,1,2,14,1,2303,178,2020.0,0,1,0,0,0,0
NCT04744818,Effects of Iron Supplementation on Pediatric Vaccine Response,COMPLETED,0,low risk,MISSING,INTERVENTIONAL,OTHER,ALL,ACTUAL,288.0,5.666426688112432,4,2,2,2,674,615,2021.0,0,0,1,0,0,0
NCT02623218,Translational Research Examining Acupuncture Treatment in Traumatic Brain Injury,COMPLETED,0,low risk,MISSING,INTERVENTIONAL,OTHER,ALL,ACTUAL,22.0,3.1354942159291497,1,2,1,1,958,323,2015.0,0,1,1,0,0,0
NCT03916718,Care EcoSystem: Ochsner Health System,COMPLETED,0,low risk,MISSING,OBSERVATIONAL,OTHER,ALL,ACTUAL,290.0,5.673323267171493,1,1,1,1,791,323,2019.0,0,1,1,0,0,0
NCT01966718,Repository Corticotropin Injection To Treat Rheumatoid Arthritis Patients Who Have Failed Three Biologic Therapies.,COMPLETED,0,low risk,PHASE4,INTERVENTIONAL,OTHER,ALL,ACTUAL,8.0,2.1972245773362196,1,1,1,1,609,291,2013.0,0,1,0,0,0,0
NCT00175318,Testing a Tooth Decay Prevention Program With Cree Mothers and Infants,COMPLETED,0,low risk,MISSING,INTERVENTIONAL,OTHER,FEMALE,ESTIMATED,309.0,5.736572297479192,1,1,1,1,187,346,2005.0,0,0,1,0,0,0
NCT04587518,Five Factor Model Treatment for Borderline Personality Disorder,COMPLETED,0,low risk,MISSING,INTERVENTIONAL,OTHER,ALL,ACTUAL,100.0,4.61512051684126,1,1,1,1,335,1479,2020.0,0,1,1,0,0,0
NCT00788918,Study of Cerebral Function in Patients With Chronic Hepatitis C Infection (HCV/CNS),COMPLETED,0,low risk,MISSING,INTERVENTIONAL,OTHER,ALL,ACTUAL,100.0,4.61512051684126,4,1,1,1,897,1940,2008.0,0,1,1,0,0,0
NCT02931318,The Knowledge Levels and Attitudes of the People Living in Nevşehir on Organ Donation and Transplantation,COMPLETED,0,low risk,MISSING,INTERVENTIONAL,OTHER_GOV,ALL,ACTUAL,414.0,6.028278520230698,1,1,0,0,229,477,2016.0,0,1,1,0,0,0
NCT02027818,Study of the ICG Distribution in the Margins of Breast Cancer After Tumorectomy,COMPLETED,0,low risk,PHASE2,INTERVENTIONAL,OTHER,FEMALE,ESTIMATED,20.0,3.044522437723423,1,1,1,1,929,118,2014.0,0,1,0,0,0,0
NCT02056990,Screening of Athletes,COMPLETED,0,low risk,MISSING,OBSERVATIONAL,OTHER,ALL,ACTUAL,15.0,2.772588722239781,2,1,1,1,317,542,2014.0,0,0,1,0,0,0
NCT06276790,Objective Analysis of Caesarean Scar Pregnancy,COMPLETED,0,low risk,MISSING,OBSERVATIONAL,OTHER_GOV,FEMALE,ACTUAL,117.0,4.770684624465665,2,2,1,1,747,275,2019.0,0,1,1,0,0,0
NCT02337790,Necklace-Shaped Sensor for Non-Invasive Remote Monitoring of Vitals,COMPLETED,0,low risk,MISSING,OBSERVATIONAL,INDUSTRY,ALL,ACTUAL,109.0,4.700480365792417,2,0,1,1,823,108,2015.0,0,1,1,0,0,0
NCT06977490,Human Bioequivalence Study of Amphotericin B Liposome for Injection,COMPLETED,0,low risk,MISSING,INTERVENTIONAL,INDUSTRY,ALL,ACTUAL,42.0,3.7612001156935624,3,2,1,1,5574,203,2025.0,0,1,1,0,0,0
NCT04055090,Extension of Phase 3 Gene Therapy for Painful Diabetic Neuropathy,COMPLETED,0,low risk,PHASE3,INTERVENTIONAL,INDUSTRY,ALL,ACTUAL,101.0,4.624972813284271,2,2,14,1,419,347,2019.0,1,1,0,0,0,0
NCT01507090,Validation of the Mercy TAPE,COMPLETED,0,low risk,MISSING,OBSERVATIONAL,OTHER,ALL,ACTUAL,642.0,6.466144724237619,1,1,3,1,857,512,2012.0,0,0,1,0,0,0
NCT05321290,Robotic Therapy Program for the Arm After Stroke,COMPLETED,0,low risk,MISSING,INTERVENTIONAL,OTHER,ALL,ACTUAL,9.0,2.302585092994046,1,1,0,0,710,1123,2015.0,0,1,1,0,0,0
NCT01331590,Disrupting the Bone Marrow Microenvironment With G-CSF in Acute Lymphoblastic Leukemia,COMPLETED,0,low risk,EARLY_PHASE1,INTERVENTIONAL,OTHER,ALL,ACTUAL,13.0,2.6390573296152584,1,5,2,1,1210,234,2011.0,0,1,0,0,0,0
NCT00220090,DARWIN Study: A Randomization/Withdrawal Efficacy Study of Dexloxiglumide in Constipation-Predominant Irritable Bowel Syndrome (C-IBS),COMPLETED,0,low risk,PHASE3,INTERVENTIONAL,INDUSTRY,ALL,MISSING,,,1,1,1,1,216,2468,2003.0,1,1,0,0,0,0
NCT02656290,COMMENCE Pulmonary: Clinical Evaluation of Edwards Pericardial Aortic Bioprosthesis (Model 11000A) for Pulmonary Valve Replacement,COMPLETED,0,low risk,MISSING,INTERVENTIONAL,INDUSTRY,ALL,ACTUAL,26.0,3.295836866004329,3,1,1,1,3094,278,2015.0,0,0,1,0,0,0
NCT06747897,An Observational Study to Gather Real-World User Feedback on DIPROBASE® Advanced Eczema Cream in Adults and Children With Eczema or Dry Skin,COMPLETED,0,low risk,MISSING,OBSERVATIONAL,INDUSTRY,ALL,ACTUAL,300.0,5.707110264748875,1,1,1,1,627,1713,2024.0,0,1,1,0,0,0
NCT06108297,Lithium Long COVID Dose-finding Study,COMPLETED,0,low risk,PHASE1,INTERVENTIONAL,OTHER,ALL,ACTUAL,5.0,1.791759469228055,1,1,1,1,1305,198,2023.0,1,1,0,0,0,0
NCT05156697,ACTivating Fat OXidation Through Capsinoids,COMPLETED,0,low risk,MISSING,INTERVENTIONAL,OTHER,MALE,ACTUAL,30.0,3.4339872044851463,1,2,2,1,816,1305,2019.0,1,1,1,0,0,0
NCT03630497,BN201 SAD MAD Study in Healthy Subjects,COMPLETED,0,low risk,PHASE1,INTERVENTIONAL,INDUSTRY,ALL,ACTUAL,48.0,3.8918202981106265,2,1,1,1,6133,1264,2018.0,1,1,0,0,0,0
NCT05237297,"Study to Evaluate Pharmacokinetic Drug Interactions and Safety of Naproxen, Aceclofenac, Celecoxib and Ilaprazole",COMPLETED,0,low risk,PHASE1,INTERVENTIONAL,INDUSTRY,ALL,ACTUAL,72.0,4.290459441148391,1,4,1,1,5372,135,2022.0,0,1,0,0,0,0
NCT00100997,17-N-Allylamino-17-Demethoxygeldanamycin in Treating Patients With Chronic Phase Chronic Myelogenous Leukemia That Did Not Respond to Imatinib Mesylate,COMPLETED,0,low risk,PHASE1,INTERVENTIONAL,OTHER,ALL,MISSING,,,1,1,1,1,3408,538,2004.0,0,1,0,0,0,0
NCT07269197,Association of SGLT2 Inhibitors Therapy With Elastographic and Molecular Markers of Liver Injury in Type 2 Diabetes,COMPLETED,0,low risk,MISSING,OBSERVATIONAL,OTHER,ALL,ACTUAL,67.0,4.219507705176107,2,1,1,1,1419,923,2024.0,0,1,1,0,0,0
NCT00401297,Th1/Th2 Polarization and Linkage to L. Viannia Infection Outcomes,COMPLETED,0,low risk,MISSING,OBSERVATIONAL,OTHER,ALL,ACTUAL,122.0,4.812184355372417,1,0,1,1,1966,718,2006.0,0,1,1,0,0,0
NCT00731510,MEDEX Hidden Valley 2008,COMPLETED,0,low risk,MISSING,INTERVENTIONAL,OTHER,ALL,ACTUAL,44.0,3.8066624897703196,1,2,1,1,181,545,2008.0,0,1,1,0,0,0
NCT07122310,Comparative Study of a 1064-nm Fractional Picosecond Laser Versus IPL in Facial Rejuvenation,COMPLETED,0,low risk,MISSING,INTERVENTIONAL,OTHER,FEMALE,ACTUAL,38.0,3.6635616461296463,3,2,1,1,982,947,2021.0,0,1,1,0,0,0
NCT00371410,"Sequentially Combined Vitrectomy, IVTA and Macular Focal Laser Photocoagulation for Diabetic Macular Edema",COMPLETED,0,low risk,PHASE1,INTERVENTIONAL,OTHER,ALL,MISSING,,,1,3,1,1,408,606,2005.0,0,1,0,0,0,0
NCT01085110,Persistent Pain After Laparoscopic Inguinal Hernia Repair,COMPLETED,0,low risk,MISSING,OBSERVATIONAL,OTHER,MALE,ACTUAL,11.0,2.4849066497880004,3,0,1,1,356,184,2010.0,0,1,1,0,0,0
NCT00337610,Sitagliptin Metformin Add-on Study in Patients With Type 2 Diabetes Mellitus,COMPLETED,0,low risk,PHASE3,INTERVENTIONAL,INDUSTRY,ALL,ACTUAL,190.0,5.25227342804663,1,2,0,0,580,183,2006.0,1,1,0,0,0,0
NCT04387110,Ocrelizumab in Breastmilk,COMPLETED,0,low risk,MISSING,OBSERVATIONAL,OTHER,FEMALE,ACTUAL,30.0,3.4339872044851463,2,1,1,1,783,597,2020.0,0,1,1,0,0,0
NCT04751110,Ultrasound Guided Rhomboid Intercostal Block for Myofascial Pain Syndrome,COMPLETED,0,low risk,MISSING,INTERVENTIONAL,OTHER,ALL,ACTUAL,30.0,3.4339872044851463,1,1,1,1,338,797,2021.0,0,1,1,0,0,0
NCT04790110,7 Year Follow up Analysis on the Speed of Progression of Tooth Wear Using 3D Subtraction,COMPLETED,0,low risk,MISSING,OBSERVATIONAL,OTHER,ALL,ACTUAL,55.0,4.02535169073515,3,0,1,1,442,317,2011.0,0,1,1,0,0,0
NCT04389710,Convalescent Plasma for the Treatment of COVID-19,COMPLETED,0,low risk,PHASE2,INTERVENTIONAL,OTHER,ALL,ACTUAL,52.0,3.970291913552122,1,1,1,1,1002,882,2020.0,0,1,0,0,0,0
NCT04542213,Dipeptidyl Peptidase-4 Inhibitor (DPP4i) for the Control of Hyperglycemia in Patients With COVID-19,COMPLETED,0,low risk,PHASE3,INTERVENTIONAL,OTHER,ALL,ACTUAL,70.0,4.2626798770413155,2,2,1,1,387,904,2020.0,0,1,0,0,0,0
NCT06121713,Effect of Green Coffee Extract Combined With Alpha-Lipoic Acid on Blood Glucose Homeostasis in Healthy Adults,COMPLETED,0,low risk,MISSING,INTERVENTIONAL,OTHER,ALL,ACTUAL,20.0,3.044522437723423,1,3,1,1,758,1178,2024.0,1,1,1,0,0,0
NCT01160913,Optimal Site of Administration for Continuous Wound Infusion After Cesarean Section,COMPLETED,0,low risk,PHASE3,INTERVENTIONAL,OTHER,FEMALE,ACTUAL,56.0,4.04305126783455,1,2,1,1,183,324,2007.0,0,1,0,0,0,0
NCT05573113,Comparative Effectiveness Trial for Diagnosis of Necrotizing Enterocolitis,COMPLETED,0,low risk,MISSING,INTERVENTIONAL,OTHER,ALL,ACTUAL,169.0,5.135798437050262,1,2,2,1,311,126,2022.0,0,0,1,0,0,0
NCT00605813,Special Investigation Of Long Term Use Of Sertraline.,COMPLETED,0,low risk,MISSING,OBSERVATIONAL,INDUSTRY,ALL,ACTUAL,542.0,6.297109319933935,2,1,0,0,254,422,2007.0,0,0,1,0,0,0
NCT03937713,Effectiveness of Combining Behavioral and Pharmacologic Therapy for Complex Insomnia in Veterans With PTSD,COMPLETED,0,low risk,PHASE4,INTERVENTIONAL,FED,ALL,ACTUAL,53.0,3.9889840465642745,1,2,1,1,1664,719,2019.0,0,1,0,0,0,0
NCT03897660,MaxSimil and Vitamin K2: Determining Their Bioavailability,COMPLETED,0,low risk,MISSING,INTERVENTIONAL,OTHER,ALL,ACTUAL,22.0,3.1354942159291497,1,3,1,1,2434,2467,2019.0,0,1,1,0,0,0
NCT01154660,Effects of Increased Tidal Volume on Internal Jugular Vein Cross-sectional Area,COMPLETED,0,low risk,MISSING,INTERVENTIONAL,OTHER,ALL,ACTUAL,40.0,3.713572066704308,2,1,1,1,214,334,2010.0,0,1,1,0,0,0
NCT03428360,Safety and Tolerability Study of Diazepam Buccal Film (DBF) in Subjects With Epilepsy,COMPLETED,0,low risk,PHASE3,INTERVENTIONAL,INDUSTRY,ALL,ACTUAL,149.0,5.0106352940962555,1,1,6,1,4395,370,2018.0,1,0,0,0,0,0
NCT02063360,DDI Study of BMS-663068 With Etravirine (ETR) and/or Darunavir (DVR) + Ritonavir (RTV),COMPLETED,0,low risk,PHASE1,INTERVENTIONAL,INDUSTRY,ALL,ACTUAL,42.0,3.7612001156935624,1,4,0,0,590,150,2014.0,0,1,0,0,0,0
NCT04655560,Understanding Barriers and Facilitators to the Participation of Women Living With HIV in Clinical Trials : a Mixed-method Study (EVA),COMPLETED,0,low risk,MISSING,OBSERVATIONAL,OTHER,FEMALE,ACTUAL,20.0,3.044522437723423,1,1,1,1,374,645,2020.0,0,1,1,0,0,0
NCT05695560,A Survey to Describe the Experience and Unmet Needs of Persons Living With Von Willebrand Disease (VWD) and Their Caregivers,COMPLETED,0,low risk,MISSING,OBSERVATIONAL,INDUSTRY,ALL,ACTUAL,12.0,2.5649493574615367,1,1,1,1,1889,712,2023.0,0,0,1,0,0,0
NCT05654220,Linking Emergency Department Patients to Assistance Programs Study,COMPLETED,0,low risk,MISSING,INTERVENTIONAL,OTHER,ALL,ACTUAL,161.0,5.087596335232384,1,1,1,1,1507,858,2023.0,0,1,1,0,0,0
NCT05807620,A 12 Week Study to Evaluate the Efficacy of an Eye Cream,COMPLETED,0,low risk,MISSING,INTERVENTIONAL,INDUSTRY,FEMALE,ACTUAL,40.0,3.713572066704308,4,3,1,1,474,339,2022.0,0,1,1,0,0,0
NCT03896360,Study of the Food Order Behavioral Intervention in Prediabetes,COMPLETED,0,low risk,MISSING,INTERVENTIONAL,OTHER,ALL,ACTUAL,79.0,4.382026634673881,2,2,1,1,1171,404,2019.0,0,1,1,0,0,0
NCT00963560,Presbyopia-Correcting Intraocular Lenses (IOLs),COMPLETED,0,low risk,PHASE4,INTERVENTIONAL,INDUSTRY,ALL,ACTUAL,132.0,4.890349128221754,1,3,1,1,229,201,2009.0,0,1,0,0,0,0
NCT02298920,AZD0914 Phase 1 ADME Study in Healthy Volunteers,COMPLETED,0,low risk,PHASE1,INTERVENTIONAL,INDUSTRY,MALE,ESTIMATED,6.0,1.9459101490553132,1,1,2,1,1890,116,2015.0,0,1,0,0,0,0
NCT06461520,Effects of Maze Balance Board Training on Balance in Children With Hearing Impairment.,COMPLETED,0,low risk,MISSING,INTERVENTIONAL,OTHER,ALL,ACTUAL,36.0,3.6109179126442243,1,2,1,1,558,1071,2024.0,0,0,1,0,0,0
NCT03623620,Preventing Depressive Relapse in Pregnant Women With Recurrent Depression,COMPLETED,0,low risk,MISSING,INTERVENTIONAL,OTHER,FEMALE,ACTUAL,500.0,6.2166061010848646,3,1,2,1,2276,476,2019.0,0,1,1,0,0,0
NCT00438620,The Feasibility of Physical Activity in Advanced Cancer Patients,COMPLETED,0,low risk,MISSING,OBSERVATIONAL,OTHER,ALL,ACTUAL,30.0,3.4339872044851463,1,1,1,1,423,397,2006.0,0,1,1,0,0,0
NCT02936349,Graded TTCE for Post-Embolization PAVM Monitoring,COMPLETED,0,low risk,MISSING,OBSERVATIONAL,OTHER,ALL,ACTUAL,32.0,3.4965075614664802,1,1,1,1,529,477,2016.0,0,1,1,0,0,0
NCT00002347,The Safety and Effectiveness of Retrovir Plus HIVID Combined With Either Nevirapine or Invirase in the Treatment of HIV Infection,COMPLETED,0,low risk,PHASE2,INTERVENTIONAL,INDUSTRY,ALL,MISSING,225.0,5.420534999272286,1,4,1,1,2327,559,,0,0,0,0,0,0
NCT02083549,Evaluating URMC's Massive Transfusion Protocol,COMPLETED,0,low risk,MISSING,OBSERVATIONAL,OTHER,ALL,ACTUAL,2.0,1.0986122886681098,3,1,1,1,183,1115,2013.0,0,1,1,0,0,0
NCT01081249,Effects of Oxytocin on Behavior and Physiology in a Psychotherapy Setting,COMPLETED,0,low risk,PHASE4,INTERVENTIONAL,INDIV,MALE,ACTUAL,18.0,2.9444389791664403,2,2,1,1,250,409,2008.0,1,1,0,0,0,0
NCT03239249,The Cluster-randomized Evaluation of the IKO-model,COMPLETED,0,low risk,MISSING,INTERVENTIONAL,OTHER,ALL,ACTUAL,7678.0,8.946244609330543,1,2,42,1,268,1421,2016.0,0,0,1,0,0,0
NCT02400749,Apremilast in Palmo-Plantar Psoriasis,COMPLETED,0,low risk,PHASE4,INTERVENTIONAL,OTHER,ALL,ACTUAL,100.0,4.61512051684126,1,2,11,2,3823,1907,2015.0,1,1,0,0,0,0
NCT00089349,Alemtuzumab With or Without Methotrexate and Mercaptopurine in Treating Young Patients With Relapsed Acute Lymphoblastic Leukemia,COMPLETED,0,low risk,PHASE2,INTERVENTIONAL,NIH,ALL,ACTUAL,25.0,3.258096538021482,1,3,1,1,2303,586,2004.0,0,0,0,0,0,0
NCT01275638,The Effect of Moderate-Dose Steroid Therapy in Sepsis,COMPLETED,0,low risk,PHASE4,INTERVENTIONAL,OTHER,ALL,ACTUAL,55.0,4.02535169073515,1,1,0,0,470,309,2005.0,0,0,0,0,0,0
NCT03437538,Reduction Ratio and Clearance During Hemodialysis With MCO-filter Compared to HDF With Standard High-flux Filter,COMPLETED,0,low risk,MISSING,INTERVENTIONAL,OTHER,ALL,ACTUAL,18.0,2.9444389791664403,3,2,1,1,175,455,2018.0,0,1,1,0,0,0
NCT01400438,Experience of the Patient Treated With Trastuzumab (Herceptin ®) as Adjuvant for Breast Cancer,COMPLETED,0,low risk,MISSING,INTERVENTIONAL,OTHER,FEMALE,ACTUAL,70.0,4.2626798770413155,1,2,1,1,1320,842,2011.0,0,1,1,0,0,0
NCT07310238,Dual-Task Improvement in Parkinson's Via rTMS,COMPLETED,0,low risk,MISSING,INTERVENTIONAL,OTHER,ALL,ACTUAL,41.0,3.7376696182833684,4,2,1,1,522,925,2022.0,0,1,1,0,0,0
NCT05195138,Mindfulness-Based Diabetes Education for Adults With Elevated Diabetes Distress,COMPLETED,0,low risk,MISSING,INTERVENTIONAL,OTHER,ALL,ACTUAL,36.0,3.6109179126442243,1,2,1,1,750,522,2023.0,0,1,1,0,0,0
NCT02036658,Emotion Regulation During RCT of CBT vs. MBSR for Social Anxiety Disorder,COMPLETED,0,low risk,MISSING,INTERVENTIONAL,OTHER,ALL,ACTUAL,108.0,4.6913478822291435,1,2,1,1,733,216,2011.0,0,1,1,0,0,0
NCT04760158,Comparison of New Technique Taping and Placebo Taping on Patellofemoral Pain Syndrome: A Randomised Controlled Study,COMPLETED,0,low risk,MISSING,INTERVENTIONAL,OTHER,ALL,ACTUAL,39.0,3.6888794541139363,1,1,1,1,961,607,2019.0,1,1,1,0,0,0
NCT02798458,Evaluation of the Gastrointestinal Manifestation of Fabry's Disease,COMPLETED,0,low risk,MISSING,INTERVENTIONAL,OTHER,ALL,ACTUAL,48.0,3.8918202981106265,1,2,1,1,1617,685,2016.0,0,1,1,0,0,0
NCT00339248,Markers for Breast Cancer,COMPLETED,0,low risk,MISSING,OBSERVATIONAL,NIH,FEMALE,MISSING,2632.0,7.87587915949631,1,0,1,1,887,1393,2004.0,0,0,1,0,0,0
NCT02937948,Adaptative Radiotherapy for Locally Advanced Cervical Cancer,COMPLETED,0,low risk,MISSING,INTERVENTIONAL,OTHER,FEMALE,ACTUAL,85.0,4.454347296253507,1,2,12,1,1089,285,2017.0,0,1,1,0,0,0
NCT03231748,Clearance of Inflammatory Cytokines During Renal Replacement Therapy Using the EMIC®2 Filter,COMPLETED,0,low risk,MISSING,OBSERVATIONAL,OTHER,ALL,ACTUAL,12.0,2.5649493574615367,1,0,1,1,440,293,2017.0,0,1,1,0,0,0
NCT00551148,"A Dose-ranging, Multicenter Polysomnography Trial of PD 0200390 in Adults With Primary Insomnia",COMPLETED,0,low risk,PHASE2,INTERVENTIONAL,INDUSTRY,ALL,ACTUAL,92.0,4.532599493153256,1,5,16,1,1062,129,2007.0,1,1,0,0,0,0
NCT01228448,In-Room PET in Proton Radiation Therapy,COMPLETED,0,low risk,MISSING,INTERVENTIONAL,OTHER,ALL,ACTUAL,59.0,4.0943445622221,3,1,1,1,401,380,2010.0,0,1,1,0,0,0
NCT04257448,Safety and Tolerance of Epigenetic and Immunomodulating Drugs Combined With Chemotherapeutics in Patients Suffering From Advanced Pancreatic Cancer,COMPLETED,0,low risk,PHASE1; PHASE2,INTERVENTIONAL,OTHER,ALL,ACTUAL,75.0,4.330733340286331,3,6,9,1,5440,441,2020.0,0,1,0,0,0,0
NCT00539448,"Gulf, Lantus, Apidra Evaluation in Type 1 Diabetics Study",COMPLETED,0,low risk,PHASE4,INTERVENTIONAL,INDUSTRY,ALL,ACTUAL,98.0,4.59511985013459,1,2,4,4,849,373,2007.0,0,1,0,0,0,0
NCT02684448,Evaluation of Clinical Outcomes in Robotic-Assisted Inguinal Hernia Repair,COMPLETED,0,low risk,MISSING,OBSERVATIONAL,INDUSTRY,ALL,ACTUAL,1258.0,7.138073034044347,3,1,2,1,950,606,2016.0,0,1,1,0,0,0
NCT04447248,qCTG and Doppler Ultrasound in the Detection of Hypoxia Among FGR Fetuses,COMPLETED,0,low risk,MISSING,OBSERVATIONAL,OTHER,FEMALE,ACTUAL,1714.0,7.44716835960004,1,1,0,0,601,261,2011.0,0,1,1,0,0,0
NCT01693848,"""Cancersensor"" Metastasis Resection",COMPLETED,0,low risk,MISSING,OBSERVATIONAL,OTHER_GOV,ALL,ACTUAL,10.0,2.3978952727983707,1,0,1,1,915,219,2012.0,0,1,1,0,0,0
NCT01550848,A Phase II Study of Abraxane Gemcitabine Combination in Patients With Metastatic Breast Cancer,COMPLETED,0,low risk,PHASE2,INTERVENTIONAL,OTHER,FEMALE,ESTIMATED,84.0,4.442651256490317,1,1,1,1,1064,151,2012.0,0,1,0,0,0,0
NCT00193648,Pilot Studies of Novel Therapies to Treat Resistant Focal Segmental Glomerulosclerosis (FSGS),COMPLETED,0,low risk,PHASE1,INTERVENTIONAL,OTHER,ALL,ACTUAL,21.0,3.091042453358316,1,2,2,1,2702,1316,2005.0,0,0,0,0,0,0
NCT07449455,Assessing the Effect of Staff Education on Unused Peripheral Venous Catheter Rates in Emergency Departments.,COMPLETED,0,low risk,MISSING,OBSERVATIONAL,OTHER,ALL,ACTUAL,516.0,6.248042874508429,1,1,1,1,397,819,2024.0,0,1,1,0,0,0
NCT01550055,Study of CMAB009 to Treat KRAS Wild Type Metastatic Colorectal Cancer,COMPLETED,0,low risk,PHASE2; PHASE3,INTERVENTIONAL,INDUSTRY,ALL,ACTUAL,512.0,6.240275845170769,1,2,0,0,1109,259,2009.0,0,1,0,0,0,0
NCT01371955,Impact of c242T Polymorphism of p22phox in Diabetic type1 Nephropathy,COMPLETED,0,low risk,MISSING,OBSERVATIONAL,OTHER,ALL,ACTUAL,162.0,5.093750200806762,2,0,1,1,194,888,2011.0,0,1,1,0,0,0
NCT00933855,Patient Communication Training Intervention,COMPLETED,0,low risk,MISSING,OBSERVATIONAL,OTHER,ALL,ACTUAL,32.0,3.4965075614664802,1,1,1,1,482,142,2009.0,0,1,1,0,0,0
NCT00974155,The Early Medication Change (EMC) Trial,COMPLETED,0,low risk,PHASE4,INTERVENTIONAL,OTHER,ALL,ACTUAL,889.0,6.7912214627261855,1,2,1,1,3443,355,2009.0,0,1,0,0,0,0
NCT05946655,Diagnostics of Chronic Endometritis in Infertility,COMPLETED,0,low risk,MISSING,INTERVENTIONAL,OTHER,FEMALE,ACTUAL,102.0,4.634728988229636,3,1,1,1,387,1014,2021.0,0,1,1,0,0,0
NCT02372747,Comparison of Delta-Shaped and Billroth II After TLDG,COMPLETED,0,low risk,MISSING,INTERVENTIONAL,OTHER,ALL,ACTUAL,78.0,4.3694478524670215,1,2,0,0,440,165,2012.0,0,0,1,0,0,0
NCT03781349,TENS of MENS for Rotator Cuff Tear,COMPLETED,0,low risk,MISSING,INTERVENTIONAL,OTHER,ALL,ACTUAL,42.0,3.7612001156935624,1,2,1,1,640,202,2015.0,0,1,1,0,0,0
NCT00462449,Efficacy of Functional Electrical Stimulation (FES) in Persons Receiving Botulinum Neurotoxin for Upper Extremity Spasticity,COMPLETED,0,low risk,MISSING,INTERVENTIONAL,OTHER,ALL,ACTUAL,23.0,3.1780538303479458,3,1,1,1,2806,1478,2007.0,0,1,1,0,0,0
NCT00869349,Living Well With Rheumatoid Arthritis,COMPLETED,0,low risk,MISSING,INTERVENTIONAL,OTHER,ALL,ACTUAL,79.0,4.382026634673881,1,2,1,1,361,598,2008.0,0,1,1,0,0,0
NCT02217449,Virtual Chromoendoscopy for Distal Polyps,COMPLETED,0,low risk,MISSING,OBSERVATIONAL,OTHER,ALL,ACTUAL,230.0,5.442417710521793,1,1,1,1,225,142,2011.0,0,1,1,0,0,0
NCT00311649,Open Label Evaluation of H5N1 Vaccine at Vaccine Manufacturing Facilities,COMPLETED,0,low risk,PHASE1; PHASE2,INTERVENTIONAL,NIH,ALL,ACTUAL,83.0,4.430816798843313,1,1,1,1,1984,999,2005.0,0,1,0,0,0,0
NCT01537549,Alpha-lipoic Acid/L-acetyl Carnitine for Progressive Supranuclear Palsy,COMPLETED,0,low risk,PHASE1; PHASE2,INTERVENTIONAL,OTHER,ALL,ACTUAL,11.0,2.4849066497880004,1,1,1,1,637,547,2010.0,0,1,0,0,0,0
NCT02460549,Feasibility Study of an Intervention Therapeutic Education for Patients Treated With Androgen Deprivation,COMPLETED,0,low risk,MISSING,INTERVENTIONAL,OTHER,MALE,ACTUAL,9.0,2.302585092994046,1,1,2,1,660,472,2014.0,0,1,1,0,0,0
NCT00314249,Study of Milnacipran for the Treatment of Fibromyalgia,COMPLETED,0,low risk,PHASE3,INTERVENTIONAL,INDUSTRY,ALL,ACTUAL,1025.0,6.933423025730715,1,2,24,1,356,196,2006.0,1,1,0,0,0,0
NCT04734938,The Effect on Micronutrient Status of a Diet of 100% Huel,COMPLETED,0,low risk,MISSING,INTERVENTIONAL,OTHER,ALL,ACTUAL,30.0,3.4339872044851463,1,1,1,1,434,444,2020.0,0,1,1,0,0,0
NCT02496949,A Phase Ib Study to Assess Safety and Efficacy of Oral Icaritin in Advanced Solid Tumors,COMPLETED,0,low risk,PHASE1,INTERVENTIONAL,OTHER,ALL,ACTUAL,28.0,3.367295829986474,1,1,1,1,2568,143,2011.0,0,1,0,0,0,0
NCT00636649,Escitalopram Treatment of Night Eating Syndrome,COMPLETED,0,low risk,MISSING,INTERVENTIONAL,OTHER,ALL,ACTUAL,40.0,3.713572066704308,1,2,2,1,694,208,2008.0,1,1,1,0,0,0
NCT03535558,Fluoroquinolone Associated Disability,COMPLETED,0,low risk,MISSING,OBSERVATIONAL,INDUSTRY,ALL,ACTUAL,239306.0,12.38550252545359,3,3,1,1,756,635,2018.0,0,1,1,0,0,0
NCT06369558,Plyometric Exercise Training in Athletes With Chronic Low Back Pain,COMPLETED,0,low risk,MISSING,INTERVENTIONAL,OTHER,ALL,ACTUAL,32.0,3.4965075614664802,1,2,1,1,316,191,2024.0,0,1,1,0,0,0
NCT00344526,Intensive Versus Conventional Treatment in Patients With Primary Amyloidosis,COMPLETED,0,low risk,PHASE3,INTERVENTIONAL,OTHER,ALL,MISSING,100.0,4.61512051684126,1,3,8,1,312,496,2000.0,0,1,0,0,0,0
NCT03011658,Serum Cortisol Levels in Patients With Anxiety and Depression With Symptomatic Oral Lichen Planus,COMPLETED,0,low risk,MISSING,INTERVENTIONAL,OTHER,ALL,ACTUAL,60.0,4.110873864173311,1,1,1,1,365,1251,2016.0,0,1,1,0,0,0
NCT01206426,Genetic Determinants of Response to Neoadjuvant Cisplatin-based Chemotherapy in Urothelial Cancer,COMPLETED,0,low risk,MISSING,OBSERVATIONAL,OTHER,ALL,ACTUAL,79.0,4.382026634673881,1,0,1,1,723,350,2009.0,0,1,1,0,0,0
NCT03848026,Tympanostomy Tube Extrusion Time & Viscosity,COMPLETED,0,low risk,MISSING,OBSERVATIONAL,OTHER,ALL,ACTUAL,33.0,3.5263605246161616,1,2,1,1,370,625,2018.0,0,0,1,0,0,0
NCT01645748,"Docetaxel, Cisplatin, and S-1 (TPS) Induction Chemotherapy in Locally Advanced Head and Neck Cancer",COMPLETED,0,low risk,PHASE2,INTERVENTIONAL,OTHER,ALL,ACTUAL,35.0,3.58351893845611,1,3,1,1,633,248,2008.0,0,1,0,0,0,0
NCT03066778,A Study of Pembrolizumab (MK-3475) in Combination With Etoposide/Platinum (Cisplatin or Carboplatin) for Participants With Extensive Stage Small Cell Lung Cancer (MK-3475-604/KEYNOTE-604),COMPLETED,0,low risk,PHASE3,INTERVENTIONAL,INDUSTRY,ALL,ACTUAL,453.0,6.118097198041348,1,5,148,19,5395,1062,2017.0,1,1,0,0,0,0
NCT00908726,Population Pharmacokinetics/Pharmacodynamics (PK/PD) of Microemulsion Propofol in Healthy Volunteers,COMPLETED,0,low risk,PHASE1,INTERVENTIONAL,OTHER,ALL,ACTUAL,63.0,4.1588830833596715,1,1,1,1,416,1228,2009.0,0,1,0,0,0,0
NCT05783726,Testing Product Messages in Colombia,COMPLETED,0,low risk,MISSING,INTERVENTIONAL,OTHER,ALL,ACTUAL,8086.0,8.998013113095823,1,4,1,1,195,649,2023.0,0,1,1,0,0,0
NCT05492526,The Use of Contextualised Body Data in Cardiac Rehabilitation (CR),COMPLETED,0,low risk,MISSING,INTERVENTIONAL,OTHER_GOV,ALL,ACTUAL,130.0,4.875197323201151,1,2,1,1,460,138,2021.0,0,0,1,0,0,0
NCT00925626,Sub-Vastus Versus Mid-Vastus Arthrotomy for Total Knee Arthroplasty: a Randomized Clinical Trial,COMPLETED,0,low risk,MISSING,INTERVENTIONAL,OTHER,ALL,ACTUAL,100.0,4.61512051684126,1,2,1,1,308,201,2009.0,0,1,1,0,0,0
NCT05250726,"Use of a Treated, Devitalized and Sterile Meniscus Segment (MENISC-T) in the Treatment of Scaphotrapeziotrapezoid Osteoarthritis",COMPLETED,0,low risk,PHASE2,INTERVENTIONAL,INDUSTRY,ALL,ACTUAL,14.0,2.70805020110221,1,1,1,1,1028,208,2021.0,0,1,0,0,0,0
NCT02270138,An Experimental Study on Music and Sedentariness Among Mothers and Children,COMPLETED,0,low risk,MISSING,INTERVENTIONAL,OTHER,FEMALE,ACTUAL,150.0,5.017279836814924,1,1,1,1,334,1661,2014.0,0,0,1,0,0,0
NCT03466047,The Effect of Macronutrients on Satiety and Gut Hormone Responses,COMPLETED,0,low risk,MISSING,INTERVENTIONAL,OTHER,ALL,ACTUAL,8.0,2.1972245773362196,1,6,1,1,649,944,2018.0,0,1,1,0,0,0
NCT00190047,Effects Of DP-b99 On Neurological Function In Subjects With Acute Ischemic Hemispheric Stroke,COMPLETED,0,low risk,PHASE2,INTERVENTIONAL,INDUSTRY,ALL,MISSING,150.0,5.017279836814924,3,1,22,2,2757,145,2005.0,0,1,0,0,0,0
NCT02573649,The Tilt Test-Induced REsponse in Closed-loop Stimulation (TIRECS) Study,COMPLETED,0,low risk,MISSING,INTERVENTIONAL,OTHER,ALL,ACTUAL,30.0,3.4339872044851463,1,2,2,1,304,372,2015.0,0,1,1,0,0,0
NCT02725749,Low Level Laser Therapy Associated With Exercise in Subacromial Impingement Syndrome,COMPLETED,0,low risk,PHASE4,INTERVENTIONAL,OTHER,ALL,ACTUAL,60.0,4.110873864173311,1,3,0,0,577,1172,2013.0,1,1,0,0,0,0
NCT01518049,Clinical Validation of the Rating Scale for Psychotic Depression (RAS-PD),COMPLETED,0,low risk,MISSING,OBSERVATIONAL,OTHER,ALL,ACTUAL,50.0,3.9318256327243257,1,0,1,1,272,378,2012.0,0,1,1,0,0,0
NCT00485849,A Study of Atomoxetine for Attention Deficit and Hyperactive/Impulsive Behaviour Problems in Children With ASD,COMPLETED,0,low risk,PHASE4,INTERVENTIONAL,INDUSTRY,ALL,ACTUAL,12.0,2.5649493574615367,1,1,1,1,1273,285,2004.0,0,0,0,0,0,0
NCT03442049,Effects of Core Stability Training on Gait in Multiple Sclerosis Patients,COMPLETED,0,low risk,MISSING,INTERVENTIONAL,OTHER,ALL,ACTUAL,68.0,4.23410650459726,2,2,0,0,519,910,2015.0,0,1,1,0,0,0
NCT01720758,Assessment of the V600E Mutation in the B-RAF Gene in Chronic Lymphoproliferative Disease,COMPLETED,0,low risk,MISSING,OBSERVATIONAL,OTHER,ALL,ACTUAL,20.0,3.044522437723423,2,0,0,0,141,528,2012.0,0,1,1,0,0,0
NCT00257426,Octreotide in Treating Patients With Locally Advanced or Metastatic Liver Cancer,COMPLETED,0,low risk,PHASE2,INTERVENTIONAL,OTHER,ALL,ACTUAL,31.0,3.4657359027997265,1,1,1,1,1607,255,2005.0,0,1,0,0,0,0
NCT00517426,Effects of Acetazolamide and CO2 Inhalation on Exercise-induced Periodic Breathing in Heart Failure,COMPLETED,0,low risk,PHASE4,INTERVENTIONAL,OTHER,ALL,ACTUAL,20.0,3.044522437723423,1,1,1,1,165,358,2007.0,0,1,0,0,0,0
NCT01805726,Sedation During Bronchoscopy:Dexmedetomidine vs Alfentanil,COMPLETED,0,low risk,PHASE3,INTERVENTIONAL,OTHER,ALL,ACTUAL,162.0,5.093750200806762,2,3,1,1,346,878,2013.0,0,1,0,0,0,0
NCT03064126,RANGER™ Paclitaxel Coated Balloon vs Standard Balloon Angioplasty,COMPLETED,0,low risk,PHASE3,INTERVENTIONAL,INDUSTRY,ALL,ACTUAL,440.0,6.089044875446846,5,3,67,6,3316,451,2017.0,0,1,0,0,0,0
NCT01713348,Sensor and Software Use for Improved Glucose Control in MDI Managed Diabetes,COMPLETED,0,low risk,PHASE4,INTERVENTIONAL,INDUSTRY,ALL,ACTUAL,105.0,4.663439094112067,1,2,9,1,1314,452,2012.0,0,1,0,0,0,0
NCT02674126,The Efficacy of Maternal Sound for Pediatric Patients Undergoing Cardiac Surgery,COMPLETED,0,low risk,PHASE2,INTERVENTIONAL,OTHER,ALL,ACTUAL,106.0,4.672828834461906,1,2,1,1,269,490,2016.0,0,0,0,0,0,0
NCT03468426,A Study to Test Different Doses of BI 836880 Combined With Ezabenlimab in Patients With Advanced Non-small Cell Lung Cancer Followed by Other Types of Advanced Solid Tumours,COMPLETED,0,low risk,PHASE1,INTERVENTIONAL,INDUSTRY,ALL,ACTUAL,252.0,5.53338948872752,2,2,43,12,13123,1291,2018.0,0,1,0,0,0,0
NCT04679649,Physiotherapy of Axial Spondyloarthritis,COMPLETED,0,low risk,MISSING,INTERVENTIONAL,OTHER,ALL,ACTUAL,38.0,3.6635616461296463,1,1,2,1,935,1997,2021.0,0,1,1,0,0,0
NCT01052649,Gene Expression Monitoring of Mononuclear Cells (MNC) Subpopulations and Immunological Status and Metabolome Defining of Healthy Population,COMPLETED,0,low risk,MISSING,OBSERVATIONAL,OTHER_GOV,ALL,MISSING,,,3,1,1,1,111,358,2008.0,0,1,1,0,0,0
NCT05427149,The Effect of Intrathecal Magnesium Sulfate on Shivering,COMPLETED,0,low risk,MISSING,INTERVENTIONAL,OTHER,FEMALE,ACTUAL,120.0,4.795790545596741,3,1,1,1,425,174,2022.0,0,1,1,0,0,0
NCT03066349,IVM Versus IVF: Differences in Patients' Emotional Adjustment and Quality of Life,COMPLETED,0,low risk,MISSING,OBSERVATIONAL,OTHER,FEMALE,ACTUAL,149.0,5.0106352940962555,4,1,1,1,706,2309,2017.0,0,1,1,0,0,0
NCT01359449,Study of Two Doses of Menactra® or One Dose of Monovalent Meningococcal Group C Vaccine With Routine Immunizations,COMPLETED,0,low risk,PHASE3,INTERVENTIONAL,INDUSTRY,ALL,ACTUAL,123.0,4.820281565605037,2,2,1,1,2821,1004,2011.0,0,0,0,0,0,0
NCT02352558,"A Study of BBI608 in Adult Patients With Advanced, Refractory Hematologic Malignancies",COMPLETED,0,low risk,PHASE1,INTERVENTIONAL,INDUSTRY,ALL,ACTUAL,15.0,2.772588722239781,1,5,8,1,1360,201,2015.0,0,1,0,0,0,0
NCT01371058,Study of Policosanol to Improve Platelet Reactivity After Percutaneous Coronary Stent Implantation (PCI),COMPLETED,0,low risk,PHASE4,INTERVENTIONAL,OTHER,ALL,ACTUAL,350.0,5.860786223465865,1,3,1,1,1100,753,2011.0,0,1,0,0,0,0
NCT01891058,Trial of Electrical Versus Pharmacological Cardioversion for RAFF in the ED,COMPLETED,0,low risk,MISSING,INTERVENTIONAL,OTHER,ALL,ACTUAL,396.0,5.983936280687191,2,1,10,1,2389,2090,2013.0,0,0,1,0,0,0
NCT03886948,A Study of Injections of LY3074828 in Healthy Participants,COMPLETED,0,low risk,PHASE1,INTERVENTIONAL,INDUSTRY,ALL,ACTUAL,66.0,4.204692619390966,1,3,1,1,1266,198,2019.0,0,1,0,0,0,0
NCT00857948,Dose Ranging Study of Ivermectin Treatment Conditioner in Subjects With Head Lice Infestation,COMPLETED,0,low risk,PHASE2,INTERVENTIONAL,INDUSTRY,ALL,ACTUAL,78.0,4.3694478524670215,1,2,1,1,2171,165,2009.0,1,0,0,0,0,0
NCT01822548,Effect of Vildagliptin vs. Glibenclamide on Circulating Endothelial Progenitor Cell Number Type 2 Diabetes,COMPLETED,0,low risk,PHASE3,INTERVENTIONAL,OTHER,ALL,ACTUAL,64.0,4.174387269895637,1,3,2,1,3514,295,2010.0,0,1,0,0,0,0
NCT03138148,Evaluation of the Patient-ventilator Asynchrony During Mechanical Ventilation for Pediatric Acute Respiratory Failure,COMPLETED,0,low risk,MISSING,OBSERVATIONAL,OTHER,ALL,ACTUAL,60.0,4.110873864173311,1,1,1,1,943,2433,2010.0,0,0,1,0,0,0
NCT04900948,Prevention of Development of Transcutaneous Sensitization in Children With Atopic Dermatitis During Their First Year of Life,COMPLETED,0,low risk,PHASE4,INTERVENTIONAL,OTHER_GOV,ALL,ACTUAL,108.0,4.6913478822291435,1,2,1,1,1313,341,2017.0,0,0,0,0,0,0
NCT05228548,Machine Learning Model for Perioperative Transfusion Prediction,COMPLETED,0,low risk,MISSING,OBSERVATIONAL,OTHER,ALL,ACTUAL,6121.0,8.719644119505357,2,1,1,1,124,111,2022.0,0,1,1,0,0,0
NCT05942326,Sleep Goal-focused Online Access to Lifestyle Support,COMPLETED,0,low risk,MISSING,INTERVENTIONAL,OTHER,FEMALE,ACTUAL,40.0,3.713572066704308,2,2,1,1,700,411,2023.0,0,1,1,0,0,0
NCT05609955,Effects Of Additional MgSO4 30 Mg/KgBW Intravenous and Ketorolac,COMPLETED,0,low risk,PHASE4,INTERVENTIONAL,OTHER,ALL,ACTUAL,48.0,3.8918202981106265,4,1,1,1,415,408,2022.0,0,1,0,0,0,0
NCT04598555,Study on Patterns of Care in Mild Asthmatic Patients,COMPLETED,0,low risk,MISSING,OBSERVATIONAL,INDUSTRY,ALL,ACTUAL,981.0,6.889591308354466,1,0,59,4,796,329,2021.0,0,1,1,0,0,0
NCT04878926,IV Sedation Plus TAP Block for Placement of Percutaneous Endoscopic Gastrostomy Tube,COMPLETED,0,low risk,MISSING,INTERVENTIONAL,OTHER_GOV,ALL,ACTUAL,60.0,4.110873864173311,1,2,1,1,353,944,2017.0,0,0,1,0,0,0
NCT04937478,Correlation of Ultrafiltered Volume (UFV) to Bioimpedance Changes,COMPLETED,0,low risk,MISSING,OBSERVATIONAL,INDUSTRY,ALL,ACTUAL,31.0,3.4657359027997265,1,1,2,1,211,243,2021.0,0,1,1,0,0,0
NCT04423978,Implications of Covid-19 on the Lifestyle Changes,COMPLETED,0,low risk,MISSING,OBSERVATIONAL,OTHER_GOV,ALL,ACTUAL,1826.0,7.510430556378006,1,0,1,1,113,635,2020.0,0,1,1,0,0,0
NCT05833152,Correlation Between Preoperative Knee Extension Lag and Functional Outcome After Total Knee Arthroplasty,COMPLETED,0,low risk,MISSING,OBSERVATIONAL,OTHER,ALL,ACTUAL,48.0,3.8918202981106265,2,1,1,1,775,144,2023.0,0,1,1,0,0,0
NCT01796652,Home Treatment of Acute Pancreatitis,COMPLETED,0,low risk,MISSING,OBSERVATIONAL,OTHER,ALL,ACTUAL,84.0,4.442651256490317,1,0,1,1,1096,305,2011.0,0,1,1,0,0,0
NCT00171249,An Extension Study to Determine the Safety and Anti-Leukemic Effects of Imatinib Mesylate in Adult Participants With Ph+ Leukemia,COMPLETED,0,low risk,PHASE2,INTERVENTIONAL,INDUSTRY,ALL,ACTUAL,293.0,5.683579767338681,3,2,12,5,2295,670,1999.0,0,1,0,0,0,0
NCT00630058,"A Phase 1 Study of MP-424, Peginterferon Alfa 2b, and Ribavirin in Hepatitis C",COMPLETED,0,low risk,PHASE1,INTERVENTIONAL,INDUSTRY,ALL,ACTUAL,20.0,3.044522437723423,1,2,1,1,209,276,2008.0,0,1,0,0,0,0
NCT02773758,Study to Investigate the Efficacy of an Occluding Dentifrice in Providing Relief From Dentine Hypersensitivity,COMPLETED,0,low risk,PHASE4,INTERVENTIONAL,INDUSTRY,ALL,ACTUAL,143.0,4.969813299576001,1,2,1,1,3673,484,2016.0,0,1,0,0,0,0
NCT05871658,Efficacy of Electroacupuncture in NMOSD Patients With Pain: Study Protocol,COMPLETED,0,low risk,MISSING,INTERVENTIONAL,OTHER,ALL,ACTUAL,20.0,3.044522437723423,2,1,1,1,861,2122,2022.0,0,1,1,0,0,0
NCT04663958,Predictive Value of Ariscat Index In The Development of Pulmonary Complication After Major Abdominal Cancer Surgery,COMPLETED,0,low risk,MISSING,OBSERVATIONAL,OTHER,ALL,ACTUAL,410.0,6.018593214496234,6,1,1,1,370,521,2020.0,0,1,1,0,0,0
NCT03025048,A Holistic Dietary Intervention for Persons With Spinal Cord Injury,COMPLETED,0,low risk,MISSING,OBSERVATIONAL,OTHER,ALL,ACTUAL,13.0,2.6390573296152584,1,1,0,0,127,919,2016.0,0,1,1,0,0,0
NCT05998148,Virtual Phone Visits Compared to In-Person Physical Visits for Post-Operative Follow-Up at a Sports Medicine Clinic,COMPLETED,0,low risk,MISSING,INTERVENTIONAL,OTHER,ALL,ACTUAL,90.0,4.51085950651685,4,1,1,1,592,522,2022.0,0,1,1,0,0,0
NCT03883048,Idiopathic Bronchiectasis and Pulmonary Hypertension,COMPLETED,0,low risk,MISSING,OBSERVATIONAL,OTHER,ALL,ACTUAL,1606.0,7.382124365737512,2,1,1,1,714,696,2018.0,0,1,1,0,0,0
NCT01186848,Fractional Laser and Ultrasound for Striae Distensae,COMPLETED,0,low risk,MISSING,INTERVENTIONAL,OTHER,ALL,ACTUAL,30.0,3.4339872044851463,1,2,1,1,1012,943,2010.0,0,1,1,0,0,0
NCT02122848,Exercise Tolerance in Patients With Decompensated Heart Failure,COMPLETED,0,low risk,MISSING,INTERVENTIONAL,OTHER,ALL,ACTUAL,16.0,2.833213344056216,1,1,1,1,541,175,2014.0,0,1,1,0,0,0
NCT05745948,COVID-19 ANtibody Responses in Cystic Fibrosis: CAR-CF,COMPLETED,0,low risk,MISSING,OBSERVATIONAL,OTHER,ALL,ACTUAL,75.0,4.330733340286331,2,0,1,1,236,1722,2023.0,0,0,1,0,0,0
NCT00772148,Pharmacokinetics of LCP-Tacro™ Once Daily and Prograf® Twice A Day in Adult De Novo Liver Transplant Patients,COMPLETED,0,low risk,PHASE2,INTERVENTIONAL,INDUSTRY,ALL,ACTUAL,58.0,4.07753744390572,1,2,1,1,2696,1015,2008.0,0,1,0,0,0,0
NCT00581555,Evaluation of Etanercept in Patients With Plaque Psoriasis After Stopping Ciclosporin Therapy,COMPLETED,0,low risk,PHASE4,INTERVENTIONAL,INDUSTRY,ALL,ACTUAL,120.0,4.795790545596741,1,2,0,0,810,138,2007.0,1,1,0,0,0,0
NCT06324448,Self-administered tDCS for Improving Single- and Dual-task Gait in Patients With PD,COMPLETED,0,low risk,MISSING,INTERVENTIONAL,OTHER,ALL,ACTUAL,24.0,3.2188758248682006,1,1,1,1,1053,208,2024.0,0,1,1,0,0,0
NCT07307755,The Validity and Reliability of the Modified O'Sullivan Functional Balance (mOFB) Test for Multiple Sclerosis,COMPLETED,0,low risk,MISSING,OBSERVATIONAL,OTHER,ALL,ACTUAL,44.0,3.8066624897703196,4,0,1,1,494,1680,2025.0,0,1,1,0,0,0
NCT02164955,A Post Authorisation Registry of IMNOVID (Pomalidomide) for Patients With Relapsed and Refractory Multiple Myeloma.,COMPLETED,0,low risk,MISSING,OBSERVATIONAL,INDUSTRY,ALL,ACTUAL,775.0,6.654152520183219,1,1,122,8,903,608,2014.0,0,1,1,0,0,0
NCT00824655,Study Evaluating 13-valent Pneumococcal Conjugate Vaccine in Healthy Children,COMPLETED,0,low risk,PHASE3,INTERVENTIONAL,INDUSTRY,ALL,ACTUAL,234.0,5.459585514144159,1,2,7,1,556,494,2009.0,0,0,0,0,0,0
NCT03321955,Ziconotide as First-Line IDT,COMPLETED,0,low risk,PHASE4,INTERVENTIONAL,OTHER,ALL,ACTUAL,13.0,2.6390573296152584,1,3,1,1,807,739,2016.0,0,1,0,0,0,0
NCT03254355,Efficacy of Physiotherapy for Urinary Incontinence in Women With a Puborectalis Avulsion,COMPLETED,0,low risk,MISSING,INTERVENTIONAL,OTHER,FEMALE,ACTUAL,126.0,4.844187086458591,4,1,1,1,1081,1977,2017.0,0,1,1,0,0,0
NCT05239455,An In Vivo 24-Hour Recovery Study of Whole Blood by the Reveos System,COMPLETED,0,low risk,MISSING,INTERVENTIONAL,INDUSTRY,ALL,ACTUAL,37.0,3.6375861597263857,1,1,2,1,1842,195,2021.0,0,1,1,0,0,0
NCT05310058,Pharmacokinetics of C6 Ketone Di-ester,COMPLETED,0,low risk,MISSING,INTERVENTIONAL,INDUSTRY,ALL,ACTUAL,34.0,3.5553480614894135,1,1,1,1,4244,113,2022.0,0,1,1,0,0,0
NCT07308158,Covid Flu A/B and RSV 4 in 1 Diagnostic Test,COMPLETED,0,low risk,MISSING,OBSERVATIONAL,INDUSTRY,ALL,ACTUAL,1119.0,7.02108396428914,4,1,23,2,1882,795,2024.0,0,0,1,0,0,0
NCT04153448,Comparison of Sit-to-stand Test With Six-minute Walk Test in Bronchiectasis and Healthy Children,COMPLETED,0,low risk,MISSING,OBSERVATIONAL,OTHER,ALL,ACTUAL,80.0,4.394449154672439,1,1,1,1,337,208,2019.0,0,0,1,0,0,0
NCT02524158,Yoga for Veterans With CLBP,COMPLETED,0,low risk,MISSING,INTERVENTIONAL,FED,ALL,ACTUAL,152.0,5.030437921392435,1,1,1,1,1160,793,2013.0,0,1,1,0,0,0
NCT00272415,"A Study of Intravenous INO-1001 Plus Oral Temozolomide to Evaluate Tolerability, Safety, and Pharmacokinetics in Patients With Melanoma",TERMINATED,1,high risk,PHASE1,INTERVENTIONAL,INDUSTRY,ALL,ESTIMATED,39.0,3.6888794541139363,1,2,0,0,2345,368,2005.0,0,1,0,0,0,0
NCT01386515,The Role of Family Functioning in Promoting Adaptation in Siblings of Individuals With Duchenne Muscular Dystrophy (DMD),TERMINATED,1,high risk,MISSING,OBSERVATIONAL,NIH,ALL,ACTUAL,33.0,3.5263605246161616,2,0,1,1,317,1187,2011.0,0,0,1,0,0,0
NCT01456143,Optical Imaging of Head and Neck Cancer,TERMINATED,1,high risk,MISSING,INTERVENTIONAL,INDIV,ALL,ACTUAL,33.0,3.5263605246161616,3,2,1,1,343,132,2011.0,0,1,1,0,0,0
NCT02347943,Global Sinus Surgery Registry,TERMINATED,1,high risk,MISSING,OBSERVATIONAL,INDUSTRY,ALL,ACTUAL,252.0,5.53338948872752,2,0,25,1,1187,381,2015.0,0,1,1,0,0,0
NCT03326843,Avatrombopag for the Treatment of Thrombocytopenia in Adults Scheduled for a Surgical Procedure,TERMINATED,1,high risk,PHASE3,INTERVENTIONAL,INDUSTRY,ALL,ACTUAL,4.0,1.6094379124341003,1,1,27,1,1195,211,2018.0,0,1,0,0,0,0
NCT01362608,"Safety & Efficacy of Canakinumab (ACZ885) in Patients With Frequent Flares for Whom Nonsterodial Anti-Inflammatory Drug (NSAIDs) and/ or Colchicine Are Contraindicated, Not Tolerated or Ineffective",TERMINATED,1,high risk,PHASE3,INTERVENTIONAL,INDUSTRY,ALL,ACTUAL,136.0,4.919980925828125,1,2,20,4,841,499,2011.0,0,1,0,0,0,0
NCT00675025,"Evaluating The Safety Of Donepezil Hydrochloride (Aricept) For Up To 1 Year In The Treatment Of The Cognitive Dysfunction Exhibited By Children With Down Syndrome - Follow-Up To A 10-Week, Double-Blind, Placebo-Controlled Trial",TERMINATED,1,high risk,PHASE2,INTERVENTIONAL,INDUSTRY,ALL,ACTUAL,117.0,4.770684624465665,1,1,31,1,623,278,2008.0,1,0,0,0,0,0
NCT01643525,Study to Test Sensitivity and Specificity of Passive Wave Pressure Device in Determining Ischemic Stroke,TERMINATED,1,high risk,MISSING,OBSERVATIONAL,INDUSTRY,ALL,ACTUAL,29.0,3.4011973816621555,1,1,3,1,825,135,2012.0,0,1,1,0,0,0
NCT00454025,Intraocular Pressure (IOP) Changes Associated With Muslim Prayer Postural Changes,TERMINATED,1,high risk,MISSING,OBSERVATIONAL,OTHER,ALL,ACTUAL,5.0,1.791759469228055,1,0,1,1,557,652,2007.0,0,1,1,0,0,0
NCT02357225,A Pilot Study of Pyridostigmine in Pompe Disease,TERMINATED,1,high risk,EARLY_PHASE1,INTERVENTIONAL,OTHER,ALL,ACTUAL,2.0,1.0986122886681098,1,1,1,1,681,489,2015.0,0,0,0,0,0,0
NCT00002525,Perioperative Chemotherapy in Treating Patients With Colon Cancer That Can Be Surgically Removed,TERMINATED,1,high risk,PHASE3,INTERVENTIONAL,NETWORK,ALL,ACTUAL,859.0,6.756932389247553,1,2,1,1,3036,540,1993.0,0,1,0,0,0,0
NCT03651076,Traxi Panniculus Retractor for Cesarean Delivery,TERMINATED,1,high risk,MISSING,INTERVENTIONAL,OTHER,FEMALE,ACTUAL,141.0,4.955827057601261,2,1,2,1,328,322,2018.0,0,1,1,0,0,0
NCT02895776,Risk Factors of Conversion From Local to General Sedation in Endovascular Stroke Therapy,TERMINATED,1,high risk,MISSING,OBSERVATIONAL,NETWORK,ALL,ACTUAL,28.0,3.367295829986474,1,0,1,1,304,583,2015.0,0,1,1,0,0,0
NCT03675776,Study of Rapastinel as Monotherapy in Patients With Major Depressive Disorder (MDD),TERMINATED,1,high risk,PHASE3,INTERVENTIONAL,INDUSTRY,ALL,ACTUAL,50.0,3.9318256327243257,1,2,23,5,1179,198,2018.0,1,1,0,0,0,0
NCT02412917,A Comparative Study of FV-100 vs. Valacyclovir for the Prevention of Post-Herpetic Neuralgia,TERMINATED,1,high risk,PHASE3,INTERVENTIONAL,INDUSTRY,ALL,ACTUAL,237.0,5.472270673671475,3,2,1,1,395,259,2015.0,0,1,0,0,0,0
NCT01301040,Early Cardiac Toxicity of Adjuvant CT in Elderly BC.,TERMINATED,1,high risk,PHASE2,INTERVENTIONAL,OTHER,FEMALE,ACTUAL,2.0,1.0986122886681098,1,1,1,1,2956,1307,2011.0,0,1,0,0,0,0
NCT01253668,Brivanib Metastatic Renal Cell Carcinoma,TERMINATED,1,high risk,PHASE2,INTERVENTIONAL,OTHER,ALL,ACTUAL,10.0,2.3978952727983707,1,6,1,1,3146,489,2011.0,0,1,0,0,0,0
NCT00073450,Study of Lonafarnib in Patients With Recurrent Squamous Cell Carcinoma of the Head and Neck (Study P02530),TERMINATED,1,high risk,PHASE2,INTERVENTIONAL,INDUSTRY,ALL,ACTUAL,15.0,2.772588722239781,2,1,0,0,1387,283,2003.0,0,1,0,0,0,0
NCT03665350,Insulin Treatment in Diabetic Older People With Heart Failure.,TERMINATED,1,high risk,PHASE2,INTERVENTIONAL,OTHER,ALL,ACTUAL,10.0,2.3978952727983707,2,1,3,1,1196,1821,2018.0,0,1,0,0,0,0
NCT02355691,Improvement in Wound Healing With Negative Pressure Wound Therapy for Postoperative Total Hip Arthroplasty,TERMINATED,1,high risk,MISSING,INTERVENTIONAL,OTHER,ALL,ACTUAL,16.0,2.833213344056216,2,1,1,1,566,474,2015.0,0,1,1,0,0,0
NCT00126191,Intensive Chemotherapy and Rituximab in the Treatment of Burkitt Lymphoma,TERMINATED,1,high risk,PHASE2,INTERVENTIONAL,OTHER,ALL,ACTUAL,10.0,2.3978952727983707,3,10,2,1,1968,169,2005.0,0,1,0,0,0,0
NCT05891197,A Biomarker Screening Protocol for Participants With Solid Tumors,TERMINATED,1,high risk,MISSING,OBSERVATIONAL,INDUSTRY,ALL,ACTUAL,10.0,2.3978952727983707,22,0,1,1,956,946,2023.0,0,1,1,0,0,0
NCT03635697,Mindfulness in Pregnancy,TERMINATED,1,high risk,MISSING,INTERVENTIONAL,OTHER,FEMALE,ACTUAL,15.0,2.772588722239781,3,1,1,1,475,619,2018.0,0,1,1,0,0,0
NCT00875160,"A Study in Type 1 Gaucher Patients to Evaluate the Pharmacokinetics, Safety and Pharmacodynamics of AT2101",TERMINATED,1,high risk,PHASE1,INTERVENTIONAL,INDUSTRY,ALL,ACTUAL,1.0,0.6931471805599453,1,1,2,2,2090,685,2009.0,0,1,0,0,0,0
NCT02686320,Prospective Study of Patients With Rheumatoid Arthritis After the Age of 65,TERMINATED,1,high risk,MISSING,OBSERVATIONAL,OTHER,ALL,ACTUAL,176.0,5.176149732573829,1,0,1,1,420,364,2016.0,0,1,1,0,0,0
NCT05061420,A Study of SAR444245 Combined With Other Anticancer Therapies for the Treatment of Participants With HNSCC (Master Protocol) (Pegathor Head and Neck 204),TERMINATED,1,high risk,PHASE2,INTERVENTIONAL,INDUSTRY,ALL,ACTUAL,59.0,4.0943445622221,1,3,27,11,2069,1347,2021.0,0,1,0,0,0,0
NCT02766478,Genistein Supplementation to Mitigate Cardiometabolic Dysfunction in Patients Undergoing Androgen Deprivation Therapy for Prostate Cancer,TERMINATED,1,high risk,PHASE2,INTERVENTIONAL,OTHER,MALE,ACTUAL,10.0,2.3978952727983707,1,2,1,1,1266,631,2017.0,1,1,0,0,0,0
NCT04199585,Safety and Tolerability of Lu AF95245 in Healthy Young Men,TERMINATED,1,high risk,PHASE1,INTERVENTIONAL,INDUSTRY,MALE,ACTUAL,18.0,2.9444389791664403,1,3,1,1,335,164,2019.0,1,1,0,0,0,0
NCT06613685,Study of Oral Weekly GS-1720 and GS-4182 Compared With Biktarvy in People With HIV-1 Who Have Not Been Treated,TERMINATED,1,high risk,PHASE2; PHASE3,INTERVENTIONAL,INDUSTRY,ALL,ACTUAL,73.0,4.30406509320417,1,6,58,9,1394,1097,2024.0,1,1,0,0,0,0
NCT01928043,Adjunctive Curcumin for Symptomatic Adolescents With Bipolar Disorder: Brain and Body Considerations,TERMINATED,1,high risk,PHASE2,INTERVENTIONAL,OTHER,ALL,ACTUAL,7.0,2.0794415416798357,1,1,1,1,1561,1057,2013.0,0,0,0,0,0,0
NCT03173885,Investigating the Cryopreserved Blastocyst's ImplantatiOn Potential After Genetic Screening,TERMINATED,1,high risk,MISSING,INTERVENTIONAL,OTHER,FEMALE,ACTUAL,56.0,4.04305126783455,2,1,1,1,1041,530,2017.0,0,1,1,0,0,0
NCT04975035,"A Prospective, Open-ended, Multi-center Study of Schizophrenia Patients Switching to Zolodine",TERMINATED,1,high risk,PHASE1; PHASE2,INTERVENTIONAL,OTHER,ALL,ACTUAL,200.0,5.303304908059076,1,1,0,0,1638,499,2012.0,0,1,0,0,0,0
NCT02897115,A Study Treating Participants With Early Axial Spondyloarthritis (axSpA) Taking an Intense Treatment Approach Versus Routine Treatment,TERMINATED,1,high risk,PHASE4,INTERVENTIONAL,INDUSTRY,ALL,ACTUAL,22.0,3.1354942159291497,1,2,0,0,1412,201,2016.0,0,1,0,0,0,0
NCT00909935,The Pharmacokinetics of Dexmedetomidine in Children,TERMINATED,1,high risk,MISSING,OBSERVATIONAL,OTHER,ALL,ESTIMATED,40.0,3.713572066704308,1,1,1,1,1839,360,2011.0,0,0,1,0,0,0
NCT00450008,"Safety and Efficacy Study of GM-CSF, Thalidomide Plus Docetaxel in Prostate Cancer",TERMINATED,1,high risk,PHASE2,INTERVENTIONAL,OTHER,MALE,ACTUAL,9.0,2.302585092994046,1,3,1,1,2171,186,2006.0,0,1,0,0,0,0
NCT00968617,A Study of MK2578 in Patients With Chronic Kidney Disease Who Are Not on Dialysis (2578-002),TERMINATED,1,high risk,PHASE2,INTERVENTIONAL,INDUSTRY,ALL,ACTUAL,7.0,2.0794415416798357,2,4,0,0,971,253,2009.0,0,1,0,0,0,0
NCT03868540,A Study in Healthy Men and Women to Find Out How Well Different Doses of BI 1291583 Are Tolerated,TERMINATED,1,high risk,PHASE1,INTERVENTIONAL,INDUSTRY,ALL,ACTUAL,24.0,3.2188758248682006,1,2,1,1,4984,218,2019.0,1,1,0,0,0,0
NCT03080389,Sensitivity of Extended Cultures in Diagnosing Urinary Tract Infections,TERMINATED,1,high risk,MISSING,OBSERVATIONAL,OTHER,FEMALE,ACTUAL,16.0,2.833213344056216,4,1,1,1,442,377,2017.0,0,1,1,0,0,0
NCT01204450,"Temsirolimus and Valproic Acid in Treating Young Patients With Relapsed Neuroblastoma, Bone Sarcoma, or Soft Tissue Sarcoma",TERMINATED,1,high risk,PHASE1,INTERVENTIONAL,OTHER,ALL,ACTUAL,7.0,2.0794415416798357,4,2,2,1,1795,463,2009.0,0,0,0,0,0,0
NCT01014091,Study to Evaluate the Safety and Immunogenicity of GSK Biological Pandemic Candidate Influenza Vaccine (H1N1) in Children,TERMINATED,1,high risk,PHASE3,INTERVENTIONAL,INDUSTRY,ALL,ACTUAL,60.0,4.110873864173311,1,1,3,1,2428,180,2009.0,0,0,0,0,0,0
NCT00353574,DORADO-EX: Long-Term Safety Extension Study to the Phase 3 DORADO Study (Protocol DAR-311) of Darusentan in Resistant Hypertension,TERMINATED,1,high risk,PHASE3,INTERVENTIONAL,INDUSTRY,ALL,ACTUAL,282.0,5.645446897643238,1,1,75,8,536,473,2006.0,0,1,0,0,0,0
NCT03294174,Opioid Induced Loss of Local Anesthetic Potency in Patients Undergoing Total Knee Arthroplasty,TERMINATED,1,high risk,MISSING,OBSERVATIONAL,OTHER,ALL,ACTUAL,48.0,3.8918202981106265,1,1,1,1,642,2044,,0,1,1,0,0,0
NCT02025218,Iressa Re-challenge in Advanced NSCLC EGFR-mutated Patients,TERMINATED,1,high risk,PHASE2,INTERVENTIONAL,OTHER,ALL,ACTUAL,21.0,3.091042453358316,1,1,14,1,3144,187,2014.0,0,1,0,0,0,0
NCT03198390,Linking Epidermal Barrier Function With Anti-Oxidant Defense Mechanisms in Skin Conditions,TERMINATED,1,high risk,MISSING,OBSERVATIONAL,OTHER,ALL,ACTUAL,100.0,4.61512051684126,4,0,1,1,398,513,2017.0,0,1,1,0,0,0
NCT01708590,"Efficacy, Safety, and Withdrawal and Retreatment With Brodalumab in Moderate to Severe Plaque Psoriasis Subjects",TERMINATED,1,high risk,PHASE3,INTERVENTIONAL,INDUSTRY,ALL,ACTUAL,661.0,6.495265555937008,1,3,78,6,906,122,2012.0,1,1,0,0,0,0
NCT02212210,Maternal Epidural Steroids and Hyperthemia,TERMINATED,1,high risk,EARLY_PHASE1,INTERVENTIONAL,OTHER,FEMALE,ACTUAL,135.0,4.912654885736052,3,2,1,1,625,178,2012.0,0,1,0,0,0,0
NCT00919360,Gene Expression In Pregnancies Complicated by Preeclampsia,TERMINATED,1,high risk,MISSING,OBSERVATIONAL,OTHER,FEMALE,ACTUAL,125.0,4.836281906951478,1,4,1,1,605,410,2008.0,0,1,1,0,0,0
NCT05930938,Study Comparing RT With Cetuximab + Xevinapant to RT With Cetuximab-placebo in Patients With Head and Neck Cancer,TERMINATED,1,high risk,PHASE3,INTERVENTIONAL,OTHER,ALL,ACTUAL,19.0,2.995732273553991,1,4,1,1,10101,927,2023.0,1,1,0,0,0,0
NCT01168258,Evaluation of Single Nucleotide Polymorphisms (SNPs) in Patients With and Without Diabetic Macular Edema,TERMINATED,1,high risk,MISSING,OBSERVATIONAL,NIH,ALL,ACTUAL,68.0,4.23410650459726,2,0,1,1,1425,1380,2010.0,0,1,1,0,0,0
NCT02948049,Accelerometer Based Objective Clinical Outcomes of Spinal Cord Stimulation (SCS) and Peripheral Nerve Stimulation (PNS),TERMINATED,1,high risk,MISSING,OBSERVATIONAL,OTHER,ALL,ACTUAL,2.0,1.0986122886681098,3,0,0,0,796,177,2016.0,0,1,1,0,0,0
NCT00453258,Pilot Study of Human Tear Proteins,TERMINATED,1,high risk,MISSING,OBSERVATIONAL,OTHER,ALL,ACTUAL,63.0,4.1588830833596715,1,1,1,1,264,351,2007.0,0,1,1,0,0,0
NCT04083248,Building Self-regulation Capacity in AA T2DM Women: Feasibility of EMI,TERMINATED,1,high risk,MISSING,INTERVENTIONAL,OTHER,FEMALE,ACTUAL,11.0,2.4849066497880004,2,1,1,1,436,2209,2019.0,0,1,1,0,0,0
NCT00670748,Chemotherapy Followed by ESO-1 Lymphocytes and Aldesleukin to Treat Metastatic Cancer,TERMINATED,1,high risk,PHASE2,INTERVENTIONAL,NIH,ALL,ACTUAL,45.0,3.828641396489095,3,5,1,1,5074,2375,2008.0,0,1,0,0,0,0
NCT02689726,"Safety, Tolerability, and Immunogenicity of GTL001 Vaccine Adjuvanted With Imiquimod Cream in HPV 16- and/or HPV 18-Infected Women Aged 25 to 65 Years, With Normal Cytology, ASCUS, or LSIL",TERMINATED,1,high risk,PHASE1,INTERVENTIONAL,INDUSTRY,FEMALE,ACTUAL,13.0,2.6390573296152584,1,2,4,1,4042,233,2015.0,0,1,0,0,0,0
NCT00642226,Combined Vitrectomy and Triamcinolone in Macular Edema Secondary to Branch Retinal Vein Occlusion (BRVO),TERMINATED,1,high risk,PHASE3,INTERVENTIONAL,OTHER_GOV,ALL,ACTUAL,34.0,3.5553480614894135,2,2,1,1,423,198,2006.0,0,1,0,0,0,0
NCT01216449,Effects of Intravenous (IV) Citalopram on Emotional Brain Activity in Healthy Young and Elderly Adults,TERMINATED,1,high risk,MISSING,INTERVENTIONAL,OTHER,MALE,ACTUAL,29.0,3.4011973816621555,1,2,1,1,1116,1087,2009.0,0,1,1,0,0,0
NCT04688749,Use of Electrical Impedance Spectroscopy (EIS) for Early Diagnosis of Skin Damage,TERMINATED,1,high risk,MISSING,OBSERVATIONAL,OTHER,ALL,ACTUAL,50.0,3.9318256327243257,8,1,1,1,2115,222,2019.0,0,0,1,0,0,0
NCT01447758,"Safety, Tolerability and Pharmacokinetics of LEO 29102 Cream in Atopic Dermatitis.",TERMINATED,1,high risk,PHASE1,INTERVENTIONAL,INDUSTRY,ALL,ACTUAL,58.0,4.07753744390572,1,2,8,1,596,819,2011.0,0,1,0,0,0,0
NCT03343158,Orphans and Vulnerable Children Risk Screening Tool Research Study (Zimbabwe),TERMINATED,1,high risk,MISSING,OBSERVATIONAL,OTHER,ALL,ACTUAL,2260.0,7.72356247227797,3,0,1,1,649,260,2017.0,0,0,1,0,0,0
NCT00397878,AZD0530 (NSC 735464) in Treating Patients With Previously Treated Metastatic Colon Cancer or Rectal Cancer,TERMINATED,1,high risk,PHASE2,INTERVENTIONAL,NIH,ALL,ACTUAL,10.0,2.3978952727983707,6,2,1,1,4811,280,2006.0,0,1,0,0,0,0
NCT01005849,Probiotics and the Prevention of Traveler's Diarrhea,TERMINATED,1,high risk,PHASE4,INTERVENTIONAL,INDUSTRY,ALL,ACTUAL,420.0,6.042632833682381,1,2,1,1,2162,739,2009.0,1,1,0,0,0,0
NCT02067858,An Outcome Analysis for Stereotactic Body Radiation Therapy (SBRT) Treatment of Non-Small Lung Cancer Patients Using 4D PET/CT With Real-Time Position Management (RPM™) System and a Concomitant Evaluation of the Impact and Performance Characteristics of the Immobilization System,TERMINATED,1,high risk,MISSING,INTERVENTIONAL,OTHER,ALL,ACTUAL,6.0,1.9459101490553132,2,1,1,1,4191,899,2011.0,0,1,1,0,0,0
NCT02190552,Analysis of Revascularisation in Ischemic Stroke With EmboTrap,TERMINATED,1,high risk,MISSING,OBSERVATIONAL,INDUSTRY,ALL,ACTUAL,40.0,3.713572066704308,1,1,5,5,2613,515,2014.0,0,1,1,0,0,0
NCT00550758,Spirometry and Methacholine Challenge Test in Asthmatic Children Age 3-6years,TERMINATED,1,high risk,MISSING,INTERVENTIONAL,OTHER,ALL,ACTUAL,84.0,4.442651256490317,2,2,0,0,609,437,2004.0,0,0,1,0,0,0
NCT02240355,A Study of RO6885247 in Adult and Pediatric Patients With Spinal Muscular Atrophy (MOONFISH),TERMINATED,1,high risk,PHASE1,INTERVENTIONAL,INDUSTRY,ALL,ACTUAL,9.0,2.302585092994046,1,2,26,9,2539,217,2014.0,1,0,0,0,0,0
NCT04610658,Immune Checkpoint Inhibition With Lurbinectedin Relapsed/Recurrent SCLC,TERMINATED,1,high risk,PHASE1,INTERVENTIONAL,OTHER,ALL,ACTUAL,9.0,2.302585092994046,3,3,2,1,7213,331,2020.0,0,1,0,0,0,0
NCT00447226,"Randomized Discontinuation Study of Lapatinib Versus Placebo in Subjects With Documented Tumor Progression After Chemotherapy, or Where no Approved Therapy Exists",TERMINATED,1,high risk,PHASE2,INTERVENTIONAL,INDUSTRY,ALL,ACTUAL,32.0,3.4965075614664802,1,1,20,1,3966,182,2007.0,1,1,0,0,0,0
NCT04027348,Palliative Management of Inoperable Malignant Bowel Obstruction,TERMINATED,1,high risk,PHASE2,INTERVENTIONAL,OTHER,ALL,ACTUAL,15.0,2.772588722239781,1,3,1,1,1461,185,2019.0,0,1,0,0,0,0
NCT04027855,A Study on the Collection of Peripheral Blood Mononuclear Cells From Healthy Volunteers for the Development of Allogeneic Cellular Immunotherapy Products,TERMINATED,1,high risk,MISSING,INTERVENTIONAL,OTHER,ALL,ACTUAL,4.0,1.6094379124341003,1,1,1,1,4433,186,2019.0,0,1,1,0,0,0
NCT03678948,Radiofrequency-Based Debridement vs. Mechanical Debridement for the Treatment of Articular Cartilage Lesions,TERMINATED,1,high risk,MISSING,INTERVENTIONAL,OTHER,ALL,ACTUAL,6.0,1.9459101490553132,1,2,1,1,1119,234,2018.0,0,1,1,0,0,0
NCT01394926,"Dose-Finding, Feasibility Study of Optison in Contrast Enhanced U/S for the Detection of Carotid Artery Disease",TERMINATED,1,high risk,PHASE2,INTERVENTIONAL,INDUSTRY,ALL,ACTUAL,21.0,3.091042453358316,1,1,1,1,1162,260,2011.0,0,1,0,0,0,0
NCT00660348,"Standard Pain Control or Intrathecal Therapy in Controlling Pain in Patients With Locally Advanced, Unresectable, or Metastatic Pancreatic Cancer",TERMINATED,1,high risk,MISSING,INTERVENTIONAL,OTHER,ALL,ACTUAL,1.0,0.6931471805599453,2,2,1,1,1850,479,2008.0,0,1,1,0,0,0
NCT02351726,Mitroflow DL Post Approval Study- North America,TERMINATED,1,high risk,MISSING,INTERVENTIONAL,INDUSTRY,ALL,ACTUAL,186.0,5.231108616854587,9,1,13,1,1130,137,2015.0,0,0,1,0,0,0
NCT05120726,A Novel Therapeutic Treatment of Pyoderma Gangrenosum,TERMINATED,1,high risk,PHASE4,INTERVENTIONAL,OTHER,ALL,ACTUAL,5.0,1.791759469228055,1,1,3,1,225,1793,2021.0,0,1,0,0,0,0
NCT03953326,HeartPhone Cancer Survivors Trial 2019,TERMINATED,1,high risk,PHASE1; PHASE2,INTERVENTIONAL,OTHER,ALL,ACTUAL,2.0,1.0986122886681098,3,4,1,1,1008,621,2019.0,0,1,0,0,0,0
NCT04578548,A Study to Evaluate the Effects of GLPG2737 in Participants With Autosomal Dominant Polycystic Kidney Disease (ADPKD),TERMINATED,1,high risk,PHASE2,INTERVENTIONAL,INDUSTRY,ALL,ACTUAL,66.0,4.204692619390966,1,2,20,7,2682,395,2020.0,1,1,0,0,0,0
NCT03658135,"BIIB092 in Primary Tauopathies: CBS, nfvPPA, sMAPT, and TES",TERMINATED,1,high risk,PHASE1,INTERVENTIONAL,OTHER,ALL,ACTUAL,22.0,3.1354942159291497,6,2,1,1,6945,254,2018.0,1,1,0,0,0,0
NCT00238615,Phase II Docetaxel / Carboplatin / XRT + Surgical Resection in Stage III NSCLC,TERMINATED,1,high risk,PHASE2,INTERVENTIONAL,OTHER,ALL,ACTUAL,13.0,2.6390573296152584,2,4,1,1,1465,391,2003.0,0,1,0,0,0,0
NCT02134015,Study of Patritumab in Combination With Erlotinib in Subjects With Locally Advanced or Metastatic Non-Small-Cell Lung Cancer (NSCLC). (HER3-Lung),TERMINATED,1,high risk,PHASE3,INTERVENTIONAL,INDUSTRY,ALL,ACTUAL,145.0,4.983606621708336,2,3,98,10,3107,1039,2014.0,1,1,0,0,0,0
NCT05494125,"Effects of Continuous ESP Catheters on Recovery, Pain and Opioid Consumption After Multilevel Spine Surgery",TERMINATED,1,high risk,MISSING,INTERVENTIONAL,OTHER,ALL,ACTUAL,10.0,2.3978952727983707,2,2,1,1,596,859,2022.0,1,1,1,0,0,0
NCT02552225,Treatment of Chronic Laryngitis With Amitriptyline,TERMINATED,1,high risk,PHASE2; PHASE3,INTERVENTIONAL,OTHER,ALL,ACTUAL,6.0,1.9459101490553132,1,2,1,1,1922,172,2016.0,1,1,0,0,0,0
NCT04435717,Efficacy of Tocilizumab in Modifying the Inflammatory Parameters of Patients With COVID-19 (COVITOZ-01),TERMINATED,1,high risk,PHASE2,INTERVENTIONAL,OTHER,ALL,ACTUAL,26.0,3.295836866004329,1,2,1,1,904,147,2020.0,0,1,0,0,0,0
NCT00433017,Verteporfin Photodynamic Therapy Administered in Conjunction With Ranibizumab in Patients With Subfoveal Choroidal Neovascularization Secondary to Age-related Macular Degeneration (AMD),TERMINATED,1,high risk,PHASE2; PHASE3,INTERVENTIONAL,INDUSTRY,ALL,ACTUAL,255.0,5.545177444479562,2,3,12,12,363,297,2007.0,1,1,0,0,0,0
NCT02655068,Phase III Trial of PET/CT vs. CTSurveilance for Head and Neck Cancer,TERMINATED,1,high risk,PHASE3,INTERVENTIONAL,OTHER,ALL,ACTUAL,38.0,3.6635616461296463,1,2,1,1,2763,1045,2012.0,0,1,0,0,0,0
NCT00703950,Sucking Pattern of Preterm Infants Using Cup or Bottle Before Breastfeeding,TERMINATED,1,high risk,PHASE4,INTERVENTIONAL,OTHER_GOV,ALL,ACTUAL,56.0,4.04305126783455,1,2,1,1,404,392,2008.0,0,0,0,0,0,0
NCT04451174,Early Use of Corticosteroids in Non-critical Patients With COVID-19 Pneumonia,TERMINATED,1,high risk,PHASE3,INTERVENTIONAL,OTHER,ALL,ACTUAL,60.0,4.110873864173311,1,1,1,1,475,210,2020.0,0,1,0,0,0,0
NCT03722797,Physical Activity in Adults With Amputation,TERMINATED,1,high risk,MISSING,OBSERVATIONAL,OTHER,ALL,ACTUAL,3.0,1.3862943611198906,1,1,1,1,1202,239,2017.0,0,1,1,0,0,0
NCT02686710,Comparison of the Effects of TIVA vs VIMA on Content of GSK-3beta in Leucocytes in On-pump Patients,TERMINATED,1,high risk,PHASE4,INTERVENTIONAL,OTHER_GOV,ALL,ACTUAL,10.0,2.3978952727983707,1,2,1,1,77,133,2016.0,0,1,0,0,0,0
NCT02285543,A Phase II Trial of TPF Induction Chemotherapy in cN2 OSCC Patients,TERMINATED,1,high risk,PHASE2,INTERVENTIONAL,OTHER,ALL,ACTUAL,10.0,2.3978952727983707,2,3,1,1,1278,207,2016.0,0,1,0,0,0,0
NCT02096315,"Safety, Efficacy and PK/PD of POL7080 in Patients With Exacerbation of Non-cystic Fibrosis Bronchiectasis.",TERMINATED,1,high risk,PHASE2,INTERVENTIONAL,INDUSTRY,ALL,ESTIMATED,20.0,3.044522437723423,2,1,4,2,1121,148,2013.0,0,1,0,0,0,0
NCT05044715,Effectiveness of Compassion Focused Therapy (CFT),TERMINATED,1,high risk,MISSING,INTERVENTIONAL,OTHER,ALL,ACTUAL,14.0,2.70805020110221,4,2,1,1,599,1634,2022.0,0,1,1,0,0,0
NCT02685735,"Predicting, Understanding and Speeding Recovery After TKA",TERMINATED,1,high risk,PHASE4,INTERVENTIONAL,OTHER,ALL,ACTUAL,350.0,5.860786223465865,3,2,1,1,891,380,2016.0,1,1,0,0,0,0
NCT05790408,Anterior-segment OCT (AS-OCT) and Intraoperative OCT (iOCT) for Trans- Conjunctival Needle Revision (TCNR),TERMINATED,1,high risk,MISSING,INTERVENTIONAL,OTHER,ALL,ACTUAL,10.0,2.3978952727983707,2,2,1,1,1532,1436,2020.0,0,1,1,0,0,0
NCT00126308,Facial Lipoatrophy Trial: Immediate Versus Deferred Injections of Poly-L-Lactic Acid for HIV Facial Lipoatrophy,TERMINATED,1,high risk,PHASE4,INTERVENTIONAL,OTHER_GOV,ALL,ACTUAL,100.0,4.61512051684126,2,2,18,1,1574,452,2005.0,0,1,0,0,0,0
NCT00866008,A Study of the Effects of a Novel Ovarian Stimulation Regimen on Embryo Aneuploidy Rates in In Vitro Fertilization (IVF),TERMINATED,1,high risk,PHASE4,INTERVENTIONAL,OTHER,FEMALE,ACTUAL,34.0,3.5553480614894135,1,1,1,1,580,4961,2008.0,0,1,0,0,0,0
NCT02170025,Early Signs of Efficacy Study With Riociguat in Adult Homozygous Delta F508 Cystic Fibrosis Patients,TERMINATED,1,high risk,PHASE2,INTERVENTIONAL,INDUSTRY,ALL,ACTUAL,21.0,3.091042453358316,1,2,10,7,4195,204,2014.0,1,1,0,0,0,0
NCT01669876,Study to Evaluate Dietary Supplementation With a Version of Anatabloc(R) in Subjects With Alzheimer's Disease,TERMINATED,1,high risk,PHASE2,INTERVENTIONAL,INDUSTRY,ALL,ACTUAL,85.0,4.454347296253507,1,2,1,1,695,235,2012.0,1,1,0,0,0,0
NCT02452268,A Phase I/Ib Study of NIZ985 in Combination With PDR001 in Adults With Metastatic Cancers,TERMINATED,1,high risk,PHASE1,INTERVENTIONAL,INDUSTRY,ALL,ACTUAL,83.0,4.430816798843313,1,2,7,1,3106,177,2017.0,0,1,0,0,0,0
NCT04702568,A Long-Term Safety Study of BCX9930 in Participants With Paroxysmal Nocturnal Hemoglobinuria (PNH),TERMINATED,1,high risk,PHASE2,INTERVENTIONAL,INDUSTRY,ALL,ACTUAL,19.0,2.995732273553991,2,3,5,3,725,492,2020.0,0,1,0,0,0,0
NCT01817374,Breast VCEUS to Evaluate Early Response to Neoadjuvant Chemotherapy,TERMINATED,1,high risk,MISSING,INTERVENTIONAL,OTHER,FEMALE,ACTUAL,6.0,1.9459101490553132,1,1,1,1,816,788,2015.0,0,1,1,0,0,0
NCT06005974,A Study of REC-4881 in Participants With Cancers Which Have an AXIN1 or APC Mutation,TERMINATED,1,high risk,PHASE2,INTERVENTIONAL,INDUSTRY,ALL,ACTUAL,18.0,2.9444389791664403,3,1,13,1,917,256,2024.0,0,1,0,0,0,0
NCT05362474,Targeting Leukotrienes in Kidney Disease,TERMINATED,1,high risk,PHASE3,INTERVENTIONAL,OTHER,ALL,ACTUAL,6.0,1.9459101490553132,1,1,1,1,1443,524,2022.0,0,1,0,0,0,0
NCT01624090,"Mithramycin for Lung, Esophagus, and Other Chest Cancers",TERMINATED,1,high risk,PHASE2,INTERVENTIONAL,NIH,ALL,ACTUAL,16.0,2.833213344056216,5,1,1,1,5258,1166,2012.0,0,1,0,0,0,0
NCT00960297,"Preoperative Chemotherapy and Bevacizumab in Patients With Stage IB (>4 cm), II, or Select Stage III NSCLC",TERMINATED,1,high risk,PHASE2,INTERVENTIONAL,OTHER,ALL,ACTUAL,4.0,1.6094379124341003,1,3,6,1,5080,388,2009.0,0,1,0,0,0,0
NCT01704690,Combination Treatment of S-1 With Paclitaxel in Advanced Esophageal Cancer,TERMINATED,1,high risk,PHASE2; PHASE3,INTERVENTIONAL,OTHER,ALL,ACTUAL,4.0,1.6094379124341003,1,3,1,1,3001,2178,2012.0,0,1,0,0,0,0
NCT01004185,Assessing the Safety/Efficacy of Asacol® Given Every 12 Hours to Children and Adolescents for the Maintenance of Remission of Ulcerative Colitis,TERMINATED,1,high risk,PHASE3,INTERVENTIONAL,INDUSTRY,ALL,ACTUAL,39.0,3.6888794541139363,1,2,51,6,3761,316,2009.0,0,0,0,0,0,0
NCT00413478,5-Azacytidine (Azacytidine; Vidaza) in Chronic Lymphocytic Leukemia,TERMINATED,1,high risk,PHASE2,INTERVENTIONAL,OTHER,ALL,ACTUAL,9.0,2.302585092994046,2,1,1,1,1614,213,2006.0,0,1,0,0,0,0
NCT02123485,The Antidepressive Effect of rTMS as add-on to ECT,TERMINATED,1,high risk,MISSING,INTERVENTIONAL,OTHER,ALL,ACTUAL,35.0,3.58351893845611,1,2,1,1,581,342,2015.0,0,1,1,0,0,0
NCT01840943,"A Study to Compare CAELYX With Topotecan HCL in Patients With Recurrent Epithelial Ovarian Carcinoma Following Failure of First-Line, Platinum-Based Chemotherapy",TERMINATED,1,high risk,PHASE3,INTERVENTIONAL,INDUSTRY,FEMALE,ACTUAL,32.0,3.4965075614664802,1,2,7,1,1480,309,2013.0,0,1,0,0,0,0
NCT05164315,Comparison Between Tailored Surgery Versus Total Mesorectal Excision in ycT2-3N0M0,TERMINATED,1,high risk,MISSING,INTERVENTIONAL,OTHER,ALL,ACTUAL,14.0,2.70805020110221,1,2,1,1,2313,296,2022.0,0,1,1,0,0,0
NCT05662215,A Single and Multiple Ascending Dose Study of CK-3828136 in Healthy Adult Participants,TERMINATED,1,high risk,PHASE1,INTERVENTIONAL,INDUSTRY,ALL,ACTUAL,57.0,4.060443010546419,1,2,1,1,1158,296,2022.0,1,1,0,0,0,0
NCT03285308,A Safety and Efficacy Study of Relamorelin in Diabetic Gastroparesis 01,TERMINATED,1,high risk,PHASE3,INTERVENTIONAL,INDUSTRY,ALL,ACTUAL,336.0,5.820082930352362,2,2,216,14,692,217,2017.0,1,1,0,0,0,0
NCT03772925,Pevonedistat and Belinostat in Treating Patients With Relapsed or Refractory Acute Myeloid Leukemia or Myelodysplastic Syndrome,TERMINATED,1,high risk,PHASE1,INTERVENTIONAL,NIH,ALL,ACTUAL,18.0,2.9444389791664403,4,2,6,1,9358,451,2019.0,0,1,0,0,0,0
NCT04225676,Study of Efficacy and Safety of Reinfusion of Tisagenlecleucel in Pediatric and Young Adult Patients With Acute Lymphoblastic Leukemia (ALL),TERMINATED,1,high risk,PHASE2,INTERVENTIONAL,INDUSTRY,ALL,ACTUAL,5.0,1.791759469228055,1,1,4,1,863,259,2020.0,0,0,0,0,0,0
NCT00823576,Efficacy of Ropivacaine Continuous Wound Instillation Versus Single Shot After Spine Fusion Surgery,TERMINATED,1,high risk,PHASE4,INTERVENTIONAL,OTHER,ALL,ACTUAL,60.0,4.110873864173311,1,1,1,1,697,1032,2008.0,0,1,0,0,0,0
NCT04720417,Defactinib and VS-6766 for the Treatment of Patients With Metastatic Uveal Melanoma,TERMINATED,1,high risk,PHASE2,INTERVENTIONAL,OTHER,ALL,ACTUAL,13.0,2.6390573296152584,1,3,1,1,8419,531,2021.0,0,1,0,0,0,0
NCT01746940,Topical Application of Cocaine HCl 4% and 10% on Safety and Efficacy in Local (Topical) Anesthesia,TERMINATED,1,high risk,PHASE3,INTERVENTIONAL,INDUSTRY,ALL,ACTUAL,159.0,5.075173815233827,3,3,2,1,5770,231,2014.0,1,1,0,0,0,0
NCT00994240,Cure Rates of Superficial Basal Cell Carcinoma (BCC) EDC,TERMINATED,1,high risk,MISSING,INTERVENTIONAL,OTHER,ALL,ACTUAL,85.0,4.454347296253507,1,1,1,1,701,1299,2008.0,0,1,1,0,0,0
NCT05824689,Fluoroquinolone Resistance Prevalence Study,TERMINATED,1,high risk,MISSING,OBSERVATIONAL,OTHER,ALL,ACTUAL,105.0,4.663439094112067,1,0,2,1,656,347,2022.0,0,1,1,0,0,0
NCT04656691,At-Home Infusion Using Bamlanivimab in Participants With Mild to Moderate COVID-19,TERMINATED,1,high risk,PHASE4,INTERVENTIONAL,INDUSTRY,ALL,ACTUAL,139.0,4.941642422609304,1,1,1,1,423,483,2021.0,0,1,0,0,0,0
NCT00835718,A Study of MK0594 in Patients With Alcohol Dependence (0594-020),TERMINATED,1,high risk,PHASE2,INTERVENTIONAL,INDUSTRY,ALL,ACTUAL,162.0,5.093750200806762,1,4,0,0,734,156,2009.0,1,1,0,0,0,0
NCT03135990,Using Virtual Reality in Exposure-Based Treatment for Social Anxiety in Youth,TERMINATED,1,high risk,MISSING,INTERVENTIONAL,OTHER,ALL,ACTUAL,19.0,2.995732273553991,3,1,1,1,1619,2480,2018.0,0,0,1,0,0,0
NCT02758990,Interventional Testing of Gene-environment Interactions Via the Verifomics Mobile Application,TERMINATED,1,high risk,MISSING,INTERVENTIONAL,INDUSTRY,ALL,ACTUAL,16.0,2.833213344056216,12,12,1,1,633,370,2016.0,0,1,1,0,0,0
NCT03319771,Exercise and Learning and Memory in Multiple Sclerosis,TERMINATED,1,high risk,MISSING,INTERVENTIONAL,OTHER,ALL,ACTUAL,14.0,2.70805020110221,4,2,1,1,1963,1248,2018.0,0,1,1,0,0,0
NCT02182271,Single Rising Dose Study of BI 201335 ZW in Healthy Male Subjects,TERMINATED,1,high risk,PHASE1,INTERVENTIONAL,INDUSTRY,MALE,ACTUAL,8.0,2.1972245773362196,1,2,0,0,2181,320,2004.0,1,1,0,0,0,0
NCT05148234,BMS-986253 in Myelodysplastic Syndromes,TERMINATED,1,high risk,PHASE1; PHASE2,INTERVENTIONAL,NIH,ALL,ACTUAL,2.0,1.0986122886681098,1,6,1,1,4977,1745,2022.0,0,1,0,0,0,0
NCT01422564,Metal on Metal Versus Metal on Highly Crossed Linked Polyethylene Sytem,TERMINATED,1,high risk,PHASE4,INTERVENTIONAL,OTHER,ALL,ACTUAL,41.0,3.7376696182833684,7,2,0,0,1992,222,2007.0,0,1,0,0,0,0
NCT00220532,Folate and Protection Against Cervical Cancer,TERMINATED,1,high risk,PHASE1; PHASE2,INTERVENTIONAL,OTHER,FEMALE,MISSING,180.0,5.198497031265826,1,1,1,1,351,217,2005.0,1,0,0,0,0,0
NCT05906732,Study of LQT-1213 on QTc-induced Prolongation in Healthy Adult Subjects (Part1) and on Congenital Long QT in Patients Diagnosed With Type 2 or 3 Long QT Syndrome (Part 2).,TERMINATED,1,high risk,PHASE1; PHASE2,INTERVENTIONAL,INDUSTRY,ALL,ACTUAL,42.0,3.7612001156935624,1,3,1,1,19728,632,2023.0,1,1,0,0,0,0
NCT04922463,PLASOMA Efficacy & Technology Health (PETH) Study,TERMINATED,1,high risk,MISSING,INTERVENTIONAL,INDUSTRY,ALL,ACTUAL,46.0,3.8501476017100584,1,1,2,1,3082,420,2021.0,0,1,1,0,0,0
NCT01127893,Safety Extension Study Of Tanezumab When Administered By Subcutaneous Injection To Patients With Osteoarthritis,TERMINATED,1,high risk,PHASE3,INTERVENTIONAL,INDUSTRY,ALL,ACTUAL,1.0,0.6931471805599453,1,3,1,1,171,127,2010.0,0,1,0,0,0,0
NCT05028114,Tricaprilin Liquid Formulation PK Study,TERMINATED,1,high risk,PHASE1,INTERVENTIONAL,INDUSTRY,ALL,ACTUAL,71.0,4.276666119016055,1,12,1,1,1272,348,2021.0,0,1,0,0,0,0
NCT01425216,Sorafenib for Patients With Extensive Keloids,TERMINATED,1,high risk,PHASE2,INTERVENTIONAL,INDIV,ALL,ESTIMATED,60.0,4.110873864173311,1,1,1,1,2666,407,2013.0,0,1,0,0,0,0
NCT00747006,Safety and Efficacy of Technosphere® Insulin Inhalation Powder (TI Inhalation Powder)When an Optimal Dose is Taken With Varied Carbohydrate Intake,TERMINATED,1,high risk,PHASE2,INTERVENTIONAL,INDUSTRY,ALL,ACTUAL,18.0,2.9444389791664403,2,2,1,1,1592,471,2008.0,0,1,0,0,0,0
NCT03357133,Tirofiban for Patients Treated With Alteplase,TERMINATED,1,high risk,PHASE2; PHASE3,INTERVENTIONAL,OTHER,ALL,ACTUAL,30.0,3.4339872044851463,1,2,7,1,1494,322,2017.0,0,1,0,0,0,0
NCT01830738,"Laparoscopic Hysterectomy Via a Single Port, Peri-umbilical Technique Versus a Conventional Laparoscopic Technique",TERMINATED,1,high risk,MISSING,INTERVENTIONAL,OTHER,FEMALE,ACTUAL,7.0,2.0794415416798357,1,2,3,1,1264,218,2014.0,0,1,1,0,0,0
NCT02937038,Reference Values and Determinants of Hydration in Children 3-13 y,TERMINATED,1,high risk,MISSING,OBSERVATIONAL,OTHER,ALL,ACTUAL,1454.0,7.282761179605593,1,0,1,1,1126,526,2016.0,0,0,1,0,0,0
NCT02729558,Local Radiotherapy Following Complete Resection of a Brain Metastasis,TERMINATED,1,high risk,MISSING,INTERVENTIONAL,OTHER,ALL,ACTUAL,70.0,4.2626798770413155,1,1,2,1,927,1059,2015.0,0,1,1,0,0,0
NCT02182700,"Efficacy and Safety of Combivent® Aerosol and Spacer, in Adult Patients With Moderate to Severe Asthma Crisis",TERMINATED,1,high risk,PHASE3,INTERVENTIONAL,INDUSTRY,ALL,ACTUAL,47.0,3.871201010907891,1,1,0,0,2091,272,1998.0,0,1,0,0,0,0
NCT04594811,"NT-I7 in Combination With Nivolumab in Advanced Gastric, Gastro-Esophageal Junction or Esophageal Adenocarcinoma",TERMINATED,1,high risk,PHASE1,INTERVENTIONAL,INDUSTRY,ALL,ACTUAL,10.0,2.3978952727983707,1,2,6,2,3537,645,2021.0,0,1,0,0,0,0
NCT04251234,Light at Night Study,TERMINATED,1,high risk,MISSING,INTERVENTIONAL,OTHER,ALL,ACTUAL,2.0,1.0986122886681098,2,2,1,1,661,197,2020.0,0,1,1,0,0,0
NCT05672199,Long-term Safety and Efficacy of Efavaleukin Alfa in Participants With Moderately to Severely Active Ulcerative Colitis,TERMINATED,1,high risk,PHASE2,INTERVENTIONAL,INDUSTRY,ALL,ACTUAL,25.0,3.258096538021482,1,2,25,13,3819,173,2023.0,1,1,0,0,0,0
NCT06513663,Exercise as Maintenance Therapy in Advanced Lung Cancer,TERMINATED,1,high risk,MISSING,INTERVENTIONAL,OTHER,ALL,ACTUAL,2.0,1.0986122886681098,3,1,3,1,1469,231,2024.0,0,1,1,0,0,0
NCT01478087,Immunoadsorption Therapy for Patients With Non-Ischemic Dilated Cardiomyopathy (DCM),TERMINATED,1,high risk,MISSING,INTERVENTIONAL,INDUSTRY,ALL,ACTUAL,2.0,1.0986122886681098,1,1,2,1,4195,155,2011.0,0,1,1,0,0,0
NCT00612521,Prophylactic Intra-coronary Adenosine to Prevent Post Coronary Artery Stenting Myonecrosis,TERMINATED,1,high risk,PHASE3,INTERVENTIONAL,OTHER,ALL,ACTUAL,200.0,5.303304908059076,2,1,1,1,708,1364,2007.0,1,1,0,0,0,0
NCT04816214,Study Evaluating Efficacy and Safety of Capmatinib in Combination With Osimertinib in Adult Subjects With Non-small Cell Lung Cancers as Second Line Therapy,TERMINATED,1,high risk,PHASE3,INTERVENTIONAL,INDUSTRY,ALL,ACTUAL,6.0,1.9459101490553132,1,5,4,3,1739,453,2021.0,0,1,0,0,0,0
NCT00104806,Arsenic Trioxide and Cholecalciferol (Vitamin D) in Treating Patients With Myelodysplastic Syndromes,TERMINATED,1,high risk,PHASE2,INTERVENTIONAL,OTHER,ALL,ACTUAL,5.0,1.791759469228055,3,2,1,1,1500,527,2004.0,0,0,0,0,0,0
NCT01924806,A Pilot Study of the WoundWand™ Debridement Device on Infection Prevention,TERMINATED,1,high risk,MISSING,INTERVENTIONAL,INDUSTRY,ALL,ACTUAL,11.0,2.4849066497880004,1,2,2,2,3643,74,2014.0,0,1,1,0,0,0
NCT02684084,Combination OZURDEX® & LUCENTIS® vs. OZURDEX® Monotherapy in Incomplete-Responders With Diabetic Macular Edema,TERMINATED,1,high risk,PHASE4,INTERVENTIONAL,OTHER,ALL,ACTUAL,5.0,1.791759469228055,1,2,2,1,4139,367,2015.0,0,1,0,0,0,0
NCT00698633,A Clinical Investigation of the M2a- Taper™ Hip System,TERMINATED,1,high risk,MISSING,OBSERVATIONAL,INDUSTRY,ALL,ACTUAL,43.0,3.784189633918261,3,0,0,0,2858,139,2001.0,0,1,1,0,0,0
NCT05939752,Cardiovascular Complications of Ibrutinib Therapy,TERMINATED,1,high risk,MISSING,OBSERVATIONAL,OTHER,ALL,ACTUAL,8.0,2.1972245773362196,1,2,1,1,663,1988,2023.0,0,1,1,0,0,0
NCT04073147,Venetoclax and Obinutuzumab for Relapsed/Refractory Primary CNS Lymphoma,TERMINATED,1,high risk,PHASE1,INTERVENTIONAL,OTHER,ALL,ACTUAL,4.0,1.6094379124341003,1,2,1,1,3217,180,2020.0,0,1,0,0,0,0
NCT01848548,Superior Laryngeal Nerve Block For Awake Endotracheal Intubation Study,TERMINATED,1,high risk,MISSING,OBSERVATIONAL,OTHER,ALL,ACTUAL,25.0,3.258096538021482,3,1,1,1,294,818,2013.0,0,1,1,0,0,0
NCT00628355,Lidocaine Injection and Ischemic Compression on Chronic Pelvic Pain Treatment,TERMINATED,1,high risk,PHASE4,INTERVENTIONAL,OTHER,FEMALE,ACTUAL,30.0,3.4339872044851463,1,2,1,1,476,392,2008.0,0,1,0,0,0,0
NCT02680834,VLU Non-Inferiority Study Comparing a Dual Action Pneumatic Compression Device to Multi-Layer Bandaging,TERMINATED,1,high risk,MISSING,INTERVENTIONAL,INDUSTRY,ALL,ACTUAL,56.0,4.04305126783455,1,2,18,1,4694,195,2016.0,0,1,1,0,0,0
NCT01666132,METHOD - Bone Marrow Derived Mononuclear Cells in Chronic Ischemic Disease,TERMINATED,1,high risk,PHASE1; PHASE2,INTERVENTIONAL,OTHER,ALL,ACTUAL,10.0,2.3978952727983707,1,3,1,1,1796,654,2011.0,0,1,0,0,0,0
NCT03960606,Study in Adult Asthmatic Patients With Allergic Bronchopulmonary Aspergillosis,TERMINATED,1,high risk,PHASE2,INTERVENTIONAL,INDUSTRY,ALL,ACTUAL,7.0,2.0794415416798357,1,2,20,5,3227,276,2019.0,1,1,0,0,0,0
NCT03774784,A Study of the Natural History of Leukocyte Chemotactic Factor 2 Amyloidosis (ALECT2) Disease,TERMINATED,1,high risk,MISSING,OBSERVATIONAL,INDUSTRY,ALL,ACTUAL,26.0,3.295836866004329,2,0,31,6,318,461,2019.0,0,1,1,0,0,0
NCT01760252,Neoadjuvant CAPOXIRI Chemotherapy in the Treatment of Pancreatic Adenocarcinoma Protocol,TERMINATED,1,high risk,PHASE2,INTERVENTIONAL,OTHER,ALL,ACTUAL,17.0,2.8903717578961645,1,1,3,1,3479,610,2011.0,0,1,0,0,0,0
NCT00375752,Efficacy and Safety of Letrozole vs. Letrozole Plus Zoledronic Acid as Endocrine Therapy Before Surgery in Postmenopausal Patients With Breast Cancer,TERMINATED,1,high risk,PHASE4,INTERVENTIONAL,INDUSTRY,FEMALE,ACTUAL,168.0,5.1298987149230735,1,2,27,1,1938,223,2006.0,0,1,0,0,0,0
NCT00700947,Using Beta Blockers to Treat Mitral Regurgitation,TERMINATED,1,high risk,PHASE1,INTERVENTIONAL,OTHER,ALL,ACTUAL,27.0,3.332204510175204,4,1,1,1,337,130,2007.0,0,1,0,0,0,0
NCT01743547,The Effects Of Yoga On Quality Of Life Among A Population Of Ovarian/ Fallopian Tube/ Primary Peritoneal Cancer Patients Receiving Chemotherapy: A Feasibility Study,TERMINATED,1,high risk,MISSING,INTERVENTIONAL,OTHER,FEMALE,ACTUAL,25.0,3.258096538021482,1,1,1,1,738,281,2012.0,0,1,1,0,0,0
NCT03087058,Pharmacodynamic & Safety of Patiromer in Children & Adolescents (2-<18 Yrs) With Chronic Kidney Disease and Hyperkalemia,TERMINATED,1,high risk,PHASE2,INTERVENTIONAL,INDUSTRY,ALL,ACTUAL,23.0,3.1780538303479458,1,3,30,7,2797,443,2017.0,0,0,0,0,0,0
NCT03197948,Electronic Patient Reported Outcomes in Measuring Health-Related Quality of Life in Patients With Stage I-IV Prostate Cancer Undergoing Treatment,TERMINATED,1,high risk,MISSING,OBSERVATIONAL,OTHER,MALE,ACTUAL,20.0,3.044522437723423,1,1,1,1,953,363,2016.0,0,1,1,0,0,0
NCT01248455,A Phase II Trial of Anti-KIR in Smoldering Multiple Myeloma,TERMINATED,1,high risk,PHASE2,INTERVENTIONAL,NIH,ALL,ACTUAL,9.0,2.302585092994046,3,1,1,1,4056,2092,2010.0,0,1,0,0,0,0
NCT00780325,Effects of Dual Cyclooxygenase-2 and Carbonic Anhydrase Inhibition,TERMINATED,1,high risk,PHASE1,INTERVENTIONAL,OTHER,ALL,ACTUAL,26.0,3.295836866004329,1,6,1,1,4593,943,2008.0,1,1,0,0,0,0
NCT02446925,Surefire Catheter Versus Standard End-hole Microcatheter: A Pilot Study,TERMINATED,1,high risk,MISSING,INTERVENTIONAL,OTHER,ALL,ACTUAL,8.0,2.1972245773362196,1,2,0,0,1048,472,2015.0,0,1,1,0,0,0
NCT01330576,Therapeutic Controlled Hypothermia in the Treatment of Neonates With Severe Necrotizing Enterocolitis,TERMINATED,1,high risk,MISSING,INTERVENTIONAL,OTHER,ALL,ACTUAL,13.0,2.6390573296152584,1,2,1,1,246,148,2010.0,0,0,1,0,0,0
NCT02191917,A Study of Respiratory Muscle Strength in Patients With Late-onset Pompe Disease (LOPD),TERMINATED,1,high risk,MISSING,OBSERVATIONAL,INDUSTRY,ALL,ACTUAL,8.0,2.1972245773362196,1,1,2,2,665,207,2014.0,0,1,1,0,0,0
NCT02804789,European Prevention of Alzheimer's Dementia (EPAD) Longitudinal Cohort Study (LCS),TERMINATED,1,high risk,MISSING,OBSERVATIONAL,OTHER,ALL,ACTUAL,2095.0,7.647786045440933,1,0,30,9,4223,1897,2016.0,0,1,1,0,0,0
NCT03138889,Bempegaldesleukin and Pembrolizumab With or Without Chemotherapy in Locally Advanced or Metastatic Solid Tumors,TERMINATED,1,high risk,PHASE1; PHASE2,INTERVENTIONAL,INDUSTRY,ALL,ACTUAL,162.0,5.093750200806762,1,10,38,5,2122,474,2017.0,0,1,0,0,0,0
NCT00955474,Seroquel Alone Versus Seroquel With an SSRI for Depression With Psychotic Symptoms,TERMINATED,1,high risk,PHASE4,INTERVENTIONAL,OTHER,ALL,ACTUAL,32.0,3.4965075614664802,1,4,1,1,4109,214,2008.0,0,1,0,0,0,0
NCT02050997,"Plasma Biomarkers P-DAC, V1",TERMINATED,1,high risk,MISSING,OBSERVATIONAL,NETWORK,ALL,ACTUAL,169.0,5.135798437050262,1,0,9,1,598,192,2014.0,0,1,1,0,0,0
NCT01651910,The Cancer Pain and Unmet Needs Study,TERMINATED,1,high risk,MISSING,OBSERVATIONAL,OTHER,ALL,ACTUAL,162.0,5.093750200806762,1,0,1,1,331,2378,2012.0,0,1,1,0,0,0
NCT06219213,Glyceryl Eicosapentaenoate Based Topic Products as an Irritant-free Cream and Serum for Hydration of Sensitive Skin,TERMINATED,1,high risk,MISSING,INTERVENTIONAL,INDUSTRY,ALL,ACTUAL,21.0,3.091042453358316,1,4,1,1,678,665,2023.0,0,1,1,0,0,0
NCT00089713,Systolic Pressure Efficacy and Safety Trial of Alagebrium (SPECTRA),TERMINATED,1,high risk,PHASE2,INTERVENTIONAL,INDUSTRY,ALL,MISSING,392.0,5.973809611869261,1,1,1,1,523,456,2004.0,1,1,0,0,0,0
NCT02940613,Using Visual Feedback to Influence Rapid Response in the Treatment of Eating Disorders,TERMINATED,1,high risk,MISSING,INTERVENTIONAL,OTHER,ALL,ESTIMATED,80.0,4.394449154672439,2,1,1,1,217,652,2016.0,0,1,1,0,0,0
NCT00390013,To Evaluate if the Medication Gabapentin Lessens Vulvar Pain,TERMINATED,1,high risk,MISSING,INTERVENTIONAL,OTHER,FEMALE,ACTUAL,9.0,2.302585092994046,2,2,1,1,464,125,2007.0,1,1,1,0,0,0
NCT01842542,Efficacy and Safety Study of NeuroStar TMS Therapy in Patients With Major Depressive Disorder With Postpartum Onset,TERMINATED,1,high risk,MISSING,INTERVENTIONAL,OTHER,FEMALE,ACTUAL,25.0,3.258096538021482,1,1,8,1,2245,141,2013.0,0,1,1,0,0,0
NCT03759041,A Study to Assess Efficacy and Safety of SER-287 in Adults With Active Mild-to-Moderate Ulcerative Colitis,TERMINATED,1,high risk,PHASE2,INTERVENTIONAL,INDUSTRY,ALL,ACTUAL,203.0,5.318119993844216,1,4,93,2,1391,179,2018.0,1,1,0,0,0,0
NCT03421756,Stem Cell Transplant in Patients With Severe Sickle Cell Disease,TERMINATED,1,high risk,EARLY_PHASE1,INTERVENTIONAL,OTHER,ALL,ACTUAL,1.0,0.6931471805599453,1,3,1,1,5417,233,2018.0,0,1,0,0,0,0
NCT04464629,Assessing the Efficacy and Safety of DEXTENZA in Pseudo Phakic Patients Undergoing Gas Bubble Repair and Laser Following Retinal Detachment,TERMINATED,1,high risk,PHASE4,INTERVENTIONAL,OTHER,ALL,ACTUAL,7.0,2.0794415416798357,1,2,1,1,859,316,2020.0,0,1,0,0,0,0
NCT00832572,Study of Ranexa in Patients With Coronary Artery Disease and Painful Polyneuropathy,TERMINATED,1,high risk,PHASE4,INTERVENTIONAL,INDUSTRY,ALL,ACTUAL,5.0,1.791759469228055,4,2,1,1,1716,343,2009.0,1,1,0,0,0,0
NCT02029495,"Study of Efficacy, Safety and Effect on Radiographic Progression of Brodalumab in Subjects With Psoriatic Arthritis",TERMINATED,1,high risk,PHASE3,INTERVENTIONAL,INDUSTRY,ALL,ACTUAL,478.0,6.171700597410915,1,3,152,17,1301,137,2014.0,1,1,0,0,0,0
NCT00388375,Can Ultrasound be Used to Verify CVC Position and to Exclude Pneumothorax?,TERMINATED,1,high risk,MISSING,INTERVENTIONAL,OTHER,ALL,ACTUAL,23.0,3.1780538303479458,1,1,1,1,432,228,2006.0,0,1,1,0,0,0
NCT00356057,Investigational Device Exemption (IDE) Study for the Approval of Closed Loop Stimulation (CLS) and Cardiac Resyncronization Pacing Therapies (CRT) for the Treatment of Atrial Fibrillation (AF) With Ablate and Pace,TERMINATED,1,high risk,MISSING,INTERVENTIONAL,INDUSTRY,ALL,ACTUAL,153.0,5.0369526024136295,2,1,10,1,1447,290,2004.0,0,1,1,0,0,0
NCT01297712,Endoscopic Assessment of Polyp Histology,TERMINATED,1,high risk,MISSING,INTERVENTIONAL,OTHER,ALL,ACTUAL,1069.0,6.975413927455952,1,1,1,1,180,797,2009.0,0,1,1,0,0,0
NCT05191628,Amniotic Membrane Visio-AMTRIX in Recurrent Macular Hole,TERMINATED,1,high risk,PHASE2,INTERVENTIONAL,INDUSTRY,ALL,ACTUAL,12.0,2.5649493574615367,2,1,1,1,1326,219,2020.0,0,1,0,0,0,0
NCT02063828,Reducing Lung Cancer-Related Anxiety (RELAX),TERMINATED,1,high risk,MISSING,INTERVENTIONAL,OTHER,ALL,ACTUAL,46.0,3.8501476017100584,1,3,11,1,1856,178,2015.0,0,1,1,0,0,0
NCT04190628,Safety and Tolerability of ABM-1310 in Patients With Advanced Solid Tumors,TERMINATED,1,high risk,PHASE1,INTERVENTIONAL,INDUSTRY,ALL,ACTUAL,53.0,3.9889840465642745,2,2,8,1,7431,568,2020.0,0,1,0,0,0,0
NCT00115661,Use of Rosiglitazone in the Treatment of Endometriosis,TERMINATED,1,high risk,PHASE2,INTERVENTIONAL,NIH,FEMALE,ESTIMATED,25.0,3.258096538021482,1,1,1,1,1402,149,2005.0,0,1,0,0,0,0
NCT02810873,Positron Emission Tomography Imaging Using Copper Cu 64 TP3805 in Patients With Breast Cancer,TERMINATED,1,high risk,MISSING,INTERVENTIONAL,OTHER,FEMALE,ACTUAL,19.0,2.995732273553991,1,4,0,0,445,305,2008.0,0,1,1,0,0,0
NCT01519973,Optimization of SPECT Imaging,TERMINATED,1,high risk,MISSING,INTERVENTIONAL,OTHER,ALL,ACTUAL,64.0,4.174387269895637,1,1,1,1,273,645,2008.0,0,1,1,0,0,0
NCT02580669,Study by Magnetic Resonance Imaging in the Progressive Forms of Multiple Sclerosis,TERMINATED,1,high risk,MISSING,INTERVENTIONAL,OTHER,ALL,ACTUAL,70.0,4.2626798770413155,2,3,1,1,1674,340,2014.0,0,1,1,0,0,0
NCT05502783,Using Fostamatinib to Treat Post-Hematopoietic Stem Cell Transplant Immune-mediated Cytopenias,TERMINATED,1,high risk,PHASE2,INTERVENTIONAL,NIH,ALL,ACTUAL,1.0,0.6931471805599453,3,1,1,1,5987,1635,2023.0,0,1,0,0,0,0
NCT03737994,Targeted Treatment for ALK Positive Patients Who Have Previously Been Treated for Non-squamous Non-small Cell Lung Cancer,TERMINATED,1,high risk,PHASE2,INTERVENTIONAL,NIH,ALL,ACTUAL,10.0,2.3978952727983707,4,9,491,1,6972,808,2019.0,0,1,0,0,0,0
NCT02774551,Physical Activity Intervention Trial to Mitigate Muscle Loss and Increase Muscle Strength,TERMINATED,1,high risk,MISSING,INTERVENTIONAL,OTHER,ALL,ACTUAL,162.0,5.093750200806762,1,1,1,1,448,1435,2016.0,0,1,1,0,0,0
NCT00944151,Continuous Transversus Abdominis Plane Nerve Block for Postoperative Analgesia,TERMINATED,1,high risk,PHASE4,INTERVENTIONAL,OTHER,ALL,ACTUAL,20.0,3.044522437723423,1,1,1,1,1169,398,2009.0,0,1,0,0,0,0
NCT00285051,Comparison of Delta-8-THC to Ondansetron in the Prevention of Acute Nausea From Moderately Emetogenic Chemotherapy,TERMINATED,1,high risk,PHASE2,INTERVENTIONAL,INDUSTRY,ALL,ACTUAL,6.0,1.9459101490553132,1,1,2,1,1643,442,2005.0,1,1,0,0,0,0
NCT03485729,ONC201 in Recurrent or Metastatic Type II Endometrial Cancer Endometrial Cancer,TERMINATED,1,high risk,PHASE2,INTERVENTIONAL,INDUSTRY,FEMALE,ACTUAL,27.0,3.332204510175204,1,1,3,1,5828,608,2018.0,0,1,0,0,0,0
NCT01609231,A Trial of Dalotuzumab in Combination With Irinotecan Versus Cetuximab and Irinotecan for Participants With Metastatic Rectal Cancers (mRC) (MK-0646-025),TERMINATED,1,high risk,PHASE2,INTERVENTIONAL,INDUSTRY,ALL,ACTUAL,11.0,2.4849066497880004,1,3,0,0,2255,605,2012.0,0,1,0,0,0,0
NCT04335695,Standardized Vascular Rehabilitation Program to Improve Patient Disease and Quality of Life,TERMINATED,1,high risk,MISSING,INTERVENTIONAL,OTHER,ALL,ACTUAL,7.0,2.0794415416798357,3,1,1,1,1497,429,2019.0,0,1,1,0,0,0
NCT00003777,"Surgery, Radiation Therapy, and Combination Chemotherapy in Treating Patients With Recurrent Head and Neck Cancer",TERMINATED,1,high risk,PHASE2,INTERVENTIONAL,OTHER,ALL,ESTIMATED,35.0,3.58351893845611,1,5,1,1,2189,618,1998.0,0,1,0,0,0,0
NCT02776475,"The Effects of Sacral Neuromodulation for Urinary Urgency, Frequency, and Urge Incontinence",TERMINATED,1,high risk,MISSING,INTERVENTIONAL,OTHER,FEMALE,ACTUAL,18.0,2.9444389791664403,1,1,1,1,623,246,2016.0,0,1,1,0,0,0
NCT02054819,Treating NSCLC Minimal Stage IV With Curative Intent,TERMINATED,1,high risk,PHASE2,INTERVENTIONAL,OTHER,ALL,ACTUAL,14.0,2.70805020110221,1,2,1,1,3732,229,2013.0,0,1,0,0,0,0
NCT03056365,Advanced Nurses vs. General Practitioners for the Management of Outpatient Alcohol Detox: a Safety and Cost Comparison,TERMINATED,1,high risk,MISSING,INTERVENTIONAL,OTHER,ALL,ACTUAL,73.0,4.30406509320417,1,2,26,1,952,830,2017.0,0,1,1,0,0,0
NCT00085761,Study of NGX-4010 for Treatment of Painful HIV-Associated Neuropathy,TERMINATED,1,high risk,PHASE3,INTERVENTIONAL,INDUSTRY,ALL,MISSING,,,3,1,2,1,873,195,,0,1,0,0,0,0
NCT01163942,"Randomized Study In Severe Aplastic Anemia Patients Receiving Atg, Cyclosporin A, With Or Without G-CSF (SAA-G-CSF)",TERMINATED,1,high risk,PHASE3,INTERVENTIONAL,NETWORK,ALL,ACTUAL,205.0,5.327876168789581,1,2,71,9,998,174,2001.0,0,0,0,0,0,0
NCT03662386,"Prospective Analysis of ""Genotype-phenotype"" Correlations Observed in a Large Cohort of Patients With Hereditary Retinal Dystrophies - GEPHIRD",TERMINATED,1,high risk,MISSING,OBSERVATIONAL,NETWORK,ALL,ACTUAL,103.0,4.6443908991413725,1,2,1,1,214,386,2018.0,0,0,1,0,0,0
NCT04616573,A Post-market Study Of Use Of The OMNI® Surgical System In Open Angle Glaucoma,TERMINATED,1,high risk,MISSING,INTERVENTIONAL,INDUSTRY,ALL,ACTUAL,1.0,0.6931471805599453,1,2,2,1,1826,106,2020.0,0,1,1,0,0,0
NCT00671554,Trial of Melaxin Cancer Vaccine Plus Bacillus Calmette-Guerin (BCG) to Treat Malignant Melanoma,TERMINATED,1,high risk,PHASE1; PHASE2,INTERVENTIONAL,OTHER,ALL,ACTUAL,3.0,1.3862943611198906,1,1,1,1,1773,208,2008.0,0,1,0,0,0,0
NCT00003194,Combination Chemotherapy and Peripheral Stem Cell Transplantation in Treating Patients With Recurrent or Refractory Solid Tumors,TERMINATED,1,high risk,PHASE1,INTERVENTIONAL,OTHER,ALL,ESTIMATED,24.0,3.2188758248682006,1,7,2,1,1888,463,1997.0,0,0,0,0,0,0
NCT00430794,The Efficacy of Spironolactone in Patients With Resistant Hypertension,TERMINATED,1,high risk,PHASE2,INTERVENTIONAL,OTHER,ALL,ESTIMATED,40.0,3.713572066704308,1,1,1,1,1230,235,2007.0,0,1,0,0,0,0
NCT02276794,Thrust Versus Non-thrust Manipulation in Chronic Low Back Pain,TERMINATED,1,high risk,MISSING,INTERVENTIONAL,OTHER,ALL,ACTUAL,23.0,3.1780538303479458,3,2,1,1,332,171,2014.0,0,1,1,0,0,0
NCT00165594,A Study of E7070 in Patients With Gastric Cancer,TERMINATED,1,high risk,PHASE1; PHASE2,INTERVENTIONAL,INDUSTRY,ALL,MISSING,50.0,3.9318256327243257,1,1,5,1,9816,699,2005.0,0,1,0,0,0,0
NCT00277056,Dysregulated Tyrosine Kinase Signaling in Leukemia,TERMINATED,1,high risk,MISSING,OBSERVATIONAL,OTHER,ALL,ACTUAL,30.0,3.4339872044851463,1,0,1,1,341,50,2002.0,0,1,1,0,0,0
NCT02591056,Study of the Combined Effect of Low Level Laser Therapy and Manual Lymph Drainage on Reducing Body Circumference,TERMINATED,1,high risk,MISSING,INTERVENTIONAL,INDUSTRY,ALL,ACTUAL,27.0,3.332204510175204,1,2,3,1,2777,303,2016.0,0,1,1,0,0,0
NCT02791256,"A Study of Peginterferon Alfa-2a Plus Ribavirin in Early Non-Responder Participants With Chronic Hepatitis C (CHC) Genotype 1, 4, 5, and 6",TERMINATED,1,high risk,PHASE3,INTERVENTIONAL,INDUSTRY,ALL,ACTUAL,23.0,3.1780538303479458,1,2,21,1,3022,369,2005.0,0,1,0,0,0,0
NCT01065077,BAY58-2667 Dose Finding Trial Investigating Fixed Doses in Patients With Acute Decompensated Chronic Congestive Heart Failure (ADHF),TERMINATED,1,high risk,PHASE2,INTERVENTIONAL,INDUSTRY,ALL,ACTUAL,12.0,2.5649493574615367,1,4,59,17,1095,246,2010.0,1,1,0,0,0,0
NCT01621477,T-Cell Replete Haploidentical Donor Hematopoietic Stem Cell Plus Natural Killer (NK) Cell Transplantation in Patients With Hematologic Malignancies Relapsed or Refractory Despite Previous Allogeneic Transplant,TERMINATED,1,high risk,PHASE2,INTERVENTIONAL,OTHER,ALL,ACTUAL,34.0,3.5553480614894135,7,9,1,1,2459,836,2012.0,0,0,0,0,0,0
NCT00947375,"Lamictal TM, Haloperidol Decanoate in Schizophrenia",TERMINATED,1,high risk,PHASE4,INTERVENTIONAL,OTHER,ALL,ACTUAL,335.0,5.817111159963204,1,2,1,1,512,607,2005.0,1,1,0,0,0,0
NCT01245101,Addition of Raltegravir to Established Antiretroviral Suppressive Therapy,TERMINATED,1,high risk,PHASE4,INTERVENTIONAL,OTHER,ALL,ACTUAL,15.0,2.772588722239781,1,2,1,1,1061,455,2010.0,0,1,0,0,0,0
NCT01035801,"Safety, Tolerability, Pharmacokinetics and Pharmacodynamics of Oral Insulin (IN-105) in Type 1 Diabetes Patients",TERMINATED,1,high risk,PHASE1,INTERVENTIONAL,INDUSTRY,ALL,ACTUAL,20.0,3.044522437723423,1,2,5,1,2251,285,2010.0,0,1,0,0,0,0
NCT02114112,E-23596 - Use of NCPAP Cycling to Wean Preterm Infants,TERMINATED,1,high risk,MISSING,INTERVENTIONAL,OTHER,ALL,ACTUAL,30.0,3.4339872044851463,1,2,1,1,231,863,2011.0,0,0,1,0,0,0
NCT02449681,Study for Treatment of Patients With Recurrent or Metastatic Squamous Cell Carcinoma of the Head and Neck or Skin,TERMINATED,1,high risk,PHASE2,INTERVENTIONAL,INDUSTRY,ALL,ACTUAL,30.0,3.4339872044851463,1,1,10,2,1570,205,2015.0,0,1,0,0,0,0
NCT01297530,Clinical Study to Evaluate the Maximum Tolerated Dose of BAY87-2243 in Patients With Advanced Malignancies,TERMINATED,1,high risk,PHASE1,INTERVENTIONAL,INDUSTRY,ALL,ACTUAL,5.0,1.791759469228055,1,1,3,3,2456,1436,2011.0,1,1,0,0,0,0
NCT02437162,A Study to Evaluate the Efficacy and Safety of Ustekinumab in the Treatment of Anti-TNFα Naive Participants With Active Radiographic Axial Spondyloarthritis,TERMINATED,1,high risk,PHASE3,INTERVENTIONAL,INDUSTRY,ALL,ACTUAL,347.0,5.8522024797744745,1,4,57,7,2693,261,2015.0,1,1,0,0,0,0
NCT04279561,Effect of Androgen Receptor Signaling Inhibitors on 68Ga-PSMA-11 PET/CT Imaging in Patients With Castration-Resistant Prostate Cancer,TERMINATED,1,high risk,PHASE1,INTERVENTIONAL,OTHER,MALE,ACTUAL,9.0,2.302585092994046,5,3,1,1,1214,438,2020.0,0,1,0,0,0,0
NCT01127542,RESPeCT: Revlimid Early Stage Poor Prognosis Chronic Lymphocytic Leukaemia (CLL) Trial,TERMINATED,1,high risk,PHASE2,INTERVENTIONAL,OTHER,ALL,ACTUAL,1.0,0.6931471805599453,1,1,9,1,2271,1887,2010.0,0,1,0,0,0,0
NCT03988842,Standard-dose Apixaban AFtEr Very Low-dose ThromboLYSis for Acute Intermediate-high Risk Acute Pulmonary Embolism,TERMINATED,1,high risk,PHASE4,INTERVENTIONAL,OTHER,ALL,ACTUAL,4.0,1.6094379124341003,6,4,1,1,3023,289,2019.0,1,1,0,0,0,0
NCT00733070,Study to Evaluate the Safety and Efficacy of the CiTop™ ExPander™ Guidewire for Crossing Chronic Total Occlusions in Coronary Arteries,TERMINATED,1,high risk,MISSING,INTERVENTIONAL,INDUSTRY,ALL,ESTIMATED,30.0,3.4339872044851463,1,1,3,2,1583,162,2008.0,0,1,1,0,0,0
NCT02561169,A Trial of Oseltamivir in High-Risk Patients Presenting to the Emergency Department With Influenza,TERMINATED,1,high risk,PHASE4,INTERVENTIONAL,OTHER,ALL,ACTUAL,1.0,0.6931471805599453,1,2,1,1,1148,487,2015.0,1,1,0,0,0,0
NCT02179983,Tayside Rehabilitation in Bronchiectasis Exacerbations (TRIBE) : a Randomized Controlled Trial,TERMINATED,1,high risk,MISSING,INTERVENTIONAL,OTHER_GOV,ALL,ACTUAL,48.0,3.8918202981106265,1,2,1,1,671,459,2014.0,0,1,1,0,0,0
NCT02365883,Transrectal Photoacoustic Imaging of the Prostate,TERMINATED,1,high risk,MISSING,OBSERVATIONAL,OTHER,MALE,ACTUAL,22.0,3.1354942159291497,1,1,1,1,367,429,2011.0,0,1,1,0,0,0
NCT04444141,A Study of PD-1/CTLA-4 Bispecific AK104 in Relapsed or Refractory Peripheral T-cell Lymphoma,TERMINATED,1,high risk,PHASE1; PHASE2,INTERVENTIONAL,INDUSTRY,ALL,ACTUAL,6.0,1.9459101490553132,1,1,1,1,1841,342,2020.0,0,1,0,0,0,0
NCT04158141,Testing the Addition of Targeted Radiation Therapy to Surgery and the Usual Chemotherapy Treatment (Pemetrexed and Cisplatin [or Carboplatin]) for Stage I-IIIA Malignant Pleural Mesothelioma,TERMINATED,1,high risk,PHASE3,INTERVENTIONAL,OTHER,ALL,ACTUAL,16.0,2.833213344056216,7,8,12,1,6092,758,2020.0,0,1,0,0,0,0
NCT04132141,VR Breaks on Shift-worker Alertness,TERMINATED,1,high risk,MISSING,INTERVENTIONAL,OTHER,ALL,ACTUAL,25.0,3.258096538021482,1,1,1,1,710,1021,2019.0,0,1,1,0,0,0
NCT03850054,AADI Glaucoma Shunt - a Quality Control Study,TERMINATED,1,high risk,MISSING,OBSERVATIONAL,OTHER,ALL,ACTUAL,3.0,1.3862943611198906,1,1,1,1,92,409,2019.0,0,0,1,0,0,0
NCT03567954,The Accuracy of Ultrasound in Detecting Rotator Cuff Tears in Proximal Humerus Fracture Patients,TERMINATED,1,high risk,MISSING,OBSERVATIONAL,OTHER,ALL,ACTUAL,25.0,3.258096538021482,2,1,2,2,302,324,2018.0,0,1,1,0,0,0
NCT02951156,"Avelumab In Combination Regimens That Include An Immune Agonist, Epigenetic Modulator, CD20 Antagonist and/or Conventional Chemotherapy in Patients With Relapsed or Refractory Diffuse Large B-cell Lymphoma (R/R DLBCL)",TERMINATED,1,high risk,PHASE3,INTERVENTIONAL,INDUSTRY,ALL,ACTUAL,29.0,3.4011973816621555,1,7,29,8,1864,268,2016.0,0,1,0,0,0,0
NCT00252551,Vertebral Osteosynthesis in Degenerative Lumbar Stenosis With Spondylolisthesis,TERMINATED,1,high risk,MISSING,INTERVENTIONAL,OTHER,ALL,ACTUAL,11.0,2.4849066497880004,1,2,9,1,700,217,2005.0,0,1,1,0,0,0
NCT04956302,"Panobinostat in Combination With Daratumumab, Bortezomib and Dexamethasone for the Treatment of Relapsed/Refractory Multiple Myeloma",TERMINATED,1,high risk,PHASE1,INTERVENTIONAL,OTHER,ALL,ACTUAL,1.0,0.6931471805599453,2,4,1,1,7298,539,2021.0,0,1,0,0,0,0
NCT05078437,Assessment of Medication Optimization in Rural Kentucky Appalachian Patients With Mild Cognitive Impairment or Dementia,TERMINATED,1,high risk,MISSING,INTERVENTIONAL,OTHER,ALL,ACTUAL,16.0,2.833213344056216,2,1,1,1,243,1588,2021.0,0,1,1,0,0,0
NCT00577772,Transit Time and Bacterial Overgrowth Using SmartPill Capsule,TERMINATED,1,high risk,MISSING,INTERVENTIONAL,OTHER,ALL,ACTUAL,17.0,2.8903717578961645,4,3,1,1,2254,573,2007.0,0,1,1,0,0,0
NCT02390401,Vacuum Assisted Closure for Cesarean Section,TERMINATED,1,high risk,PHASE1,INTERVENTIONAL,OTHER,FEMALE,ACTUAL,166.0,5.117993812416755,1,2,4,1,320,165,2015.0,0,1,0,0,0,0
NCT03968081,Exploration of Theory of Mind in a Situation of Social Rejection in Borderline Personality Disorder,TERMINATED,1,high risk,MISSING,INTERVENTIONAL,OTHER,ALL,ACTUAL,10.0,2.3978952727983707,4,1,1,1,309,1979,2019.0,0,1,1,0,0,0
NCT06032546,"A Study to Assess Change in Disease Activity, Adverse Events, and How the Drug Moves Through the Body in Adult Participants Living With Human Immunodeficiency Virus (HIV) Receiving Intravenous (IV) Infusion or Subcutaneous (SC) Injection of Budigalimab and/or ABBV-382",TERMINATED,1,high risk,PHASE2,INTERVENTIONAL,INDUSTRY,ALL,ACTUAL,163.0,5.099866427824199,1,5,80,13,1439,2347,2023.0,1,1,0,0,0,0
NCT01791127,Safety and Performance Study of the Siello S Pacing Lead,TERMINATED,1,high risk,MISSING,OBSERVATIONAL,INDUSTRY,ALL,ACTUAL,1758.0,7.472500744737558,1,1,53,1,932,119,2013.0,0,1,1,0,0,0
NCT03094169,AVID100 in Advanced Epithelial Carcinomas,TERMINATED,1,high risk,PHASE1; PHASE2,INTERVENTIONAL,INDUSTRY,ALL,ACTUAL,49.0,3.912023005428146,4,1,10,1,5133,534,2017.0,0,1,0,0,0,0
NCT02200354,The Safety and Efficacy of Pemetrexed Rechallenge With Bevacizumab,TERMINATED,1,high risk,PHASE2,INTERVENTIONAL,OTHER,ALL,ACTUAL,20.0,3.044522437723423,1,1,1,1,266,754,2014.0,0,1,0,0,0,0
NCT04028466,Effectiveness of Vonoprazan vs Omeprazole as Empiric Therapy for Gastroesophageal Reflux Disease (GERD) Patients Without Alarm Features,TERMINATED,1,high risk,PHASE4,INTERVENTIONAL,OTHER,ALL,ACTUAL,82.0,4.418840607796598,2,2,1,1,1601,1096,2019.0,0,1,0,0,0,0
NCT01632566,A Multiple-dose Study of LY3031207 in Healthy Participants,TERMINATED,1,high risk,PHASE1,INTERVENTIONAL,INDUSTRY,ALL,ACTUAL,39.0,3.6888794541139363,1,4,1,1,621,647,2012.0,1,1,0,0,0,0
NCT00840294,Randomized Trial of Ciprofloxacin Versus Observation for Men With Elevated Prostate Specific Antigen (PSA),TERMINATED,1,high risk,PHASE3,INTERVENTIONAL,OTHER,MALE,ACTUAL,85.0,4.454347296253507,1,1,1,1,445,149,2009.0,0,1,0,0,0,0
NCT05480566,Functional Strength Training and Neuromuscular Electrical Stimulation in Severe Acute Exacerbations of COPD,TERMINATED,1,high risk,MISSING,INTERVENTIONAL,OTHER,ALL,ACTUAL,35.0,3.58351893845611,2,4,1,1,783,1251,2022.0,0,1,1,0,0,0
NCT04551066,To Evaluate the Efficacy and Safety of Parsaclisib and Ruxolitinib in Participants With Myelofibrosis (LIMBER-313),TERMINATED,1,high risk,PHASE3,INTERVENTIONAL,INDUSTRY,ALL,ACTUAL,252.0,5.53338948872752,4,3,177,17,2958,173,2021.0,1,1,0,0,0,0
NCT03562702,Comparing Speedlyte and IV Rehydration Treating Children With Gastroenteritis in a Pediatric Emergency Department (ED),TERMINATED,1,high risk,MISSING,INTERVENTIONAL,OTHER,ALL,ACTUAL,5.0,1.791759469228055,2,2,1,1,933,178,2018.0,0,0,1,0,0,0
NCT06654245,Assessing and Addressing Follow-up Care Needs That Will Facilitate Care Transitions for Cancer Survivors,TERMINATED,1,high risk,MISSING,INTERVENTIONAL,OTHER,ALL,ACTUAL,5.0,1.791759469228055,4,4,1,1,470,972,2025.0,0,1,1,0,0,0
NCT02990845,Pembrolizumab and Exemestane/ Leuprolide in Premenopausal HR+/ HER2- Locally Advanced or Metastatic Breast Cancer,TERMINATED,1,high risk,PHASE1; PHASE2,INTERVENTIONAL,OTHER,FEMALE,ACTUAL,16.0,2.833213344056216,1,1,1,1,4148,599,2017.0,0,1,0,0,0,0
NCT03144375,QOL Outcomes in CRS With Polyps,TERMINATED,1,high risk,MISSING,INTERVENTIONAL,OTHER,ALL,ACTUAL,28.0,3.367295829986474,1,2,1,1,256,1236,2015.0,0,1,1,0,0,0
NCT01648712,Platelet Function With New Pediatric Oxygenator and Heparin and Non Heparin Coating in Pediatric Cardiac Surgery,TERMINATED,1,high risk,MISSING,INTERVENTIONAL,OTHER,ALL,ACTUAL,48.0,3.8918202981106265,1,2,1,1,619,1120,2013.0,0,0,1,0,0,0
NCT00548327,The Effects of Atomoxetine on Cognition and Brain Function Based on Catechol-O-methyltransferase(COMT) Genotype,TERMINATED,1,high risk,PHASE2,INTERVENTIONAL,NIH,ALL,ACTUAL,11.0,2.4849066497880004,3,4,1,1,2224,339,2007.0,1,1,0,0,0,0
NCT01151527,Peripheral Blood Biomarkers in Idiopathic Interstitial Pneumonias,TERMINATED,1,high risk,MISSING,OBSERVATIONAL,OTHER,ALL,ACTUAL,269.0,5.598421958998375,1,0,2,1,253,293,2010.0,0,1,1,0,0,0
NCT04791761,Non-Opioid Pain Medications After Intracapsular Adenotonsillectomy,TERMINATED,1,high risk,PHASE1; PHASE2,INTERVENTIONAL,OTHER,ALL,ACTUAL,73.0,4.30406509320417,3,5,1,1,571,1165,2021.0,0,0,0,0,0,0
NCT01888042,Assessing Everolimus in Fist Line Treatment on Patients With Metastatic Kidney Cancer,TERMINATED,1,high risk,PHASE2,INTERVENTIONAL,OTHER,ALL,ACTUAL,61.0,4.127134385045092,1,1,1,1,2635,314,2011.0,0,1,0,0,0,0
NCT00003386,Vaccine Therapy in Treating Patients With Stage III or Stage IV Ovarian Epithelial Cancer,TERMINATED,1,high risk,PHASE2,INTERVENTIONAL,NETWORK,FEMALE,MISSING,,,1,8,60,2,1304,257,1999.0,0,1,0,0,0,0
NCT04506086,Feasibility Study to Evaluate Outpatient Blinatumomab in Subjects With Minimal Residual Disease (MRD) of B-precursor Acute Lymphoblastic Leukemia (ALL),TERMINATED,1,high risk,PHASE4,INTERVENTIONAL,INDUSTRY,ALL,ACTUAL,10.0,2.3978952727983707,1,2,12,1,6969,216,2021.0,0,1,0,0,0,0
NCT02177773,GA-68 DOTA-TOC of Somatostatin Positive Malignancies,TERMINATED,1,high risk,PHASE1; PHASE2,INTERVENTIONAL,OTHER,ALL,ACTUAL,300.0,5.707110264748875,4,4,1,1,1742,671,2014.0,0,0,0,0,0,0
NCT04582669,Optimizing Intralesional Triamcinolone Dosing for Hidradenitis Suppurativa,TERMINATED,1,high risk,PHASE4,INTERVENTIONAL,OTHER,ALL,ACTUAL,11.0,2.4849066497880004,1,4,1,1,995,370,2022.0,1,0,0,0,0,0
NCT04315883,"Yttrium-90 (TARE-Y90) in Children, Adolescents, and Young Adults With Liver Tumors",TERMINATED,1,high risk,MISSING,OBSERVATIONAL,OTHER,ALL,ACTUAL,3.0,1.3862943611198906,6,2,2,1,204,541,2021.0,0,0,1,0,0,0
NCT05430854,Study of Daxdilimab (HZN-7734) for the Treatment of Systemic Lupus Erythematosus in an Open-label Extension Study,TERMINATED,1,high risk,PHASE2,INTERVENTIONAL,INDUSTRY,ALL,ACTUAL,155.0,5.049856007249537,1,1,52,9,1228,217,2022.0,0,1,0,0,0,0
NCT02627794,Rates of Middle Meatus Synechiae Formation Post Endoscopic Sinus Surgery,TERMINATED,1,high risk,PHASE3,INTERVENTIONAL,OTHER,ALL,ACTUAL,3.0,1.3862943611198906,1,2,1,1,1171,1051,2015.0,0,1,0,0,0,0
NCT00006222,EMD 121974 in Treating Patients With HIV-Related Kaposi's Sarcoma,TERMINATED,1,high risk,PHASE1,INTERVENTIONAL,NIH,ALL,ACTUAL,30.0,3.4339872044851463,1,1,3,1,2238,202,2000.0,0,1,0,0,0,0
NCT00262951,Chemoradiation in Locally Advanced Pancreatic Cancer,TERMINATED,1,high risk,PHASE2,INTERVENTIONAL,OTHER,ALL,ACTUAL,23.0,3.1780538303479458,1,5,1,1,2931,865,2005.0,0,1,0,0,0,0
NCT01602302,Ultrasound and Withdrawal of Biological DMARDs in Rheumatoid Arthritis,TERMINATED,1,high risk,PHASE4,INTERVENTIONAL,OTHER,ALL,ACTUAL,40.0,3.713572066704308,1,1,1,1,1521,332,2012.0,0,1,0,0,0,0
NCT01029795,A Study of LY2599506 (Oral Agent Medication: Glucokinase Activator 1) in Type 2 Diabetes Mellitus,TERMINATED,1,high risk,PHASE2,INTERVENTIONAL,INDUSTRY,ALL,ACTUAL,38.0,3.6635616461296463,1,3,16,7,3353,649,2010.0,1,1,0,0,0,0
NCT00540995,"Busulfan, Etoposide, and Intensity-Modulated Radiation Therapy Followed By Donor Stem Cell Transplant in Treating Patients With Advanced Myeloid Cancer",TERMINATED,1,high risk,PHASE1; PHASE2,INTERVENTIONAL,OTHER,ALL,ACTUAL,25.0,3.258096538021482,15,7,1,1,2411,974,2007.0,0,0,0,0,0,0
NCT02094157,Tapered Warfarin or Interrupted Warfarin With Heparin Bridging for Pacemaker or Defibrillator Implantation,TERMINATED,1,high risk,PHASE3,INTERVENTIONAL,OTHER,ALL,ACTUAL,173.0,5.159055299214529,3,2,2,1,686,1471,2007.0,0,1,0,0,0,0
NCT00790101,Risedronate vs Raloxifene in Hormone Replacement Therapy Discontinuation,TERMINATED,1,high risk,PHASE4,INTERVENTIONAL,INDUSTRY,FEMALE,ACTUAL,6.0,1.9459101490553132,1,3,1,1,3245,263,2004.0,1,0,0,0,0,0
NCT03025412,A Comparison of Endoscopic Surgery and Exercise Therapy in Patients With Longstanding Achilles Tendinopathy,TERMINATED,1,high risk,MISSING,INTERVENTIONAL,OTHER,ALL,ACTUAL,10.0,2.3978952727983707,1,2,1,1,350,514,2017.0,0,1,1,0,0,0
NCT00725062,Donor T Cells in Treating Patients With High-Risk Hematologic Cancer Undergoing Donor Peripheral Blood Stem Cell Transplant,TERMINATED,1,high risk,PHASE1,INTERVENTIONAL,OTHER,ALL,ACTUAL,3.0,1.3862943611198906,5,2,1,1,1391,883,2008.0,0,1,0,0,0,0
NCT05194462,Home Biofeedback or Pelvic Floor Physical Therapy for Postpartum Urinary Incontinence.,TERMINATED,1,high risk,MISSING,INTERVENTIONAL,OTHER,FEMALE,ACTUAL,3.0,1.3862943611198906,2,2,3,1,690,589,2024.0,0,1,1,0,0,0
NCT03490162,Safety and Pharmacokinetics Study of DM1157 to Treat Malaria,TERMINATED,1,high risk,PHASE1,INTERVENTIONAL,NIH,ALL,ACTUAL,50.0,3.9318256327243257,1,2,1,1,5946,1029,2018.0,1,1,0,0,0,0
NCT03059446,Rollover Study of Cenicriviroc for the Treatment of Liver Fibrosis in Participants With Nonalcoholic Steatohepatitis,TERMINATED,1,high risk,PHASE2,INTERVENTIONAL,INDUSTRY,ALL,ACTUAL,167.0,5.123963979403259,3,1,71,11,1096,273,2017.0,0,1,0,0,0,0
NCT06620861,Investigation on a New Power Knee Firmware Update on Gait and Daily Life Activities for Transfemoral Amputees,TERMINATED,1,high risk,MISSING,INTERVENTIONAL,INDUSTRY,ALL,ACTUAL,6.0,1.9459101490553132,2,2,1,1,814,517,2024.0,0,1,1,0,0,0
NCT00579254,Real Life Experience With Caduet In Patients With Cardiovascular Risk Factors,TERMINATED,1,high risk,MISSING,OBSERVATIONAL,INDUSTRY,ALL,ACTUAL,112.0,4.727387818712341,1,1,0,0,843,291,2007.0,0,1,1,0,0,0
NCT03462966,Rifaximin on Visceral Hypersensitivity,TERMINATED,1,high risk,PHASE2,INTERVENTIONAL,OTHER,ALL,ACTUAL,4.0,1.6094379124341003,2,1,1,1,2195,1690,2018.0,0,1,0,0,0,0
NCT03442556,"Docetaxel, Carboplatin, and Rucaparib Camsylate in Treating Patients With Metastatic Castration Resistant Prostate Cancer With Homologous Recombination DNA Repair Deficiency",TERMINATED,1,high risk,PHASE2,INTERVENTIONAL,OTHER,MALE,ACTUAL,18.0,2.9444389791664403,10,5,1,1,5146,826,2018.0,0,1,0,0,0,0
NCT04029922,Study of MT-5111 in HER2-positive Solid Tumors,TERMINATED,1,high risk,PHASE1,INTERVENTIONAL,INDUSTRY,ALL,ACTUAL,50.0,3.9318256327243257,1,1,30,3,2528,195,2019.0,0,1,0,0,0,0
NCT00333229,A Study of Zoledronic Acid in the Prevention of Cancer Therapy-induced Bone Loss,TERMINATED,1,high risk,PHASE4,INTERVENTIONAL,INDUSTRY,FEMALE,ACTUAL,11.0,2.4849066497880004,1,2,1,1,1581,584,2006.0,1,1,0,0,0,0
NCT02895529,A Study Comparing the Efficacy of Intravenous Followed by Oral Itraconazole With Intravenous Caspofungin For Empiric Antifungal Therapy in Neutropenic Participants With Hematological Malignancy,TERMINATED,1,high risk,PHASE4,INTERVENTIONAL,INDUSTRY,ALL,ACTUAL,61.0,4.127134385045092,1,2,12,1,2106,281,2016.0,0,1,0,0,0,0
NCT01471431,Extubation Readiness Study in Very Low Birthweight Infants,TERMINATED,1,high risk,MISSING,INTERVENTIONAL,OTHER,ALL,ACTUAL,81.0,4.406719247264253,1,1,2,1,579,271,2011.0,0,0,1,0,0,0
NCT04085237,ESP Block for Laparoscopic Nephrectomy Surgeries,TERMINATED,1,high risk,MISSING,INTERVENTIONAL,OTHER,ALL,ACTUAL,10.0,2.3978952727983707,2,2,1,1,888,1940,2020.0,0,1,1,0,0,0
NCT00830245,A Study to Assess the Efficacy of Erlotinib for Leptomeningeal Carcinomatosis in EGFR Mutation Positive Non-small Cell Lung Cancer,TERMINATED,1,high risk,PHASE2,INTERVENTIONAL,OTHER,ALL,ESTIMATED,20.0,3.044522437723423,2,1,1,1,1914,121,2009.0,0,1,0,0,0,0
NCT03757572,Alginate Dressings Versus Gauge Dressings After Pilonidal Cyst Resection: Examination of the Quality of Life,TERMINATED,1,high risk,MISSING,INTERVENTIONAL,OTHER,ALL,ACTUAL,65.0,4.189654742026425,1,2,1,1,278,323,2018.0,0,1,1,0,0,0
NCT03189030,Study of Personalized Immunotherapy in Adults With Metastatic Colorectal Cancer,TERMINATED,1,high risk,PHASE1,INTERVENTIONAL,INDUSTRY,ALL,ACTUAL,28.0,3.367295829986474,1,1,5,1,723,189,2017.0,0,1,0,0,0,0
NCT01412528,Phase II Study to Standardize Allergen Extracts: Determination of Biological Activity in HEP Units,TERMINATED,1,high risk,PHASE2,INTERVENTIONAL,OTHER,ALL,ESTIMATED,160.0,5.081404364984463,1,1,1,1,1171,1421,2009.0,0,1,0,0,0,0
NCT01807962,Local Injection Under US Control in GTPS.,TERMINATED,1,high risk,PHASE3,INTERVENTIONAL,OTHER,ALL,ACTUAL,46.0,3.8501476017100584,2,2,1,1,2124,134,2011.0,0,1,0,0,0,0
NCT03605303,Clinical Evaluation of Etafilcon A Contact Lenses Using a Novel Molding Process,TERMINATED,1,high risk,MISSING,INTERVENTIONAL,INDUSTRY,ALL,ACTUAL,3.0,1.3862943611198906,1,2,1,1,1979,316,2018.0,0,1,1,0,0,0
NCT01033227,Safety and Efficacy of Sodium Nitrite in Sickle Cell Disease,TERMINATED,1,high risk,PHASE1; PHASE2,INTERVENTIONAL,OTHER,ALL,ACTUAL,5.0,1.791759469228055,1,1,1,1,2309,266,2009.0,0,0,0,0,0,0
NCT05199142,"A Study to Evaluate the Safety, Tolerability, and Pharmacodynamics of SDI-118 in Elderly Male and Female Study Participants With Cognitive Decline",TERMINATED,1,high risk,PHASE1,INTERVENTIONAL,INDUSTRY,ALL,ACTUAL,5.0,1.791759469228055,1,2,2,2,5657,264,2021.0,1,1,0,0,0,0
NCT02261883,Remodulin as Add-on Therapy for the Treatment of Persistent Pulmonary Hypertension of the Newborn,TERMINATED,1,high risk,PHASE2,INTERVENTIONAL,INDUSTRY,ALL,ACTUAL,42.0,3.7612001156935624,1,2,14,1,2013,176,2015.0,1,0,0,0,0,0
NCT00141583,The Renin-Angiotensin System in Essential Hypertension,TERMINATED,1,high risk,MISSING,INTERVENTIONAL,OTHER,ALL,ESTIMATED,11.0,2.4849066497880004,1,2,1,1,268,396,2004.0,0,1,1,0,0,0
NCT00456105,The Effect of a Diabetes Action Team in Patients Post Infrainguinal Bypass Surgery With and Without Diabetes,TERMINATED,1,high risk,MISSING,INTERVENTIONAL,OTHER,ALL,ACTUAL,10.0,2.3978952727983707,2,3,1,1,728,532,2006.0,0,1,1,0,0,0
NCT00664105,Ph II Concurrent Chemo t/Docetaxel/Carboplatin/Radio Therapy-consolidation t/Locally Adv Inoperable Non-Small Cell Lung Cancer (NSCLC),TERMINATED,1,high risk,PHASE2,INTERVENTIONAL,OTHER,ALL,ACTUAL,63.0,4.1588830833596715,1,3,15,1,2119,800,2004.0,0,1,0,0,0,0
NCT00765466,"A Phase II Open Label, Multi-Center Study With AVR118 in Anorectic Patients With Recurrent or Advanced Malignancies",TERMINATED,1,high risk,PHASE2,INTERVENTIONAL,OTHER,ALL,ESTIMATED,30.0,3.4339872044851463,1,1,1,1,2639,558,2007.0,0,1,0,0,0,0
NCT03058822,Relative Bioavailability of BMS-931699 From Prefilled Syringe Compared to Drug in Vial,TERMINATED,1,high risk,PHASE1,INTERVENTIONAL,INDUSTRY,ALL,ACTUAL,5.0,1.791759469228055,1,1,1,1,1274,103,2017.0,0,1,0,0,0,0
NCT04719845,DilAtation Versus Endoscopic Laser Resection in Simple Benign trAcheal sTEnosis,TERMINATED,1,high risk,MISSING,INTERVENTIONAL,OTHER,ALL,ACTUAL,108.0,4.6913478822291435,1,2,4,2,382,119,2021.0,0,1,1,0,0,0
NCT01629095,Genetic Studies of Non-Alcoholic Fatty Liver Disease,TERMINATED,1,high risk,MISSING,OBSERVATIONAL,NIH,ALL,ACTUAL,17.0,2.8903717578961645,3,0,5,1,1986,1001,2013.0,0,0,1,0,0,0
NCT04427995,Standalone OMNI Surgical System for Open-angle Glaucoma,TERMINATED,1,high risk,MISSING,OBSERVATIONAL,OTHER,ALL,ACTUAL,30.0,3.4339872044851463,1,1,1,1,595,682,2019.0,0,1,1,0,0,0
NCT00224939,Pre-ESRD Syndrome in High Risk African Americans,TERMINATED,1,high risk,MISSING,INTERVENTIONAL,NIH,ALL,ESTIMATED,144.0,4.976733742420574,1,1,1,1,162,255,2002.0,0,1,1,0,0,0
NCT01137877,Growth and Tolerance of Healthy Term Infants to a New Infant Formula,TERMINATED,1,high risk,PHASE3,INTERVENTIONAL,INDUSTRY,ALL,ACTUAL,399.0,5.991464547107982,1,4,20,1,792,167,2010.0,0,0,0,0,0,0
NCT05744375,Trastuzumab Deruxtecan in First-line HER2-positive Locally Advanced/MBC Patients Resistant to Trastuzumab+Pertuzumab,TERMINATED,1,high risk,PHASE2,INTERVENTIONAL,OTHER,ALL,ACTUAL,2.0,1.0986122886681098,2,1,19,1,9815,978,2023.0,0,1,0,0,0,0
NCT01688362,Platelet Rich Plasma vs. Corticosteroid Injection in the Treatment of Partial Rotator Cuff Tears,TERMINATED,1,high risk,PHASE1,INTERVENTIONAL,OTHER,ALL,ACTUAL,12.0,2.5649493574615367,1,2,1,1,444,819,2012.0,0,1,0,0,0,0
NCT01104662,Study of Daptomycin Safety and Efficacy for Complicated Skin and Skin Structure Infections (cSSSI) and Bacteremia in Renal Impairment,TERMINATED,1,high risk,PHASE4,INTERVENTIONAL,INDUSTRY,ALL,ACTUAL,92.0,4.532599493153256,3,3,10,1,5120,942,2010.0,0,1,0,0,0,0
NCT01913327,Antipsychotic Effects on Brain Function in Schizophrenia,TERMINATED,1,high risk,PHASE4,INTERVENTIONAL,OTHER,ALL,ACTUAL,4.0,1.6094379124341003,3,3,1,1,876,211,2013.0,0,1,0,0,0,0
NCT02664961,Study of TRC105 and Bevacizumab in Patients With Refractory Gestational Trophoblastic Neoplasia (GTN),TERMINATED,1,high risk,PHASE2,INTERVENTIONAL,INDUSTRY,FEMALE,ACTUAL,3.0,1.3862943611198906,4,2,3,1,3862,317,2016.0,0,0,0,0,0,0
NCT03099161,Study of Preladenant (MK-3814) Alone and With Pembrolizumab (MK-3475) in Participants With Advanced Solid Tumors (MK-3814A-062),TERMINATED,1,high risk,PHASE1,INTERVENTIONAL,INDUSTRY,ALL,ACTUAL,10.0,2.3978952727983707,1,2,5,3,3844,588,2017.0,0,1,0,0,0,0
NCT05184283,Utilization of MAsS in Patients Undergoing LT for HCC,TERMINATED,1,high risk,MISSING,OBSERVATIONAL,OTHER,ALL,ACTUAL,11.0,2.4849066497880004,6,0,1,1,351,194,2022.0,0,1,1,0,0,0
NCT03385083,Clinical Outcomes in Chronic Low Pain Back Utilizing Activity Trackers,TERMINATED,1,high risk,MISSING,INTERVENTIONAL,OTHER,ALL,ACTUAL,2.0,1.0986122886681098,1,3,1,1,480,161,2017.0,0,1,1,0,0,0
NCT04059302,Internet Cognitive Behavioral Therapy for Insomnia to Prevent Cardiovascular Disease,TERMINATED,1,high risk,MISSING,INTERVENTIONAL,OTHER,ALL,ACTUAL,12.0,2.5649493574615367,2,1,1,1,2971,1174,2019.0,0,1,1,0,0,0
NCT02815345,Objectives and Measures Dimensions Nasal Resistance of Preterm and Term (MODERN),TERMINATED,1,high risk,MISSING,INTERVENTIONAL,OTHER,ALL,ACTUAL,100.0,4.61512051684126,1,1,1,1,325,1246,2014.0,0,0,1,0,0,0
NCT03051672,Phase II PEMBROLIZUMAB + PALLIATIVE RADIOTHERAPY IN BC,TERMINATED,1,high risk,PHASE2,INTERVENTIONAL,OTHER,ALL,ACTUAL,8.0,2.1972245773362196,1,2,1,1,7241,276,2017.0,0,1,0,0,0,0
NCT02508077,FOLFIRI and Panitumumab in Treating Patients With RAS and BRAF Wild-Type Metastatic Colorectal Cancer,TERMINATED,1,high risk,PHASE2,INTERVENTIONAL,OTHER,ALL,ACTUAL,1.0,0.6931471805599453,3,5,4,1,5685,1148,2016.0,0,1,0,0,0,0
NCT03630601,"Photoacoustic Imaging in Diagnosing Changes in Tumors in Participants With Breast Cancer, Sarcoma, Skin Cancer, or Soft Tissue Malignancy and Healthy Volunteers",TERMINATED,1,high risk,MISSING,INTERVENTIONAL,OTHER,ALL,ACTUAL,7.0,2.0794415416798357,5,1,1,1,1262,573,2018.0,0,1,1,0,0,0
NCT00690222,Intracameral Mydriasis Versus Topical Mydriasis in Cataract Surgery,TERMINATED,1,high risk,MISSING,INTERVENTIONAL,OTHER,ALL,ACTUAL,80.0,4.394449154672439,4,1,1,1,1083,613,2008.0,0,1,1,0,0,0
NCT03698851,Assessment of the Accuracy of the Clinical Parameters & Radiographs in Determining the Topography of Implant Bony Lesions,TERMINATED,1,high risk,MISSING,INTERVENTIONAL,OTHER,ALL,ACTUAL,4.0,1.6094379124341003,1,2,1,1,629,909,2018.0,0,1,1,0,0,0
NCT02088151,Selective Retinal Pigment Epithelium Laser Therapy for Macular Disease of the Retina,TERMINATED,1,high risk,MISSING,INTERVENTIONAL,OTHER,ALL,ACTUAL,18.0,2.9444389791664403,5,1,1,1,598,1329,2010.0,0,1,1,0,0,0
NCT05100251,Clinical Trial of WBC100 on Advanced Solid Tumor,TERMINATED,1,high risk,PHASE1,INTERVENTIONAL,OTHER,ALL,ACTUAL,68.0,4.23410650459726,1,3,1,1,4592,81,2021.0,0,1,0,0,0,0
NCT02335229,A Post Market Study to Assess the Spinal Modulation Dorsal Root Ganglion Stimulator System in Chronic Post Surgical Pain,TERMINATED,1,high risk,MISSING,OBSERVATIONAL,INDUSTRY,ALL,ACTUAL,30.0,3.4339872044851463,1,1,1,1,1887,198,2013.0,0,1,1,0,0,0
NCT01680029,PBASE-system Acute Migraine Clinical Investigation,TERMINATED,1,high risk,MISSING,INTERVENTIONAL,INDUSTRY,ALL,ESTIMATED,50.0,3.9318256327243257,1,1,3,1,3354,277,2013.0,0,1,1,0,0,0
NCT01767831,Evaluation of a Simulation-Based Educational Tool for Personalized Feedback in Insulin Therapy Management,TERMINATED,1,high risk,MISSING,OBSERVATIONAL,OTHER,ALL,ACTUAL,15.0,2.772588722239781,1,1,1,1,3306,2958,2013.0,0,1,1,0,0,0
NCT03913702,Subacromial Methylprednisolone Versus Ketorolac for Shoulder Impingement,TERMINATED,1,high risk,PHASE2,INTERVENTIONAL,OTHER,ALL,ACTUAL,1.0,0.6931471805599453,2,2,1,1,942,181,2019.0,0,1,0,0,0,0
NCT03428945,Hydroxychloroquine in Individuals At-risk for Type 1 Diabetes Mellitus,TERMINATED,1,high risk,PHASE2,INTERVENTIONAL,NIH,ALL,ACTUAL,273.0,5.6131281063880705,1,2,51,6,1853,198,2018.0,1,0,0,0,0,0
NCT00593645,"Clofarabine, Cytarabine, and Thymoglobulin for Allogeneic Transplantation",TERMINATED,1,high risk,PHASE2,INTERVENTIONAL,OTHER,ALL,ACTUAL,7.0,2.0794415416798357,2,4,1,1,2623,240,2007.0,0,1,0,0,0,0
NCT00715845,Carbon Dioxide Insufflation on Cerebral Microemboli,TERMINATED,1,high risk,PHASE2; PHASE3,INTERVENTIONAL,OTHER,ALL,ACTUAL,20.0,3.044522437723423,4,1,1,1,427,268,2008.0,0,1,0,0,0,0
NCT00875095,Impact of Sperm DNA Integrity on Artificial Reproductive Treatment (ART),TERMINATED,1,high risk,MISSING,OBSERVATIONAL,OTHER,MALE,ACTUAL,8.0,2.1972245773362196,1,0,1,1,164,272,2007.0,0,1,1,0,0,0
NCT04066595,Cabozantinib in Patients With Locally Advanced or Metastatic Urothelial Cell Carcinoma.,TERMINATED,1,high risk,PHASE2,INTERVENTIONAL,OTHER,ALL,ACTUAL,7.0,2.0794415416798357,1,1,1,1,6975,509,2020.0,0,1,0,0,0,0
NCT01969539,Ventilator Adapters for Combivent Respimat,TERMINATED,1,high risk,PHASE4,INTERVENTIONAL,INDUSTRY,ALL,ACTUAL,11.0,2.4849066497880004,1,2,2,1,4030,218,2013.0,0,1,0,0,0,0
NCT02642939,Study of Oral Mifepristone as Salvage Therapy in Patients With Advanced or Metastatic Non-Small Cell Lung Cancer,TERMINATED,1,high risk,PHASE2,INTERVENTIONAL,INDIV,ALL,ACTUAL,3.0,1.3862943611198906,1,1,1,1,5927,714,2015.0,0,1,0,0,0,0
NCT01402739,Algorithm-Guided Transfusions in Cardiac Surgery Patients for Reduction of Drainage Blood Losses,TERMINATED,1,high risk,MISSING,INTERVENTIONAL,OTHER,ALL,ACTUAL,100.0,4.61512051684126,2,2,1,1,897,607,2011.0,0,1,1,0,0,0
NCT03277612,Effects of C-section Delivery on Infant Brain Development,TERMINATED,1,high risk,MISSING,OBSERVATIONAL,OTHER,FEMALE,ACTUAL,9.0,2.302585092994046,1,0,1,1,783,120,2017.0,0,1,1,0,0,0
NCT00316212,Study of INS50589 Intravenous Infusion in Subjects Undergoing Coronary Artery Bypass Grafting (CABG) Involving Cardiopulmonary Bypass,TERMINATED,1,high risk,PHASE2,INTERVENTIONAL,INDUSTRY,ALL,MISSING,160.0,5.081404364984463,1,1,27,1,519,184,2006.0,0,1,0,0,0,0
NCT00756912,A Study of Eritoran (E5564) Administered IV Over 14 Days Prior to and During Bone Marrow Engraftment in BMT Patients Who Have Received Myeloablative Conditioning Treatment and Are Receiving Bone Marrow or Stem Cells From Matched Related Donors,TERMINATED,1,high risk,PHASE1,INTERVENTIONAL,INDUSTRY,ALL,ACTUAL,30.0,3.4339872044851463,1,1,1,1,4166,302,2008.0,0,1,0,0,0,0
NCT00396812,Rituximab for the Treatment of Early Rheumatoid Arthritis (RA),TERMINATED,1,high risk,PHASE1; PHASE2,INTERVENTIONAL,NIH,ALL,ACTUAL,4.0,1.6094379124341003,1,1,1,1,2753,1024,2006.0,0,1,0,0,0,0
NCT00720512,Second-Line Combination Chemotherapy With or Without Bevacizumab in Treating Patients With Metastatic Colorectal Cancer Who Have Received First-Line Chemotherapy and Bevacizumab,TERMINATED,1,high risk,PHASE3,INTERVENTIONAL,OTHER,ALL,ACTUAL,184.0,5.220355825078324,1,5,21,1,3038,860,2008.0,0,1,0,0,0,0
NCT05065619,Safety Immunogenicity Study of MT-2766 in Japanese Adults（COVID-19）,TERMINATED,1,high risk,PHASE1; PHASE2,INTERVENTIONAL,INDUSTRY,ALL,ACTUAL,128.0,4.859812404361672,1,3,3,1,7949,103,2021.0,1,1,0,0,0,0
NCT04455919,Yoga for Chronic Chikungunya,TERMINATED,1,high risk,MISSING,INTERVENTIONAL,OTHER,ALL,ACTUAL,42.0,3.7612001156935624,1,2,1,1,922,569,2019.0,0,1,1,0,0,0
NCT03194828,Real-time Glaucoma Medication Adherence,TERMINATED,1,high risk,MISSING,INTERVENTIONAL,OTHER,ALL,ACTUAL,5.0,1.791759469228055,1,2,8,1,502,346,2017.0,0,1,1,0,0,0
NCT04360928,Knee Split Comparison After ACL Reconstruction,TERMINATED,1,high risk,MISSING,INTERVENTIONAL,OTHER,ALL,ACTUAL,21.0,3.091042453358316,3,2,1,1,1237,701,2023.0,0,1,1,0,0,0
NCT03044600,Gene Expression in Hyperparathyroidism,TERMINATED,1,high risk,MISSING,OBSERVATIONAL,OTHER,ALL,ACTUAL,22.0,3.1354942159291497,2,2,1,1,354,420,2012.0,0,1,1,0,0,0
NCT03607500,Effect of Moderate Caloric Restriction on Glomerular Growth After Kidney Transplantation,TERMINATED,1,high risk,MISSING,INTERVENTIONAL,OTHER,ALL,ACTUAL,1.0,0.6931471805599453,4,1,1,1,385,486,2019.0,0,1,1,0,0,0
NCT03955471,Study to Evaluate the Efficacy and Safety of the Combination of Niraparib and Dostarlimab (TSR-042) in Participants With Platinum Resistant Ovarian Cancer,TERMINATED,1,high risk,PHASE2,INTERVENTIONAL,INDUSTRY,FEMALE,ACTUAL,41.0,3.7376696182833684,1,2,27,1,5221,436,2019.0,0,1,0,0,0,0
NCT01681264,Effect of Guanfacine on Opioid-induced Hyperalgesia (OIH) and Tolerance,TERMINATED,1,high risk,PHASE4,INTERVENTIONAL,OTHER,ALL,ACTUAL,137.0,4.927253685157205,1,4,1,1,2958,83,2014.0,1,1,0,0,0,0
NCT01140399,REWORD-HF REverse WOrsening Renal Function in Decompensated Heart Failure,TERMINATED,1,high risk,PHASE4,INTERVENTIONAL,OTHER,ALL,ACTUAL,10.0,2.3978952727983707,1,2,16,1,1301,501,2011.0,0,1,0,0,0,0
NCT00646763,A Randomized Study of the Site for Growth Factor Injection for Patients Undergoing Autologous Stem Cell Transplantation,TERMINATED,1,high risk,PHASE2,INTERVENTIONAL,OTHER,ALL,ACTUAL,35.0,3.58351893845611,1,2,1,1,611,164,2008.0,0,1,0,0,0,0
NCT02845063,Effect of ACE Genotype on Cardiovascular Rehabilitation,TERMINATED,1,high risk,PHASE2,INTERVENTIONAL,OTHER,ALL,ACTUAL,60.0,4.110873864173311,1,3,2,1,2090,552,2016.0,0,1,0,0,0,0
NCT02322021,"Dose-Finding Study To Evaluate Safety, Tolerability, and Efficacy of E2609 in Participants With Mild Cognitive Impairment Due to Alzheimer's Disease (Prodromal Alzheimer's Disease) and Mild to Moderate Dementia Due to Alzheimer's Disease",TERMINATED,1,high risk,PHASE2,INTERVENTIONAL,INDUSTRY,ALL,ACTUAL,70.0,4.2626798770413155,2,2,21,1,5980,343,2014.0,1,1,0,0,0,0
NCT02340221,A Study of Taselisib + Fulvestrant Versus Placebo + Fulvestrant in Participants With Advanced or Metastatic Breast Cancer Who Have Disease Recurrence or Progression During or After Aromatase Inhibitor Therapy,TERMINATED,1,high risk,PHASE3,INTERVENTIONAL,INDUSTRY,FEMALE,ACTUAL,631.0,6.448889394146858,1,3,157,28,2805,785,2015.0,1,1,0,0,0,0
NCT04328714,Interferon γ-Primed Mesenchymal Stromal Cells as Prophylaxis for Acute Graft v Host Disease,TERMINATED,1,high risk,PHASE1,INTERVENTIONAL,OTHER,ALL,ACTUAL,4.0,1.6094379124341003,2,1,3,1,2433,259,2021.0,0,0,0,0,0,0
NCT00689884,Feasibility and Cost Analysis of PBSC Mobilization Using Pegfilgrastim in Hematologic Malignancies,TERMINATED,1,high risk,MISSING,INTERVENTIONAL,OTHER,ALL,ACTUAL,7.0,2.0794415416798357,1,1,1,1,2718,393,2007.0,0,1,1,0,0,0
NCT03569033,Study of Gefapixant (MK-7264) in Acute Cough for Participants With Induced Viral Upper Respiratory Tract Infection (URTI) (MK-7264-013),TERMINATED,1,high risk,PHASE2,INTERVENTIONAL,INDUSTRY,ALL,ACTUAL,46.0,3.8501476017100584,1,2,1,1,852,186,2018.0,1,1,0,0,0,0
NCT02314247,Efficacy and Safety Study of Selinexor in Relapsed or Refractory Peripheral T-cell Lymphoma or Cutaneous T-cell Lymphoma,TERMINATED,1,high risk,PHASE2,INTERVENTIONAL,INDUSTRY,ALL,ACTUAL,16.0,2.833213344056216,2,1,5,2,754,401,2015.0,0,1,0,0,0,0
NCT00427947,Leg Amputation and Continuous Sciatic Nerve Block,TERMINATED,1,high risk,PHASE3,INTERVENTIONAL,OTHER,ALL,ACTUAL,6.0,1.9459101490553132,2,1,1,1,443,1406,2006.0,1,1,0,0,0,0
NCT00482547,Study of a Urethral Catheter Coated With Eluting Silver Salts (SUCCESS),TERMINATED,1,high risk,PHASE4,INTERVENTIONAL,INDUSTRY,ALL,ACTUAL,1188.0,7.080867896690782,1,2,1,1,399,357,2007.0,0,1,0,0,0,0
NCT00593658,Pilot Study of Pentoxifylline for Hepatopulmonary Syndrome,TERMINATED,1,high risk,PHASE1,INTERVENTIONAL,OTHER,ALL,ACTUAL,9.0,2.302585092994046,1,1,1,1,402,1739,2004.0,0,1,0,0,0,0
NCT03922958,Immunoparalysis in Acute Kidney Injury After Cardiac Surgery,TERMINATED,1,high risk,MISSING,OBSERVATIONAL,OTHER,ALL,ACTUAL,60.0,4.110873864173311,2,0,1,1,759,269,2019.0,0,1,1,0,0,0
NCT00697255,"A Phase 2 Trial to Evaluate if Corifollitropin Alfa (Org 36286), Followed by a Low Daily Dose of hCG or Recombinant FSH Can Induce Monofollicular Growth in Women With WHO Group II Anovulatory Infertility (P05693)",TERMINATED,1,high risk,PHASE2,INTERVENTIONAL,INDUSTRY,FEMALE,ACTUAL,8.0,2.1972245773362196,1,4,0,0,1297,449,2007.0,0,1,0,0,0,0
NCT03234634,Collateral-based reSetting of Endovascular Treatment Time Window for Stroke (CoSETS),TERMINATED,1,high risk,MISSING,INTERVENTIONAL,OTHER,ALL,ACTUAL,291.0,5.676753802268282,1,1,1,1,1274,1837,2018.0,0,1,1,0,0,0
NCT02930564,The Challenge Study: A Dietary Personalization Protocol for Patients With Crohn's Disease and Deep Remission,TERMINATED,1,high risk,MISSING,INTERVENTIONAL,OTHER_GOV,ALL,ACTUAL,10.0,2.3978952727983707,1,1,1,1,579,348,2017.0,0,0,1,0,0,0
NCT01037764,Donor-specific Allogeneic Hematopoietic Cell Transplantation for Acute Lymphoblastic Leukemia (ALL),TERMINATED,1,high risk,PHASE2,INTERVENTIONAL,OTHER,ALL,ESTIMATED,100.0,4.61512051684126,1,1,2,1,1377,604,2010.0,0,0,0,0,0,0
NCT02591199,Engage 24: Evaluation of the Safety and Effectiveness of URG101 in Subjects With Interstitial Cystitis/Bladder Pain Syndrome,TERMINATED,1,high risk,PHASE2,INTERVENTIONAL,INDUSTRY,ALL,ACTUAL,91.0,4.5217885770490405,2,4,11,1,4436,372,2015.0,1,1,0,0,0,0
NCT00898209,Serum and Exhaled Breath Condensate MALDI-MS of Lung Cancer. (SPORE),TERMINATED,1,high risk,MISSING,OBSERVATIONAL,OTHER,ALL,ACTUAL,564.0,6.336825731146441,1,6,0,0,515,439,2003.0,0,1,1,0,0,0
NCT03858699,Brain Vital Signs M-Score: Point-of-care Monitoring for Motor Recovery After Stroke,TERMINATED,1,high risk,MISSING,OBSERVATIONAL,INDUSTRY,ALL,ACTUAL,22.0,3.1354942159291497,1,1,1,1,725,625,2019.0,0,1,1,0,0,0
NCT00306332,T-cell and B-cell Depletion in Allogeneic Peripheral Blood Stem Cell Transplantation,TERMINATED,1,high risk,PHASE3,INTERVENTIONAL,OTHER,ALL,ESTIMATED,250.0,5.5254529391317835,5,1,1,1,1601,3312,2006.0,0,1,0,0,0,0
NCT04390763,Study of Efficacy and Safety of NIS793 (With and Without Spartalizumab) in Combination With SOC Chemotherapy in First-line Metastatic Pancreatic Ductal Adenocarcinoma (mPDAC),TERMINATED,1,high risk,PHASE2,INTERVENTIONAL,INDUSTRY,ALL,ACTUAL,164.0,5.10594547390058,1,4,31,14,2384,224,2020.0,0,1,0,0,0,0
NCT00954187,Comparison of Oral Gabapentin and Pregabalin in Postoperative Pain Control After Photorefractive Keratectomy,TERMINATED,1,high risk,MISSING,INTERVENTIONAL,OTHER,ALL,ACTUAL,8.0,2.1972245773362196,1,2,1,1,768,1681,2009.0,0,1,1,0,0,0
NCT01572987,Endoscopic Resection or Ablation for Patients With Dysplasia or Cancer Requiring Treatment of Barrett's Esophagus,TERMINATED,1,high risk,MISSING,INTERVENTIONAL,OTHER,ALL,ACTUAL,12.0,2.5649493574615367,2,2,3,1,3194,295,2011.0,0,1,1,0,0,0
NCT04371393,MSCs in COVID-19 ARDS,TERMINATED,1,high risk,PHASE3,INTERVENTIONAL,OTHER,ALL,ACTUAL,223.0,5.4116460518550396,4,2,21,1,2686,938,2020.0,1,1,0,0,0,0
NCT01564121,Study of the Effect of Zoledronate on Local Recurrence After Surgical Treatment of Giant Cell Tumors of Bone Zométa,TERMINATED,1,high risk,PHASE1; PHASE2,INTERVENTIONAL,OTHER,ALL,ACTUAL,24.0,3.2188758248682006,1,1,1,1,1072,2554,2006.0,0,1,0,0,0,0
NCT04295616,Additional Effect of Intrapulmonary Percussive Ventilation (IPV) on Respiration in People With Multiple Sclerosis (MS).,TERMINATED,1,high risk,MISSING,INTERVENTIONAL,OTHER,ALL,ACTUAL,5.0,1.791759469228055,1,2,1,1,711,270,2020.0,0,1,1,0,0,0
NCT05354206,Neural Facilitation of Movements in People With SCI,TERMINATED,1,high risk,MISSING,INTERVENTIONAL,OTHER,ALL,ACTUAL,20.0,3.044522437723423,1,3,1,1,2744,343,2022.0,0,0,1,0,0,0
NCT06682806,A Study of PRT3789 in Combination With Pembrolizumab in Patients With Advanced or Metastatic Solid Tumors With a SMARCA4 Mutation,TERMINATED,1,high risk,PHASE2,INTERVENTIONAL,INDUSTRY,ALL,ACTUAL,6.0,1.9459101490553132,5,2,9,2,3053,294,2025.0,0,1,0,0,0,0
NCT05283304,Monthly Injectable BUP for MA Use Disorder (MURB) Trial,TERMINATED,1,high risk,PHASE2,INTERVENTIONAL,OTHER,ALL,ACTUAL,18.0,2.9444389791664403,1,2,6,1,4270,286,2023.0,1,1,0,0,0,0
NCT02070484,"Human Amniotic Tissue-derived Allograft, NuCel, in Posteriolateral Lumbar Fusions for Degenerative Disc Disease",TERMINATED,1,high risk,MISSING,INTERVENTIONAL,OTHER,ALL,ACTUAL,6.0,1.9459101490553132,10,2,2,1,1001,169,2014.0,0,1,1,0,0,0
NCT01924858,A Positron Emission Tomography (PET) Study to Investigate the Brain Biodistribution of 18F GSK2647544 in Healthy Subjects to Determine Its Ability to Cross the Blood-brain-barrier.,TERMINATED,1,high risk,PHASE1,INTERVENTIONAL,INDUSTRY,MALE,ACTUAL,4.0,1.6094379124341003,1,2,1,1,5829,1132,2013.0,0,1,0,0,0,0
NCT04343755,Convalescent Plasma as Treatment for Hospitalized Subjects With COVID-19 Infection,TERMINATED,1,high risk,PHASE2,INTERVENTIONAL,OTHER,ALL,ACTUAL,52.0,3.970291913552122,1,1,1,1,1734,461,2020.0,0,1,0,0,0,0
NCT00427648,Local Anesthetic Treatments for Overactive Bladder,TERMINATED,1,high risk,PHASE3,INTERVENTIONAL,OTHER,FEMALE,ACTUAL,22.0,3.1354942159291497,1,2,2,1,766,155,2006.0,1,1,0,0,0,0
NCT03878914,Steroid Sensitive Nephrotic Syndrome in Children,TERMINATED,1,high risk,PHASE4,INTERVENTIONAL,OTHER,ALL,ACTUAL,34.0,3.5553480614894135,1,1,2,2,448,456,2019.0,0,0,0,0,0,0
NCT01627314,The PUMA Trial is a Trial of a Single ProHema Modulated-Cord Blood (CB) Unit as Part of a Double CB Transplant in Patients With Hematologic Malignancies.,TERMINATED,1,high risk,PHASE2,INTERVENTIONAL,INDUSTRY,ALL,ACTUAL,62.0,4.143134726391533,1,2,11,1,4481,419,2012.0,0,0,0,0,0,0
NCT04901806,Study of PBI-200 in Subjects With NTRK-Fusion-Positive Solid Tumors,TERMINATED,1,high risk,PHASE1,INTERVENTIONAL,INDUSTRY,ALL,ACTUAL,29.0,3.4011973816621555,3,1,42,11,2358,185,2021.0,0,1,0,0,0,0
NCT00428116,"Optimizing Pediatric HIV-1 Treatment, Nairobi, Kenya",TERMINATED,1,high risk,MISSING,INTERVENTIONAL,OTHER,ALL,ACTUAL,140.0,4.948759890378168,1,1,0,0,1021,1317,2007.0,0,0,1,0,0,0
NCT01883947,Effects of Touch Massage in the Sub-acute Phase After Stroke,TERMINATED,1,high risk,MISSING,INTERVENTIONAL,OTHER,ALL,ACTUAL,50.0,3.9318256327243257,1,2,1,1,495,476,2013.0,0,0,1,0,0,0
NCT00801138,The Effect of Dexamethasone on the Duration of Interscalene Nerve Blocks With Ropivacaine or Bupivacaine,TERMINATED,1,high risk,MISSING,INTERVENTIONAL,OTHER,ALL,ACTUAL,218.0,5.389071729816501,2,4,1,1,648,311,2008.0,0,1,1,0,0,0
NCT02889055,Evaluation of Mirus™ for Sedation in Resuscitation,TERMINATED,1,high risk,MISSING,OBSERVATIONAL,OTHER,ALL,ACTUAL,9.0,2.302585092994046,1,1,1,1,712,1057,2016.0,0,1,1,0,0,0
NCT01786226,Mifepristone to Treat Uterine Fibroids,TERMINATED,1,high risk,PHASE2; PHASE3,INTERVENTIONAL,OTHER,FEMALE,ACTUAL,220.0,5.3981627015177525,1,2,1,1,1040,364,2010.0,0,1,0,0,0,0
NCT03527043,Impact of Escitalopram on Sperm DNA Fragmentation,TERMINATED,1,high risk,PHASE2,INTERVENTIONAL,OTHER,MALE,ACTUAL,75.0,4.330733340286331,2,2,1,1,1328,406,2017.0,1,1,0,0,0,0
NCT03322215,HR+/HER2- Advanced Breast Cancer and Endocrine Resistance,TERMINATED,1,high risk,PHASE2,INTERVENTIONAL,OTHER,ALL,ACTUAL,42.0,3.7612001156935624,1,3,9,2,6774,436,2017.0,0,1,0,0,0,0
NCT02687815,Vitamin D to Prevent Severe Asthma Exacerbations (Vit-D-Kids Asthma),TERMINATED,1,high risk,PHASE2,INTERVENTIONAL,OTHER,ALL,ACTUAL,192.0,5.262690188904886,1,2,7,1,2275,322,2016.0,1,0,0,0,0,0
NCT04054115,Acute Effects of the Prostaglandin (Alprostadil) on Cerebral and Pulmonary Flow,TERMINATED,1,high risk,PHASE1,INTERVENTIONAL,OTHER,ALL,ACTUAL,10.0,2.3978952727983707,1,1,1,1,404,744,2019.0,0,0,0,0,0,0
NCT01228435,IPI-504 in NSCLC Patients With ALK Translocations,TERMINATED,1,high risk,PHASE2,INTERVENTIONAL,OTHER,ALL,ACTUAL,3.0,1.3862943611198906,3,1,2,1,3306,745,2010.0,0,1,0,0,0,0
NCT00550108,Management of Incidentally Discovered Pancreatic Cysts,TERMINATED,1,high risk,PHASE3,INTERVENTIONAL,OTHER,ALL,ACTUAL,0.0,0.0,1,1,1,1,621,240,2007.0,0,1,0,0,0,0
NCT02007525,Yoga to Improve Physical Function and Maximal Walking Distance Among Patients With Peripheral Arterial Disease,TERMINATED,1,high risk,MISSING,INTERVENTIONAL,OTHER,ALL,ACTUAL,7.0,2.0794415416798357,1,1,1,1,991,2063,2013.0,0,1,1,0,0,0
NCT02925676,Evaluation of the Hypoglycaemia Notification Device Hyposafe H02,TERMINATED,1,high risk,MISSING,INTERVENTIONAL,INDUSTRY,ALL,ACTUAL,8.0,2.1972245773362196,1,1,2,1,2009,250,2016.0,0,1,1,0,0,0
NCT03758417,"A Study of LCAR-B38M CAR-T Cells, a Chimeric Antigen Receptor T-cell (CAR-T) Therapy Directed Against B-cell Maturation Antigen (BCMA) in Chinese Participants With Relapsed or Refractory Multiple Myeloma",TERMINATED,1,high risk,PHASE2,INTERVENTIONAL,INDUSTRY,ALL,ACTUAL,123.0,4.820281565605037,1,1,11,1,2941,120,2019.0,0,1,0,0,0,0
NCT00658411,Deferoxamine for Iron Overload Before Allogeneic Stem Cell Transplantation,TERMINATED,1,high risk,MISSING,INTERVENTIONAL,OTHER,ALL,ACTUAL,5.0,1.791759469228055,3,1,2,1,1510,561,2008.0,0,1,1,0,0,0
NCT00000309,Serotonin/Dopamine Antagonism of Cocaine Effect: 1 - 1,TERMINATED,1,high risk,PHASE2,INTERVENTIONAL,OTHER,ALL,MISSING,0.0,0.0,1,1,1,1,36,178,1994.0,0,1,0,0,0,0
NCT04641598,Menstrual Phase Endometrial Scratch in IUI Cycles,TERMINATED,1,high risk,MISSING,INTERVENTIONAL,OTHER,FEMALE,ACTUAL,57.0,4.060443010546419,2,2,1,1,578,188,2018.0,0,1,1,0,0,0
NCT00905398,Nilotinib With Chemotherapy for the Treatment of Philadelphia Chromosome Positive Acute Lymphoblastic Leukemia,TERMINATED,1,high risk,PHASE1; PHASE2,INTERVENTIONAL,OTHER,ALL,ACTUAL,8.0,2.1972245773362196,2,1,0,0,569,879,2009.0,0,1,0,0,0,0
NCT05532163,A Study to Investigate the Radiological Onset of Action After Treatment Initiation With Subcutaneous (SC) Natalizumab in Participants With Relapsing-Remitting Multiple Sclerosis (RRMS),TERMINATED,1,high risk,PHASE4,INTERVENTIONAL,INDUSTRY,ALL,ACTUAL,1.0,0.6931471805599453,1,1,2,1,1134,568,2023.0,0,1,0,0,0,0
NCT01807663,Validation of a Dynamic Evaluation Tool in Respiratory Failure,TERMINATED,1,high risk,MISSING,INTERVENTIONAL,OTHER,ALL,ACTUAL,10.0,2.3978952727983707,1,2,1,1,1790,412,2012.0,0,1,1,0,0,0
NCT01660893,"Comparison of Intranasal Kovacaine Mist, Tetracaine Alone, and Placebo for Anesthetizing Maxillary Teeth",TERMINATED,1,high risk,PHASE3,INTERVENTIONAL,INDUSTRY,ALL,ACTUAL,26.0,3.295836866004329,1,3,3,1,2035,165,2012.0,1,1,0,0,0,0
NCT04625114,The Potential of Camostat in COVID-19,TERMINATED,1,high risk,PHASE2,INTERVENTIONAL,OTHER,ALL,ACTUAL,108.0,4.6913478822291435,1,4,1,1,3245,959,2020.0,1,1,0,0,0,0
NCT01295216,Use of Mobile Technology to Prevent Progression of Pre-hypertension in Latin American Urban Settings,TERMINATED,1,high risk,MISSING,INTERVENTIONAL,OTHER,ALL,ACTUAL,637.0,6.45833828334479,2,1,3,3,332,2288,2011.0,0,1,1,0,0,0
NCT02637947,Comparison of VT Ablation Outcomes Using Remote MAGNETIC Navigation Versus Manual Approach in a Low LVEF Population,TERMINATED,1,high risk,MISSING,INTERVENTIONAL,INDUSTRY,ALL,ACTUAL,182.0,5.209486152841421,1,2,16,7,1234,237,2016.0,0,1,1,0,0,0
NCT00071552,Efficacy of QVAR vs Flovent Diskus on Small Airways in Poorly Controlled Asthmatic Adolescents/Adult Patients,TERMINATED,1,high risk,PHASE4,INTERVENTIONAL,INDUSTRY,ALL,ACTUAL,49.0,3.912023005428146,1,2,1,1,1097,228,2004.0,0,0,0,0,0,0
NCT03705338,Predictive Model in EEG for Induction and Emergence in Pediatric With Propofol,TERMINATED,1,high risk,MISSING,OBSERVATIONAL,OTHER,ALL,ACTUAL,1.0,0.6931471805599453,3,2,1,1,403,1568,2021.0,0,0,1,0,0,0
NCT04082000,Phase 2a Study Examining the Safety and Efficacy of BOL-DP-o-04 for Treating Diabetic Neuropathy,TERMINATED,1,high risk,PHASE1; PHASE2,INTERVENTIONAL,INDUSTRY,ALL,ACTUAL,2.0,1.0986122886681098,1,2,1,1,1607,151,2019.0,1,1,0,0,0,0
NCT02608307,Medical Treatment Decision Making Using Adaptive Conjoint Analysis,TERMINATED,1,high risk,MISSING,OBSERVATIONAL,OTHER,ALL,ACTUAL,25.0,3.258096538021482,5,0,1,1,1703,989,2016.0,0,0,1,0,0,0
NCT00527436,Fish Oil and Biomarkers of Cardiovascular Risk,TERMINATED,1,high risk,MISSING,INTERVENTIONAL,OTHER,ALL,ACTUAL,3.0,1.3862943611198906,1,2,1,1,374,1572,2007.0,1,1,1,0,0,0
NCT04805671,Evaluation of ADG20 for the Treatment of Mild or Moderate COVID-19,TERMINATED,1,high risk,PHASE2; PHASE3,INTERVENTIONAL,INDUSTRY,ALL,ACTUAL,399.0,5.991464547107982,1,2,68,11,1127,228,2021.0,1,0,0,0,0,0
NCT03369444,A Factor IX Gene Therapy Study (FIX-GT),TERMINATED,1,high risk,PHASE1; PHASE2,INTERVENTIONAL,OTHER,MALE,ACTUAL,10.0,2.3978952727983707,1,1,11,4,3253,1644,2017.0,0,1,0,0,0,0
NCT01847599,Educational Intervention to Adherence of Patients Treated by Capecitabine +/- Lapatinib,TERMINATED,1,high risk,MISSING,INTERVENTIONAL,OTHER,ALL,ACTUAL,65.0,4.189654742026425,2,1,1,1,719,168,2011.0,0,1,1,0,0,0
NCT02109432,Short-term Behavior Change With Pedal Desk Installation,TERMINATED,1,high risk,MISSING,INTERVENTIONAL,OTHER,ALL,ACTUAL,7.0,2.0794415416798357,1,3,1,1,507,134,2014.0,0,1,1,0,0,0
NCT00204763,Comparison of Esophageal and Anorectal Manometry Catheters,TERMINATED,1,high risk,PHASE4,INTERVENTIONAL,OTHER,ALL,ACTUAL,5.0,1.791759469228055,5,2,1,1,294,259,2004.0,0,1,0,0,0,0
NCT04954014,Pilot Study of Single Dose Bevacizumab as Treatment for Acute Respiratory Distress Syndrome (ARDS) in COVID-19 Patients,TERMINATED,1,high risk,PHASE2,INTERVENTIONAL,OTHER,ALL,ACTUAL,21.0,3.091042453358316,2,2,1,1,1280,402,2020.0,0,1,0,0,0,0
NCT01074606,Visual Function After Implantation of AcrySof® Toric Lens,TERMINATED,1,high risk,PHASE4,INTERVENTIONAL,INDUSTRY,ALL,ACTUAL,56.0,4.04305126783455,1,1,1,1,792,183,2010.0,0,1,0,0,0,0
NCT05096884,Post-Acute Sequelae of Coronavirus-19 (COVID-19) With Dyspnea on Exertion And Associated TaChycardia TrEatment Study,TERMINATED,1,high risk,EARLY_PHASE1,INTERVENTIONAL,OTHER,ALL,ACTUAL,14.0,2.70805020110221,3,1,1,1,1332,1158,2022.0,0,1,0,0,0,0
NCT03558984,D-PLEX 302: Efficacy and Safety of D-PLEX in the Prevention of Sternal Infection Post Cardiac Surgery,TERMINATED,1,high risk,PHASE3,INTERVENTIONAL,INDUSTRY,ALL,ACTUAL,2.0,1.0986122886681098,3,2,3,2,3436,537,2019.0,0,1,0,0,0,0
NCT02808052,Evaluate Safety and Pharmacokinetics of Minocin (Minocycline) for Injection in Subjects With Renal Insufficiency,TERMINATED,1,high risk,PHASE1,INTERVENTIONAL,INDUSTRY,ALL,ACTUAL,9.0,2.302585092994046,3,1,1,1,7755,176,2017.0,0,1,0,0,0,0
NCT04254549,Rifaximin in Patients With Diabetic Gastroparesis,TERMINATED,1,high risk,PHASE2,INTERVENTIONAL,OTHER,ALL,ACTUAL,5.0,1.791759469228055,2,2,1,1,860,182,2019.0,1,1,0,0,0,0
NCT05479058,A Study Evaluating the Effect of Filgotinib Dose De-escalation in Participants With Ulcerative Colitis (UC) in Remission,TERMINATED,1,high risk,PHASE3,INTERVENTIONAL,INDUSTRY,ALL,ACTUAL,22.0,3.1354942159291497,1,2,50,13,2751,524,2022.0,1,1,0,0,0,0
NCT00570258,"Randomized, Double Blind Multicenter Phase II Study of Time to Progression on Fulvestrant in Combination With Erlotinib or Placebo in Hormone Receptor-Positive Metastatic Breast Cancer (MBC) Subjects Who Progressed on First Line Hormonal Therapy",TERMINATED,1,high risk,PHASE2,INTERVENTIONAL,OTHER,FEMALE,ACTUAL,27.0,3.332204510175204,1,4,6,1,4788,627,2006.0,1,1,0,0,0,0
NCT04890158,Prone Versus Supine Positioning and the Impact on Bronchopulmonary Dysplasia in Very Low Birth Weight Infants.,TERMINATED,1,high risk,MISSING,INTERVENTIONAL,OTHER,ALL,ACTUAL,1.0,0.6931471805599453,2,1,1,1,1443,315,2021.0,0,0,1,0,0,0
NCT03555448,Once Daily Immunosuppression Regimen,TERMINATED,1,high risk,PHASE4,INTERVENTIONAL,OTHER,ALL,ACTUAL,51.0,3.9512437185814275,1,2,1,1,281,263,2018.0,0,1,0,0,0,0
NCT01542255,Metronomic Therapy in Patients With Metastatic Melanoma,TERMINATED,1,high risk,PHASE2,INTERVENTIONAL,OTHER,ALL,ACTUAL,7.0,2.0794415416798357,1,3,1,1,1100,539,2010.0,0,1,0,0,0,0
NCT03323255,rTMS Posterior Parietal Cortex Modulation and Upper Limb Movement After Stroke,TERMINATED,1,high risk,MISSING,INTERVENTIONAL,OTHER,ALL,ACTUAL,1.0,0.6931471805599453,4,2,1,1,753,595,2020.0,0,1,1,0,0,0
NCT04770155,Vascular Dysfunction in Black Individuals: Roles of Nitric Oxide and Endothelin-1,TERMINATED,1,high risk,EARLY_PHASE1,INTERVENTIONAL,OTHER,ALL,ACTUAL,8.0,2.1972245773362196,2,4,1,1,397,309,2021.0,0,1,0,0,0,0
NCT03492255,CYCLONES - CYClophosphamide LOw Dose and No Extra Steroid,TERMINATED,1,high risk,MISSING,INTERVENTIONAL,OTHER,ALL,ACTUAL,49.0,3.912023005428146,1,4,2,1,1318,1621,2018.0,0,1,1,0,0,0
NCT00924664,Long Term Safety Study of Tanezumab in Chronic Low Back Pain,TERMINATED,1,high risk,PHASE2,INTERVENTIONAL,INDUSTRY,ALL,ACTUAL,849.0,6.745236349484363,1,2,149,1,3237,422,2009.0,0,1,0,0,0,0
NCT03489109,2-5 Intermittent Caloric Restriction in HIV,TERMINATED,1,high risk,MISSING,INTERVENTIONAL,NIH,ALL,ACTUAL,35.0,3.58351893845611,2,2,1,1,2490,1604,2018.0,0,1,1,0,0,0
NCT00356187,Beta Blockade in Critical Injury,TERMINATED,1,high risk,PHASE2,INTERVENTIONAL,OTHER,ALL,ACTUAL,15.0,2.772588722239781,1,1,1,1,257,653,2006.0,0,1,0,0,0,0
NCT02068521,Versartis Long-Term Safety Study of Somavaratan,TERMINATED,1,high risk,PHASE2; PHASE3,INTERVENTIONAL,INDUSTRY,ALL,ACTUAL,385.0,5.955837369464831,1,1,0,0,2229,705,2014.0,0,0,0,0,0,0
NCT03389893,Effect of Dupilumab (Anti-IL4Rα) on the Host-Microbe Interface in Atopic Dermatitis,TERMINATED,1,high risk,PHASE4,INTERVENTIONAL,NIH,ALL,ACTUAL,72.0,4.290459441148391,1,2,9,1,9491,237,2018.0,1,1,0,0,0,0
NCT03321721,Cosmetic Outcome at 4 Months in Hand and Feet Lacerations in Children: Conservative Versus Suture Repair,TERMINATED,1,high risk,MISSING,INTERVENTIONAL,OTHER,ALL,ACTUAL,26.0,3.295836866004329,3,2,1,1,1814,442,2014.0,0,0,1,0,0,0
NCT02318914,"A 2-Year, Open-Label, Safety Extension Study of Gevokizumab in Subjects With Pyoderma Gangrenosum",TERMINATED,1,high risk,PHASE3,INTERVENTIONAL,INDUSTRY,ALL,ACTUAL,15.0,2.772588722239781,1,1,40,3,604,88,2014.0,0,1,0,0,0,0
NCT02343016,NIRS as a Continuous Noninvasive Monitoring System of Liver/Kidney Graft Perfusion,TERMINATED,1,high risk,MISSING,OBSERVATIONAL,OTHER,ALL,ACTUAL,15.0,2.772588722239781,2,1,1,1,331,212,2015.0,0,0,1,0,0,0
NCT00693004,Study of PRX-03140 Monotherapy in Subjects With Alzheimer's Disease,TERMINATED,1,high risk,PHASE2,INTERVENTIONAL,INDUSTRY,ALL,ESTIMATED,236.0,5.4680601411351315,1,3,33,1,1873,229,2008.0,1,1,0,0,0,0
NCT00262652,Safety and Efficacy Study of the Use of Sodium Pyruvate Bronchodilation in Asthmatics,TERMINATED,1,high risk,PHASE1; PHASE2,INTERVENTIONAL,INDUSTRY,ALL,ACTUAL,20.0,3.044522437723423,1,1,1,1,775,597,2006.0,1,1,0,0,0,0
NCT02805452,Solifenacin Succinate for Treatment of Urinary Toxicity Occurring During Radiotherapy of Prostatic Cancer,TERMINATED,1,high risk,PHASE3,INTERVENTIONAL,OTHER,MALE,ACTUAL,4.0,1.6094379124341003,1,2,5,1,2390,153,2016.0,1,1,0,0,0,0
NCT04095247,Does Pulse-triggered VNS Autostimulation Increase VNS Efficacy,TERMINATED,1,high risk,MISSING,OBSERVATIONAL,OTHER,ALL,ACTUAL,6.0,1.9459101490553132,1,1,1,1,1715,1244,2018.0,0,0,1,0,0,0
NCT05506449,The RECOVER IV Trial,TERMINATED,1,high risk,MISSING,INTERVENTIONAL,INDUSTRY,ALL,ACTUAL,4.0,1.6094379124341003,2,2,7,4,5874,352,2023.0,0,1,1,0,0,0
NCT03022838,The Effects of Caffeine Withdrawal on Migraine,TERMINATED,1,high risk,PHASE2; PHASE3,INTERVENTIONAL,OTHER,ALL,ACTUAL,10.0,2.3978952727983707,2,1,3,1,535,238,2017.0,0,1,0,0,0,0
NCT02355938,Use Of Oral Fidaxomicin Vs. Oral Vancomycin For Clostridium Difficile Infection In Patients With Spinal Cord Injury,TERMINATED,1,high risk,PHASE4,INTERVENTIONAL,OTHER,ALL,ACTUAL,12.0,2.5649493574615367,2,3,1,1,1173,355,2014.0,1,1,0,0,0,0
NCT04034355,Preventive Treatment of OxaLiplatin Induced peripherAl neuRopathy in Adjuvant Colorectal Cancer,TERMINATED,1,high risk,PHASE3,INTERVENTIONAL,INDUSTRY,ALL,ACTUAL,301.0,5.71042701737487,2,2,65,10,3963,198,2019.0,1,1,0,0,0,0
NCT00006326,Safety and Effectiveness of 3 Anti-HIV Treatments in Patients Who Have Failed Previous Treatments Containing Nelfinavir,TERMINATED,1,high risk,MISSING,INTERVENTIONAL,INDUSTRY,ALL,MISSING,60.0,4.110873864173311,1,3,1,1,515,171,2000.0,0,0,1,0,0,0
NCT00287326,Comparison of Low-dose Epidural With Intravenous Narcotic Versus Intravenous Narcotic Alone,TERMINATED,1,high risk,PHASE3,INTERVENTIONAL,OTHER,ALL,ESTIMATED,40.0,3.713572066704308,1,1,1,1,262,274,2006.0,0,0,0,0,0,0
NCT04475185,Safety and Effectiveness Assessment of the MakAir Artificial Ventilator,TERMINATED,1,high risk,MISSING,INTERVENTIONAL,OTHER,ALL,ACTUAL,4.0,1.6094379124341003,1,1,2,1,2613,315,2020.0,0,1,1,0,0,0
NCT00265200,Using TRAP to Evaluate the Effect of Zometa on Bone Metastasis Due to Lung Cancer,TERMINATED,1,high risk,PHASE2,INTERVENTIONAL,OTHER,ALL,ACTUAL,28.0,3.367295829986474,3,1,1,1,363,145,2005.0,0,1,0,0,0,0
NCT02718300,A Study of INCB050465 in Combination With Ruxolitinib in Subjects With Myelofibrosis,TERMINATED,1,high risk,PHASE2,INTERVENTIONAL,INDUSTRY,ALL,ACTUAL,74.0,4.31748811353631,1,5,39,1,2071,161,2017.0,0,1,0,0,0,0
NCT05733611,RP2/RP3 in Combination With Atezolizumab and Bevacizumab for the Treatment of Patients With CRC,TERMINATED,1,high risk,PHASE2,INTERVENTIONAL,INDUSTRY,ALL,ACTUAL,5.0,1.791759469228055,3,4,2,1,9297,259,2023.0,0,1,0,0,0,0
NCT00122564,Study of HIV-1 Rgp-160 Administered by Mucosal Routes in Healthy Volunteers,TERMINATED,1,high risk,PHASE1,INTERVENTIONAL,OTHER_GOV,FEMALE,MISSING,36.0,3.6109179126442243,1,2,1,1,378,437,2003.0,0,1,0,0,0,0
NCT02563964,Vulnerable Plaque Imaging in NSTEMI,TERMINATED,1,high risk,MISSING,OBSERVATIONAL,OTHER,ALL,ACTUAL,10.0,2.3978952727983707,2,0,1,1,2139,1318,2017.0,0,1,1,0,0,0
NCT02442999,The SNORES Randomized Clinical Trial,TERMINATED,1,high risk,MISSING,INTERVENTIONAL,OTHER,FEMALE,ACTUAL,4.0,1.6094379124341003,2,2,6,1,1124,176,2016.0,0,1,1,0,0,0
NCT03791398,BrUOG 379 Phase Ib/II Trial ONC201 + Nivolumab in MSS mCRC,TERMINATED,1,high risk,PHASE1; PHASE2,INTERVENTIONAL,OTHER,ALL,ACTUAL,13.0,2.6390573296152584,1,3,1,1,6782,375,2019.0,0,1,0,0,0,0
NCT01108263,Use of INTEGRA™ Flowable Wound Matrix to Manage Diabetic Foot Ulcers,TERMINATED,1,high risk,PHASE4,INTERVENTIONAL,OTHER,ALL,ACTUAL,5.0,1.791759469228055,2,1,1,1,1160,841,2010.0,0,1,0,0,0,0
NCT03589963,Providing Postnatal Breastfeeding Support Through the Canada Prenatal Nutrition Program,TERMINATED,1,high risk,MISSING,INTERVENTIONAL,OTHER,FEMALE,ACTUAL,151.0,5.0238805208462765,4,1,2,1,435,1623,2018.0,0,0,1,0,0,0
NCT00635687,Transient Elastography and Variceal Bleeding,TERMINATED,1,high risk,MISSING,INTERVENTIONAL,OTHER,ALL,ACTUAL,29.0,3.4011973816621555,1,1,4,1,524,316,2008.0,0,1,1,0,0,0
NCT00368693,Efficacy and Safety Study of Dermal-Living Skin Replacement to Treat Diabetic Foot Ulcers,TERMINATED,1,high risk,PHASE3,INTERVENTIONAL,OTHER,ALL,ACTUAL,20.0,3.044522437723423,1,1,2,1,3392,231,2005.0,0,1,0,0,0,0
NCT04514406,APERTO CVS PMCF Study,TERMINATED,1,high risk,MISSING,OBSERVATIONAL,INDUSTRY,ALL,ACTUAL,6.0,1.9459101490553132,4,1,2,1,1947,175,2021.0,0,1,1,0,0,0
NCT04707833,Evaluation of Serological Techniques for Screening for COVID-19 Infection at the University Hospital of Rouen,TERMINATED,1,high risk,MISSING,INTERVENTIONAL,OTHER,ALL,ACTUAL,101.0,4.624972813284271,1,1,1,1,1855,743,2020.0,0,1,1,0,0,0
NCT02483533,Extension Study to Evaluate the Post-Treatment Safety and Duration of Clinical Effect of LIPO-202,TERMINATED,1,high risk,PHASE3,INTERVENTIONAL,INDUSTRY,ALL,ACTUAL,100.0,4.61512051684126,1,2,0,0,517,376,2015.0,1,1,0,0,0,0
NCT04652752,Clinical Investigation to Evaluate the Safety and Efficacy of Dressing CONNETTIVINA HI TECH in the Management of Superficial Cutaneous Lesions,TERMINATED,1,high risk,MISSING,INTERVENTIONAL,INDUSTRY,FEMALE,ACTUAL,20.0,3.044522437723423,1,1,1,1,2037,454,2019.0,0,1,1,0,0,0
NCT04002726,App-based Versus Slide-based Inter-grader Agreement (IGA) Test for Trachoma Graders,TERMINATED,1,high risk,MISSING,INTERVENTIONAL,OTHER,ALL,ACTUAL,32.0,3.4965075614664802,1,1,1,1,258,706,2019.0,0,1,1,0,0,0
NCT00554385,A Safety and Tolerability Study of ABT-089 in Children With Attention-Deficit/Hyperactivity Disorder (ADHD),TERMINATED,1,high risk,PHASE2,INTERVENTIONAL,INDUSTRY,ALL,ACTUAL,283.0,5.648974238161206,1,1,23,1,825,114,2007.0,0,0,0,0,0,0
NCT00119600,A Study of AMG 114 Administered by Subcutaneous Injection for the Treatment of Anemia in Subjects With Non-Myeloid Malignancies Receiving Multicycle Chemotherapy,TERMINATED,1,high risk,PHASE1; PHASE2,INTERVENTIONAL,INDUSTRY,ALL,MISSING,,,2,1,0,0,971,221,,0,1,0,0,0,0
NCT04602507,Ivermectin in Adults With Severe COVID-19.,TERMINATED,1,high risk,PHASE2,INTERVENTIONAL,OTHER,ALL,ACTUAL,75.0,4.330733340286331,2,2,1,1,1355,2424,2020.0,1,1,0,0,0,0
NCT01447771,Decision Support for Women With Breast Cancer,TERMINATED,1,high risk,MISSING,INTERVENTIONAL,OTHER,FEMALE,ACTUAL,14.0,2.70805020110221,1,1,1,1,601,1304,2011.0,0,1,1,0,0,0
NCT02771444,Low Dose Tomosynthesis Compared to Traditional Tomosynthesis,TERMINATED,1,high risk,MISSING,INTERVENTIONAL,INDUSTRY,FEMALE,ACTUAL,17.0,2.8903717578961645,1,1,1,1,255,313,2016.0,0,1,1,0,0,0
NCT03578432,Everolimus in Restoring Salivary Gland Function in Participants With Locally Advanced Head and Neck Cancer Treated With Radiation Therapy,TERMINATED,1,high risk,EARLY_PHASE1,INTERVENTIONAL,OTHER,ALL,ACTUAL,2.0,1.0986122886681098,3,3,1,1,5652,210,2018.0,0,1,0,0,0,0
NCT01982032,Edwards SAPIEN-3 Periprosthetic Leakage Evaluation Versus Medtronic CoreValve in Transfemoral Aortic Valve Implantation,TERMINATED,1,high risk,MISSING,INTERVENTIONAL,OTHER,ALL,ACTUAL,56.0,4.04305126783455,1,3,1,1,741,1364,2013.0,0,1,1,0,0,0
NCT02066363,Study of Parenteral Nutrition to Patients With Gastrointestinal Cancer,TERMINATED,1,high risk,MISSING,INTERVENTIONAL,OTHER,ALL,ACTUAL,47.0,3.871201010907891,5,2,1,1,493,1874,2014.0,0,1,1,0,0,0
NCT06446063,Efficacy & Tolerance of Cosmetic Product RV5098A on Face Pigmentation Maintenance in Adult Vitiligo Patients.,TERMINATED,1,high risk,MISSING,OBSERVATIONAL,INDUSTRY,ALL,ACTUAL,19.0,2.995732273553991,1,2,1,1,1533,981,2024.0,0,1,1,0,0,0
NCT04902287,PHF Problematic Sexual Behavior of Youth Family Engagement,TERMINATED,1,high risk,MISSING,INTERVENTIONAL,OTHER,ALL,ACTUAL,9.0,2.302585092994046,1,1,1,1,459,1675,2021.0,0,0,1,0,0,0
NCT03699293,NSAIDs vs. Coxibs in the Presence of Aspirin,TERMINATED,1,high risk,PHASE4,INTERVENTIONAL,OTHER,ALL,ACTUAL,8.0,2.1972245773362196,2,3,1,1,4082,234,2018.0,0,1,0,0,0,0
NCT06110806,Family-Based Interoceptive Exposure for Avoidant Restrictive Food Intake Disorder,TERMINATED,1,high risk,MISSING,INTERVENTIONAL,OTHER,ALL,ACTUAL,57.0,4.060443010546419,1,1,1,1,1224,610,2023.0,0,0,1,0,0,0
NCT01584752,Gore-BioA Fistula Plug to Treat Transsphincteric Fistulas,TERMINATED,1,high risk,MISSING,OBSERVATIONAL,OTHER,ALL,ACTUAL,60.0,4.110873864173311,3,1,7,1,422,142,2011.0,0,1,1,0,0,0
NCT02954952,EEG Data Collection to Evaluate New Patient State Index Performance,TERMINATED,1,high risk,MISSING,INTERVENTIONAL,INDUSTRY,ALL,ACTUAL,44.0,3.8066624897703196,1,2,1,1,613,242,2016.0,0,1,1,0,0,0
NCT02299947,Bloodtranfusions After Aortic Surgery,TERMINATED,1,high risk,PHASE4,INTERVENTIONAL,OTHER,ALL,ACTUAL,27.0,3.332204510175204,2,2,1,1,282,268,2014.0,1,1,0,0,0,0
NCT05366855,Study to Evaluate the Long-Term Safety and Efficacy of Imsidolimab (ANB019) in the Treatment of Subjects With GPP,TERMINATED,1,high risk,PHASE3,INTERVENTIONAL,INDUSTRY,ALL,ACTUAL,42.0,3.7612001156935624,1,5,65,15,468,178,2022.0,1,1,0,0,0,0
NCT01937715,A Study Of PF-05212384 Plus FOLFIRI Versus Bevacizumab Plus FOLFIRI In Metastatic Colorectal Cancer,TERMINATED,1,high risk,PHASE1; PHASE2,INTERVENTIONAL,INDUSTRY,ALL,ACTUAL,18.0,2.9444389791664403,1,4,39,3,1050,554,2014.0,0,1,0,0,0,0
NCT00814892,Vaccine Therapy in Treating Patients With Non-Metastatic Prostate Cancer,TERMINATED,1,high risk,PHASE2,INTERVENTIONAL,OTHER,MALE,ACTUAL,2.0,1.0986122886681098,1,2,1,1,2485,491,2009.0,0,1,0,0,0,0
NCT00945399,Comparison of Microfracture Treatment and CARTIPATCH® Chondrocyte Graft Treatment in Femoral Condyle Lesions,TERMINATED,1,high risk,PHASE3,INTERVENTIONAL,INDUSTRY,ALL,ACTUAL,40.0,3.713572066704308,2,2,1,1,483,917,2008.0,0,1,0,0,0,0
NCT02428309,Autologous Polyclonal Tregs for Lupus,TERMINATED,1,high risk,PHASE1,INTERVENTIONAL,NIH,ALL,ACTUAL,1.0,0.6931471805599453,3,1,1,1,6651,517,2015.0,0,1,0,0,0,0
NCT03427021,A Randomized Study to Establish the Efficacy of Oral Ice Exposure During Oxaliplatin Infusion in Preventing Oral Cold Sensitivity,TERMINATED,1,high risk,EARLY_PHASE1,INTERVENTIONAL,OTHER,ALL,ACTUAL,65.0,4.189654742026425,1,1,1,1,779,184,2017.0,0,1,0,0,0,0
NCT01957514,"Collecting, Analyzing, and Storing Samples From Patients With Metastatic, Triple Negative Breast Cancer Receiving Anti-cancer Therapy",TERMINATED,1,high risk,MISSING,OBSERVATIONAL,OTHER,FEMALE,ACTUAL,31.0,3.4657359027997265,5,4,2,1,1895,607,2013.0,0,1,1,0,0,0
NCT01367184,National Inferior Vena Cava (IVC) Filter Registry,TERMINATED,1,high risk,MISSING,OBSERVATIONAL,OTHER,ALL,ACTUAL,20000.0,9.90353755128617,1,0,27,1,103,371,2011.0,0,1,1,0,0,0
NCT00386152,A Study Comparing Two Different PROCRIT Doses to a Dose of ARANESP in Anemic Cancer Patients Receiving Chemotherapy,TERMINATED,1,high risk,PHASE2,INTERVENTIONAL,INDUSTRY,ALL,ACTUAL,235.0,5.4638318050256105,3,2,76,1,1189,186,2006.0,0,1,0,0,0,0
NCT04493333,Vaginal Dehydroepiandrosterone (DHEA) in Postmenopausal Breast Cancer Survivors on Aromatase Inhibitors,TERMINATED,1,high risk,PHASE2,INTERVENTIONAL,OTHER,FEMALE,ACTUAL,8.0,2.1972245773362196,4,2,1,1,2739,406,2021.0,0,1,0,0,0,0
NCT03365752,Chloroprocaine Spinal for Outpatient Knee Surgery,TERMINATED,1,high risk,PHASE2,INTERVENTIONAL,OTHER,ALL,ACTUAL,39.0,3.6888794541139363,1,3,1,1,613,456,2018.0,0,1,0,0,0,0
NCT04164758,Study to Evaluate Safety and Daytime Sedation in Subjects With Parkinson's Disease With Neuropsychiatric Symptoms Treated With Pimavanserin or Low-Dose Quetiapine,TERMINATED,1,high risk,PHASE2,INTERVENTIONAL,INDUSTRY,ALL,ACTUAL,11.0,2.4849066497880004,1,3,16,1,2936,153,2019.0,1,1,0,0,0,0
NCT04104815,GI Tolerance and Acceptability of a New Thickener,WITHDRAWN,1,high risk,MISSING,INTERVENTIONAL,INDUSTRY,ALL,ACTUAL,0.0,0.0,1,1,0,0,1623,133,2021.0,0,1,1,0,0,0
NCT00706615,Vaccine Therapy in Treating Women With Previously Treated Metastatic Breast Cancer,WITHDRAWN,1,high risk,PHASE1,INTERVENTIONAL,OTHER,FEMALE,ACTUAL,0.0,0.0,1,1,1,1,3304,252,2008.0,0,1,0,0,0,0
NCT06657885,CAbotégravir LENacapavir DUal Long Acting,WITHDRAWN,1,high risk,PHASE2,INTERVENTIONAL,OTHER,ALL,ACTUAL,0.0,0.0,5,1,12,1,2611,2423,2025.0,0,1,0,0,0,0
NCT02683343,The Use of Ultrasound to Quantify Muscle Overlying the Carpal Tunnel,WITHDRAWN,1,high risk,MISSING,OBSERVATIONAL,OTHER,ALL,ACTUAL,0.0,0.0,1,0,0,0,716,838,2016.0,0,1,1,0,0,0
NCT05640115,Obstruction of Malignancy: Percutaneous Renal vs Endoscopic Stent,WITHDRAWN,1,high risk,EARLY_PHASE1,INTERVENTIONAL,OTHER,ALL,ACTUAL,0.0,0.0,6,2,1,1,879,977,2023.0,0,1,0,0,0,0
NCT04832308,Mobile Intervention Supervised Exercise Therapy Study 1,WITHDRAWN,1,high risk,MISSING,INTERVENTIONAL,OTHER,ALL,ACTUAL,0.0,0.0,2,1,0,0,385,172,2021.0,0,1,1,0,0,0
NCT01477476,Anti-IL-1 Treatment in Children Diabetic Keto-Acidosis (DKA) at Diagnosis of Type 1 Diabetes,WITHDRAWN,1,high risk,PHASE2,INTERVENTIONAL,OTHER,ALL,ACTUAL,0.0,0.0,1,2,2,1,1314,272,2012.0,1,0,0,0,0,0
NCT05191017,Study of NUV-422 in Combination With Enzalutamide in Patients With mCRPC,WITHDRAWN,1,high risk,PHASE1; PHASE2,INTERVENTIONAL,INDUSTRY,ALL,ACTUAL,0.0,0.0,8,2,3,1,1844,421,2022.0,0,1,0,0,0,0
NCT01501240,Gadoxetic Acid-enhanced MR Evaluation of Hepatocellular Carcinoma and Dysplastic Nodules in the Cirrhotic Liver,WITHDRAWN,1,high risk,MISSING,OBSERVATIONAL,OTHER,ALL,ACTUAL,0.0,0.0,2,0,2,1,874,204,2012.0,0,1,1,0,0,0
NCT02351440,Effect of Preoperative Duloxetine on Quality of Recovery After Outpatient Laparoscopic Surgery,WITHDRAWN,1,high risk,PHASE4,INTERVENTIONAL,OTHER,FEMALE,ACTUAL,0.0,0.0,3,2,1,1,264,193,2016.0,1,1,0,0,0,0
NCT03222089,Phase II Trial of FOLFOXIGIL Versus FOLFOXIRI as First-line Therapy in Patients With mCRC,WITHDRAWN,1,high risk,PHASE2,INTERVENTIONAL,OTHER_GOV,ALL,ACTUAL,0.0,0.0,1,6,1,1,1720,178,2017.0,0,1,0,0,0,0
NCT01694589,A Pilot Study of a Hedgehog Pathway Inhibitor (LDE-225) in Surgically Resectable Pancreas Cancer,WITHDRAWN,1,high risk,EARLY_PHASE1,INTERVENTIONAL,OTHER,ALL,ACTUAL,0.0,0.0,1,1,1,1,6059,802,2012.0,0,1,0,0,0,0
NCT00605774,"Hypoglycemia Associated Autonomic Failure in Type 1 DM, Q5",WITHDRAWN,1,high risk,MISSING,INTERVENTIONAL,OTHER,ALL,ACTUAL,0.0,0.0,1,2,0,0,1201,604,,0,1,1,0,0,0
NCT02683018,Investigation of Cannabis for Chronic Pain and Palliative Care,WITHDRAWN,1,high risk,PHASE1,INTERVENTIONAL,OTHER,ALL,ACTUAL,0.0,0.0,1,2,0,0,1232,1673,,1,1,0,0,0,0
NCT02065778,Safety and Efficacy of Autologous Stem Cell Therapy in Chronic Stroke,WITHDRAWN,1,high risk,PHASE1,INTERVENTIONAL,OTHER,ALL,ACTUAL,0.0,0.0,1,1,1,1,495,141,2008.0,0,1,0,0,0,0
NCT06570525,Intervention Evaluation WEH (Women Who Have Experienced Homelessness),WITHDRAWN,1,high risk,PHASE1,INTERVENTIONAL,OTHER,FEMALE,ACTUAL,0.0,0.0,1,2,0,0,413,496,2025.0,0,1,0,0,0,0
NCT04207476,Magnesphere for Autonomic Alteration,WITHDRAWN,1,high risk,MISSING,INTERVENTIONAL,OTHER,ALL,ACTUAL,0.0,0.0,1,2,1,1,574,429,2021.0,1,1,1,0,0,0
NCT00307476,Comparison of Rectal Trumpet and Standard Care,WITHDRAWN,1,high risk,MISSING,INTERVENTIONAL,OTHER,ALL,ACTUAL,0.0,0.0,1,1,2,1,445,706,2005.0,0,1,1,0,0,0
NCT04350476,COVID-19 Remote Monitoring,WITHDRAWN,1,high risk,MISSING,INTERVENTIONAL,OTHER,ALL,ACTUAL,0.0,0.0,2,1,0,0,482,169,2020.0,0,1,1,0,0,0
NCT03491189,Blade vs Screw Intertrochanteric Hip Fracture Fixation Study,WITHDRAWN,1,high risk,MISSING,INTERVENTIONAL,OTHER,ALL,ACTUAL,0.0,0.0,1,2,0,0,201,180,2018.0,0,1,1,0,0,0
NCT02956668,tDCS Associated to Blindsight Rehabilitation for the Treatment of Homonymous Hemianopsia,WITHDRAWN,1,high risk,MISSING,INTERVENTIONAL,OTHER,ALL,ACTUAL,0.0,0.0,1,2,1,1,732,989,2016.0,0,1,1,0,0,0
NCT00851474,Measurement of Cardiac Output and Blood Volumes,WITHDRAWN,1,high risk,MISSING,OBSERVATIONAL,INDUSTRY,ALL,ACTUAL,0.0,0.0,1,0,1,1,238,299,2009.0,0,1,1,0,0,0
NCT00803374,Combination of Anti-CD137 & Ipilimumab in Patients With Melanoma,WITHDRAWN,1,high risk,PHASE1,INTERVENTIONAL,INDUSTRY,ALL,ACTUAL,0.0,0.0,1,6,7,1,521,166,2010.0,0,1,0,0,0,0
NCT02552797,The Development and Piloting of 'Power Up': a Tool for Young People with Internalising/emotional Disorders to Make Shared Decisions in Child and Adolescent Mental Health Services (CAMHS),WITHDRAWN,1,high risk,MISSING,INTERVENTIONAL,OTHER,ALL,ACTUAL,0.0,0.0,3,1,0,0,901,1535,2015.0,0,0,1,0,0,0
NCT04284410,Integration of PE & Coping Long-Term With Active Suicide Program for PTSD & Suicide Risk in Military Families,WITHDRAWN,1,high risk,MISSING,INTERVENTIONAL,OTHER,ALL,ACTUAL,0.0,0.0,2,1,0,0,2890,361,2021.0,0,1,1,0,0,0
NCT06127810,MRI Gadopiclenol Enhanced Imaging of CNS Tumors,WITHDRAWN,1,high risk,MISSING,OBSERVATIONAL,OTHER,ALL,ACTUAL,0.0,0.0,1,2,0,0,1297,366,2024.0,0,1,1,0,0,0
NCT01970449,"Evaluating the Safety and Immune Response to Three Different Prime-Boost HIV Vaccine Regimens in Healthy, HIV-Uninfected Adults",WITHDRAWN,1,high risk,PHASE1,INTERVENTIONAL,NIH,ALL,ACTUAL,0.0,0.0,1,8,0,0,9404,142,,1,1,0,0,0,0
NCT00538538,Subretinal Lucentis for Hemorrhagic Age-related Macular Degeneration (AMD),WITHDRAWN,1,high risk,PHASE1,INTERVENTIONAL,OTHER,ALL,ACTUAL,0.0,0.0,2,2,1,1,768,1181,2007.0,0,1,0,0,0,0
NCT03998358,Characterization of Fatigue in Military Personnel With Traumatic Brain Injuries,WITHDRAWN,1,high risk,MISSING,OBSERVATIONAL,NIH,ALL,ACTUAL,0.0,0.0,4,0,1,1,4646,1636,2021.0,0,1,1,0,0,0
NCT01624558,Effectiveness of Carbon Filters to Reduce the Anesthetic Gas Concentration in an Anesthetized Patient,WITHDRAWN,1,high risk,MISSING,INTERVENTIONAL,OTHER,ALL,ACTUAL,0.0,0.0,1,1,0,0,417,1527,2012.0,0,0,1,0,0,0
NCT05669326,Evaluation of the Contribution of NODDI Protocol Tractography in Brain Tumor Surgery,WITHDRAWN,1,high risk,MISSING,INTERVENTIONAL,OTHER,ALL,ACTUAL,0.0,0.0,1,1,1,1,818,562,2024.0,0,1,1,0,0,0
NCT01707758,Detection of Cancer-Specific Active Proteases in Blood Via Fluorescence,WITHDRAWN,1,high risk,MISSING,OBSERVATIONAL,OTHER,ALL,ACTUAL,0.0,0.0,1,0,0,0,653,159,2012.0,0,1,1,0,0,0
NCT03658148,Hematologic Ratios in Postoperative Acute Kidney Injury,WITHDRAWN,1,high risk,MISSING,OBSERVATIONAL,OTHER,ALL,ACTUAL,0.0,0.0,1,1,1,1,753,397,2018.0,0,0,1,0,0,0
NCT00003455,Antineoplaston Therapy in Treating Women With Advanced Breast Cancer,WITHDRAWN,1,high risk,PHASE2,INTERVENTIONAL,OTHER,ALL,ACTUAL,0.0,0.0,2,8,1,1,2373,328,,0,1,0,0,0,0
NCT01881958,The Safety and Efficacy of Administrating DiaPep277® Vaccination in Type 1 Diabetes Patients.,WITHDRAWN,1,high risk,PHASE1; PHASE2,INTERVENTIONAL,OTHER,ALL,ACTUAL,0.0,0.0,1,1,0,0,2574,479,2015.0,0,1,0,0,0,0
NCT01043848,Treatment of Neurogenic Detrusor Overactivity: Early Versus Late Pudendal Nerve Stimulation in Spinal Cord Injury (SCI) Patients,WITHDRAWN,1,high risk,MISSING,INTERVENTIONAL,OTHER,ALL,ACTUAL,0.0,0.0,2,1,3,2,1004,2052,2009.0,0,1,1,0,0,0
NCT01846026,Ulcerative Colitis and Vitamin D Supplementation,WITHDRAWN,1,high risk,PHASE1; PHASE2,INTERVENTIONAL,OTHER,ALL,ACTUAL,0.0,0.0,1,2,1,1,634,1422,2013.0,1,1,0,0,0,0
NCT02120755,A Randomized Comparison of AmnioClear™ Human Allograft Amniotic Membrane vs. Moist Wound Dressing in the Treatment of Diabetic Wounds,WITHDRAWN,1,high risk,PHASE4,INTERVENTIONAL,INDUSTRY,ALL,ACTUAL,0.0,0.0,2,1,1,1,323,383,,0,1,0,0,0,0
NCT05763368,Evaluation of Proprioception in Patients With Total Hip Replacement,WITHDRAWN,1,high risk,MISSING,INTERVENTIONAL,OTHER,ALL,ACTUAL,0.0,0.0,1,1,1,1,499,450,2022.0,0,1,1,0,0,0
NCT05355350,PipEracillin/Tazobactam Versus mERoPENem for Treatment of AmpC Producing Blood Stream Infections,WITHDRAWN,1,high risk,PHASE4,INTERVENTIONAL,OTHER,ALL,ACTUAL,0.0,0.0,3,2,4,1,2177,582,2022.0,0,1,0,0,0,0
NCT00691418,Docosahexaenoic Acid (DHA) Administration and Length of Gestation: a Feasibility Study,WITHDRAWN,1,high risk,MISSING,INTERVENTIONAL,OTHER,FEMALE,ACTUAL,0.0,0.0,1,2,0,0,129,242,2008.0,1,0,1,0,0,0
NCT01660997,MLN9708 and Dexamethasone for High-Risk Smoldering Multiple Myeloma,WITHDRAWN,1,high risk,PHASE2,INTERVENTIONAL,NIH,ALL,ACTUAL,0.0,0.0,1,2,0,0,6410,1725,2012.0,0,1,0,0,0,0
NCT06361810,PSMA Therapy and Immunotherapy in Kidney Cancer,WITHDRAWN,1,high risk,PHASE1; PHASE2,INTERVENTIONAL,OTHER,ALL,ACTUAL,0.0,0.0,2,3,0,0,7320,1159,2025.0,0,1,0,0,0,0
NCT00689910,Pharmacokinetics of Raltegravir During Third Trimester Pregnancy and Post-Partum,WITHDRAWN,1,high risk,MISSING,OBSERVATIONAL,OTHER,FEMALE,ACTUAL,0.0,0.0,1,0,4,1,1090,1543,2008.0,0,0,1,0,0,0
NCT02895815,Efficacy and Safety Study of CNTO 2476 in Participants With Visual Acuity Impairment Associated With Geographic Atrophy (GA) Secondary to Age Related Macular Degeneration (AMD),WITHDRAWN,1,high risk,PHASE2,INTERVENTIONAL,INDUSTRY,ALL,ACTUAL,0.0,0.0,3,2,0,0,3838,340,2018.0,0,1,0,0,0,0
NCT02293525,Clinical Evaluation of the ReLeaf Analgesic Infusion Catheter & Wound Drain,WITHDRAWN,1,high risk,MISSING,INTERVENTIONAL,INDUSTRY,ALL,ACTUAL,0.0,0.0,1,5,0,0,1513,329,,0,1,1,0,0,0
NCT01307917,Flavonoids in the Treatment of Endothelial Dysfunction in Children With Diabetes,WITHDRAWN,1,high risk,MISSING,INTERVENTIONAL,OTHER,ALL,ACTUAL,0.0,0.0,2,1,1,1,560,1485,2009.0,0,0,1,0,0,0
NCT05321940,Safety Trial of STING-dependent Activators and Stimulated Dendritic Cells for Aggressive Relapsed/Refractory Leukemias,WITHDRAWN,1,high risk,PHASE1,INTERVENTIONAL,OTHER,ALL,ACTUAL,0.0,0.0,5,2,0,0,6887,236,2023.0,0,1,0,0,0,0
NCT05387668,"Safety, Tolerability, and Pharmacokinetics of BGB-23339 in Healthy Japanese and Caucasian Subjects",WITHDRAWN,1,high risk,PHASE1,INTERVENTIONAL,INDUSTRY,ALL,ACTUAL,0.0,0.0,1,2,1,1,2057,228,2022.0,1,1,0,0,0,0
NCT01524068,"A MultiCenter Study of Combined PEX, Rituximab, and Steroids in Acute Idiopathic Pulmonary Fibrosis Exacerbations",WITHDRAWN,1,high risk,PHASE2,INTERVENTIONAL,OTHER,ALL,ACTUAL,0.0,0.0,1,2,5,1,1996,1303,2012.0,0,1,0,0,0,0
NCT02139150,Serial FLT PET Imaging in Cancer Patients for Monitoring of Response to Therapy,WITHDRAWN,1,high risk,MISSING,INTERVENTIONAL,OTHER,ALL,ACTUAL,0.0,0.0,1,2,1,1,391,627,2014.0,0,1,1,0,0,0
NCT01480791,Aliskiren vs Hydrochlorothiazide in Hypertensive Type II Diabetic Patients on Resistance Arteries,WITHDRAWN,1,high risk,PHASE2,INTERVENTIONAL,OTHER,ALL,ACTUAL,0.0,0.0,2,2,1,1,5421,2658,2012.0,1,1,0,0,0,0
NCT01189318,Effects of Seroquel XR on Sleep Architecture in Patients With Major Depressive Disorder,WITHDRAWN,1,high risk,PHASE2,INTERVENTIONAL,OTHER,ALL,ACTUAL,0.0,0.0,1,1,1,1,2663,251,2012.0,0,1,0,0,0,0
NCT03734497,Carotid Flow Time Measurement Guided Fluid Management During Spinal Anesthesia,WITHDRAWN,1,high risk,MISSING,INTERVENTIONAL,OTHER,ALL,ACTUAL,0.0,0.0,1,3,1,1,633,506,2022.0,0,1,1,0,0,0
NCT01950585,Hydroxyurea in Pulmonary Arterial Hypertension,WITHDRAWN,1,high risk,EARLY_PHASE1,INTERVENTIONAL,NIH,ALL,ACTUAL,0.0,0.0,1,1,0,0,1771,3169,2013.0,0,1,0,0,0,0
NCT00160485,Glyburide Compared to Insulin in the Management of White's Classification A2 Gestational Diabetes,WITHDRAWN,1,high risk,PHASE4,INTERVENTIONAL,FED,FEMALE,ACTUAL,0.0,0.0,1,2,1,1,920,2445,2004.0,0,1,0,0,0,0
NCT04548843,A First in Human Study to Evaluate the Safety of Infusion of MNV-BM-PLC (Autologous CD34+ Cells Enriched With Placenta Derived Allogeneic Mitochondria) in Patients With Primary Mitochondrial Diseases Associated With Mitochondrial DNA Mutation or Deletion,WITHDRAWN,1,high risk,PHASE1,INTERVENTIONAL,INDUSTRY,ALL,ACTUAL,0.0,0.0,1,3,1,1,1664,458,2022.0,0,0,0,0,0,0
NCT05527015,Bifocal Spectacles vs. Single Vision Spectacles for Esotropia Greater at Near,WITHDRAWN,1,high risk,PHASE3,INTERVENTIONAL,OTHER,ALL,ACTUAL,0.0,0.0,1,2,0,0,3113,542,2025.0,0,0,0,0,0,0
NCT05260489,Apollo Remote Observational Sleep Study,WITHDRAWN,1,high risk,MISSING,OBSERVATIONAL,INDUSTRY,ALL,ACTUAL,0.0,0.0,2,0,1,1,164,212,2022.0,0,1,1,0,0,0
NCT05093868,Electrographic Flow Mapping Validation in Patients With Persistent Atrial Fibrillation (EVAL AF),WITHDRAWN,1,high risk,MISSING,INTERVENTIONAL,OTHER,ALL,ACTUAL,0.0,0.0,2,1,1,1,1360,1305,2022.0,0,1,1,0,0,0
NCT00051090,Treatment of Hepatitis B Virus (HBV) Before Beginning Anti-HIV Drugs in Patients With Both HBV and HIV,WITHDRAWN,1,high risk,MISSING,INTERVENTIONAL,NIH,ALL,ACTUAL,0.0,0.0,2,5,0,0,1207,512,,0,1,1,0,0,0
NCT03752190,Comparison of Intramuscular and Intravenous ACTH Stimulation Test in Normal Volunteers,WITHDRAWN,1,high risk,PHASE4,INTERVENTIONAL,OTHER,ALL,ACTUAL,0.0,0.0,1,1,0,0,191,2784,2019.0,0,1,0,0,0,0
NCT05173116,Evaluation of the API-VIGIE Monitoring System: Program to Reduce Emergency Visits for Severe Paroxysmal Alcoholism,WITHDRAWN,1,high risk,MISSING,OBSERVATIONAL,OTHER,ALL,ACTUAL,0.0,0.0,2,2,1,1,296,208,2022.0,0,1,1,0,0,0
NCT05161533,"Hypofractionated Radiation Therapy After Durvalumab and Chemotherapy for the Treatment of Stage IV Extensive Stage Small Cell Lung Cancer, CASPIAN-RT Trial",WITHDRAWN,1,high risk,PHASE2,INTERVENTIONAL,OTHER,ALL,ACTUAL,0.0,0.0,4,7,1,1,7635,900,2023.0,0,1,0,0,0,0
NCT05980533,Portable Ultrasound to Predict Heart Failure Readmission Risk,WITHDRAWN,1,high risk,MISSING,INTERVENTIONAL,OTHER,ALL,ACTUAL,0.0,0.0,2,1,0,0,270,347,2024.0,0,1,1,0,0,0
NCT03857633,MRI Assessment of Myocardial Fibrosis Associated With Monocyte Phenotype in End Stage Renal Failure,WITHDRAWN,1,high risk,MISSING,OBSERVATIONAL,OTHER,ALL,ACTUAL,0.0,0.0,5,5,1,1,1194,1080,2019.0,0,1,1,0,0,0
NCT00085449,"Alemtuzumab Plus Fludarabine and Melphalan With or Without Cyclosporine, Mycophenolate Mofetil, and Low-Dose Total-Body Irradiation Therapy Followed by Donor Peripheral Stem Cell Transplant in Treating Patients With Hematologic Cancer",WITHDRAWN,1,high risk,PHASE1; PHASE2,INTERVENTIONAL,OTHER,ALL,ACTUAL,0.0,0.0,5,7,24,1,3623,989,2006.0,0,1,0,0,0,0
NCT00129558,A Study to Evaluate PT-523 in Patients With Refractory Leukemia,WITHDRAWN,1,high risk,PHASE1; PHASE2,INTERVENTIONAL,INDUSTRY,ALL,ACTUAL,0.0,0.0,1,1,6,1,1461,226,2005.0,0,1,0,0,0,0
NCT05465148,Microbiome Determinants of Neurological and Gastrointestinal Symptoms of Autism Spectrum Disorder (ASD),WITHDRAWN,1,high risk,MISSING,OBSERVATIONAL,INDUSTRY,ALL,ACTUAL,0.0,0.0,1,0,0,0,402,400,2022.0,0,0,1,0,0,0
NCT05062148,Fundamental and Applied Concussion Recovery Modality Research and Development: Applications for the Enhanced Recovery,WITHDRAWN,1,high risk,MISSING,INTERVENTIONAL,OTHER,ALL,ACTUAL,0.0,0.0,3,2,1,1,303,141,2021.0,0,0,1,0,0,0
NCT05597748,Modified Herbst Approach to Improve Chin Projection,WITHDRAWN,1,high risk,MISSING,INTERVENTIONAL,OTHER,ALL,ACTUAL,0.0,0.0,1,2,1,1,556,711,2023.0,0,0,1,0,0,0
NCT01037400,Biochemical Approach to Measuring Surgical Trauma,WITHDRAWN,1,high risk,MISSING,OBSERVATIONAL,OTHER,ALL,ACTUAL,0.0,0.0,1,0,1,1,379,511,2010.0,0,1,1,0,0,0
NCT01727544,Vestibular Function Outcome After Cartilage Cap Occlusion Surgery,WITHDRAWN,1,high risk,EARLY_PHASE1,INTERVENTIONAL,OTHER,ALL,ACTUAL,0.0,0.0,2,1,0,0,165,180,2012.0,0,1,0,0,0,0
NCT00613444,Photodynamic Therapy in the Treatment of Acne,WITHDRAWN,1,high risk,MISSING,INTERVENTIONAL,OTHER,ALL,ACTUAL,0.0,0.0,1,1,0,0,1969,1235,2008.0,0,0,1,0,0,0
NCT00775164,"Pioglitazone Therapy in Obese Children With Insulin Resistance: A Randomized, Controlled Pilot Study",WITHDRAWN,1,high risk,PHASE4,INTERVENTIONAL,OTHER,ALL,ACTUAL,0.0,0.0,2,2,0,0,954,559,2009.0,0,0,0,0,0,0
NCT05160064,Long-term Registry of Patients Treated With Loncastuximab Tesirine,WITHDRAWN,1,high risk,MISSING,OBSERVATIONAL,INDUSTRY,ALL,ACTUAL,0.0,0.0,1,0,1,1,315,166,2022.0,0,1,1,0,0,0
NCT03562299,OrthoPure™ XT Pilot Clinical Study,WITHDRAWN,1,high risk,MISSING,INTERVENTIONAL,INDUSTRY,ALL,ACTUAL,0.0,0.0,2,1,3,1,4001,286,2018.0,0,1,1,0,0,0
NCT03969199,"Give a MANNA a Fish, Teach a MANNA to Fish",WITHDRAWN,1,high risk,MISSING,INTERVENTIONAL,OTHER,ALL,ACTUAL,0.0,0.0,3,1,0,0,701,905,2023.0,0,1,1,0,0,0
NCT01008514,Partial-Breast Radiation Therapy in Treating Women With Early-Stage Breast Cancer,WITHDRAWN,1,high risk,PHASE2,INTERVENTIONAL,OTHER,FEMALE,ACTUAL,0.0,0.0,1,3,0,0,1507,309,,0,1,0,0,0,0
NCT00760916,FREEDOM DR: Oral Treprostinil in Combination With an Endothelin Receptor Antagonist (ERA) and/or a Phosphodiesterase-5 (PDE-5) Inhibitor or as Monotherapy for the Treatment of Pulmonary Arterial Hypertension (PAH),WITHDRAWN,1,high risk,PHASE3,INTERVENTIONAL,INDUSTRY,ALL,ACTUAL,0.0,0.0,1,4,31,3,1083,837,2008.0,1,1,0,0,0,0
NCT03543033,Preoperative Corticosteroid Epidural Injection and Lumbar Decompression Surgery Outcomes,WITHDRAWN,1,high risk,MISSING,INTERVENTIONAL,OTHER,ALL,ACTUAL,0.0,0.0,1,1,1,1,905,582,2018.0,0,1,1,0,0,0
NCT00837226,Effects of Weight Loss From Bariatric Surgery on Intraocular Pressure (IOP),WITHDRAWN,1,high risk,MISSING,OBSERVATIONAL,OTHER,ALL,ACTUAL,0.0,0.0,1,0,1,1,881,406,2010.0,0,1,1,0,0,0
NCT02670434,Safety and Efficacy Comparison Study of NK-104-CR (Controled Release) in Patients With Primary Hyperlipidemia or Mixed Dyslipidemia,WITHDRAWN,1,high risk,PHASE3,INTERVENTIONAL,INDUSTRY,ALL,ACTUAL,0.0,0.0,2,3,45,1,614,218,2016.0,1,1,0,0,0,0
NCT04005209,Ketamine Infusion for Sickle Cell Pain Crisis,WITHDRAWN,1,high risk,PHASE4,INTERVENTIONAL,OTHER,ALL,ACTUAL,0.0,0.0,2,2,1,1,1154,738,2022.0,0,1,0,0,0,0
NCT03466398,Effects of a Remote Patient Monitoring Protocol on Glycemic Control in Adolescents With Type 1 Diabetes,WITHDRAWN,1,high risk,MISSING,INTERVENTIONAL,OTHER,ALL,ACTUAL,0.0,0.0,2,1,1,1,982,1350,2018.0,0,0,1,0,0,0
NCT02372721,Long Term Impact of Pediatric Acute Renal Injury in Severe Sepsis,WITHDRAWN,1,high risk,MISSING,OBSERVATIONAL,OTHER,ALL,ACTUAL,0.0,0.0,3,0,0,0,1481,664,2015.0,0,0,1,0,0,0
NCT03177252,Scalp Block: Hemodynamic Stability and Patient Comfort In Craniotomy Patients,WITHDRAWN,1,high risk,PHASE1,INTERVENTIONAL,OTHER,ALL,ACTUAL,0.0,0.0,2,3,0,0,372,935,2020.0,0,1,0,0,0,0
NCT03374852,CPI-613 in Combination With Modified FOLFIRINOX in Patients With Locally Advanced Pancreatic Cancer,WITHDRAWN,1,high risk,PHASE2,INTERVENTIONAL,OTHER,ALL,ACTUAL,0.0,0.0,1,2,0,0,3318,488,2018.0,0,1,0,0,0,0
NCT02605538,Hepatitis B in Cystic Fibrosis and Latent Tuberculosis Respectively,WITHDRAWN,1,high risk,MISSING,INTERVENTIONAL,OTHER,ALL,ACTUAL,0.0,0.0,4,1,1,1,327,246,2015.0,0,0,1,0,0,0
NCT03264040,Biomarker for Mannosidosis Disease (BioMannosidosis),WITHDRAWN,1,high risk,MISSING,OBSERVATIONAL,INDUSTRY,ALL,ACTUAL,0.0,0.0,3,0,3,3,847,121,2018.0,0,0,1,0,0,0
NCT00317018,Implementing Telemedicine-Based Collaborative Care for MDD in Contract CBOCs,WITHDRAWN,1,high risk,MISSING,INTERVENTIONAL,FED,ALL,ACTUAL,0.0,0.0,1,1,2,1,240,589,2008.0,0,0,1,0,0,0
NCT00371618,IPM Procedures With or Without Fluoroscopy: Outcome Comparison,WITHDRAWN,1,high risk,MISSING,OBSERVATIONAL,OTHER,ALL,ACTUAL,0.0,0.0,2,1,1,1,377,170,1998.0,0,1,1,0,0,0
NCT00346710,Patient Experiences in Rheumatology,WITHDRAWN,1,high risk,MISSING,OBSERVATIONAL,OTHER,ALL,ACTUAL,0.0,0.0,1,0,0,0,299,113,2006.0,0,1,1,0,0,0
NCT04758260,Influence of the Antioxidant Treatment in the Oxidant-reduction Potential in Seminal Plasma in Men Whose Partners Will Undergo Through an Egg Donation Cycle,WITHDRAWN,1,high risk,MISSING,INTERVENTIONAL,OTHER,MALE,ACTUAL,0.0,0.0,1,1,1,1,281,1270,2019.0,0,1,1,0,0,0
NCT02915042,Dexmedetomidine vs Placebo for Pediatric Cleft Palate Repair,WITHDRAWN,1,high risk,PHASE4,INTERVENTIONAL,OTHER,ALL,ACTUAL,0.0,0.0,1,2,0,0,1751,253,2017.0,1,0,0,0,0,0
NCT03502473,UltraShape Power Device for Fat Reduction in Flanks,WITHDRAWN,1,high risk,MISSING,INTERVENTIONAL,INDUSTRY,ALL,ACTUAL,0.0,0.0,1,1,1,1,3865,116,2018.0,0,1,1,0,0,0
NCT03781622,WOLF - Feasibility Neurothrombectomy Study in Acute Ischemic Stroke Patients,WITHDRAWN,1,high risk,MISSING,INTERVENTIONAL,INDUSTRY,ALL,ACTUAL,0.0,0.0,1,1,2,1,3255,203,2019.0,0,1,1,0,0,0
NCT00406731,Role of Endothelin- and Nitric Oxide-system in the Regulation of Optic Nerve Head Blood Flow During Changes in Ocular Perfusion Pressure,WITHDRAWN,1,high risk,PHASE2,INTERVENTIONAL,OTHER,MALE,ACTUAL,0.0,0.0,3,7,1,1,1123,1305,2008.0,1,1,0,0,0,0
NCT04467281,A Study of PET/CT Scans With the Radioactive Tracer 89Zr-DFO-Daratumumab in People With Myeloma,WITHDRAWN,1,high risk,PHASE2,INTERVENTIONAL,OTHER,ALL,ACTUAL,0.0,0.0,1,2,0,0,795,463,2020.0,0,1,0,0,0,0
NCT02745028,Monosodium Glutamate on Gastric Emptying,WITHDRAWN,1,high risk,MISSING,INTERVENTIONAL,OTHER,ALL,ACTUAL,0.0,0.0,1,1,0,0,303,289,2016.0,0,0,1,0,0,0
NCT06058728,A Study to Evaluate Changes in Hair in Adult Participants Taking Oral Oriahnn Capsules With Heavy Menstrual Bleeding (HMB) Associated With Uterine Fibroids (UF),WITHDRAWN,1,high risk,MISSING,OBSERVATIONAL,INDUSTRY,FEMALE,ACTUAL,0.0,0.0,1,0,1,1,1713,1161,2023.0,0,1,1,0,0,0
NCT00640965,"DP-VPA for Migraine Prophylaxis, a Pilot Efficacy Study",WITHDRAWN,1,high risk,PHASE2,INTERVENTIONAL,INDUSTRY,ALL,ESTIMATED,40.0,3.713572066704308,1,2,6,1,1835,356,2008.0,1,1,0,0,0,0
NCT01845467,Efficacy of Secretin MRCP in the Diagnosis and Follow up of Auto Immune Pancreatitis,WITHDRAWN,1,high risk,MISSING,OBSERVATIONAL,OTHER,ALL,ACTUAL,0.0,0.0,2,0,1,1,386,1212,2013.0,0,1,1,0,0,0
NCT05609461,Investigation of the Effect of Orthosis Use for Control of Knee Hyperextension in Chronic Stroke Patients,WITHDRAWN,1,high risk,MISSING,OBSERVATIONAL,OTHER,ALL,ACTUAL,0.0,0.0,1,0,1,1,674,588,2022.0,0,1,1,0,0,0
NCT01870661,Ultrasound Guided Peripheral Intravenous Catheter Insertion in the Hospitalized Patient: Long vs. Short Axis Placement,WITHDRAWN,1,high risk,MISSING,INTERVENTIONAL,OTHER,ALL,ACTUAL,0.0,0.0,1,2,1,1,423,212,2013.0,0,1,1,0,0,0
NCT00530205,Effects of Radiation Therapy on the Body in Patients With Stage III Non-Small Cell Lung Cancer,WITHDRAWN,1,high risk,MISSING,OBSERVATIONAL,OTHER,ALL,ACTUAL,0.0,0.0,3,4,1,1,590,337,2007.0,0,1,1,0,0,0
NCT05697029,Tetrandrine Tablets Used in Hospitalized Adults With COVID-19,WITHDRAWN,1,high risk,PHASE4,INTERVENTIONAL,OTHER,ALL,ACTUAL,0.0,0.0,1,1,1,1,1185,158,2023.0,0,1,0,0,0,0
NCT01326429,Frequency and Origin of Dysnatremias in the Emergency Department,WITHDRAWN,1,high risk,MISSING,OBSERVATIONAL,OTHER,ALL,ACTUAL,0.0,0.0,2,0,0,0,216,650,2011.0,0,1,1,0,0,0
NCT06232031,The Effect of Active Breathing Exercises for Elderly People in the Community,WITHDRAWN,1,high risk,MISSING,INTERVENTIONAL,OTHER,ALL,ACTUAL,0.0,0.0,1,1,0,0,433,749,2024.0,0,1,1,0,0,0
NCT00745953,Regression of Fatty Heart by Valsartan Therapy,WITHDRAWN,1,high risk,PHASE4,INTERVENTIONAL,OTHER,ALL,ACTUAL,0.0,0.0,2,2,1,1,781,1544,2007.0,0,1,0,0,0,0
NCT06730945,Effect of Oral Isosorbide Mononitrate Plus Amlodipine Antispasm Therapy on Outcomes of Radial Artery Grafts After CABG,WITHDRAWN,1,high risk,PHASE4,INTERVENTIONAL,OTHER,ALL,ACTUAL,0.0,0.0,3,1,1,1,392,764,2025.0,0,1,0,0,0,0
NCT06535828,AIM4 AI and Mechanistic Modeling in Molecular Medicine,WITHDRAWN,1,high risk,MISSING,OBSERVATIONAL,OTHER,ALL,ACTUAL,0.0,0.0,1,1,0,0,3029,337,2024.0,0,1,1,0,0,0
NCT04868942,Protective Measures Against SARS-CoV-2 Contamination of Young Healthy Volunteers During a Concert of Actual Music,WITHDRAWN,1,high risk,MISSING,INTERVENTIONAL,OTHER_GOV,ALL,ACTUAL,0.0,0.0,1,1,0,0,1238,626,2021.0,0,1,1,0,0,0
NCT02718742,Paclitaxel Albumin-Stabilized Nanoparticle Formulation After Cisplatin-Based Chemotherapy and Surgery in Treating Patients With High-Risk Bladder Cancer,WITHDRAWN,1,high risk,PHASE2,INTERVENTIONAL,OTHER,ALL,ACTUAL,0.0,0.0,2,3,1,1,4619,396,2016.0,0,1,0,0,0,0
NCT01341873,Nursing Intervention in Supporting Family Caregivers of Patients Undergoing Stem Cell Transplant,WITHDRAWN,1,high risk,MISSING,INTERVENTIONAL,OTHER,ALL,ACTUAL,0.0,0.0,3,4,0,0,553,223,2012.0,0,1,1,0,0,0
NCT01044394,"Same-day, Reduced Volume Bowel Preparation",WITHDRAWN,1,high risk,PHASE2,INTERVENTIONAL,OTHER,ALL,ACTUAL,0.0,0.0,1,1,1,1,219,565,2010.0,0,1,0,0,0,0
NCT00464451,Dexmedetomidine Versus Chloral Hydrate for Pediatric Sedation During EEG,WITHDRAWN,1,high risk,PHASE2,INTERVENTIONAL,OTHER,ALL,ACTUAL,0.0,0.0,1,2,1,1,749,826,2009.0,0,0,0,0,0,0
NCT00164645,Problem Solving for Caregivers of Persons With Brain Injury,WITHDRAWN,1,high risk,MISSING,INTERVENTIONAL,FED,ALL,ACTUAL,0.0,0.0,1,1,0,0,180,175,2005.0,0,1,1,0,0,0
NCT02320201,Foot Neuromodulation for Overactive Bladder in Children,WITHDRAWN,1,high risk,MISSING,INTERVENTIONAL,OTHER,ALL,ACTUAL,0.0,0.0,1,1,1,1,1398,122,2014.0,0,0,1,0,0,0
NCT03338881,"A Study to Assess Mass Balance, Pharmacokinetics (PK), and Metabolism of Orally Administered [14 C]-TAK-659 in Participants With Advanced Solid Tumor and/or Lymphoma Malignancies",WITHDRAWN,1,high risk,PHASE1,INTERVENTIONAL,INDUSTRY,ALL,ACTUAL,0.0,0.0,2,2,0,0,3528,353,2018.0,0,1,0,0,0,0
NCT02627430,"Talazoparib and HSP90 Inhibitor AT13387 in Treating Patients With Metastatic Advanced Solid Tumor or Recurrent Ovarian, Fallopian Tube, Primary Peritoneal, or Triple Negative Breast Cancer",WITHDRAWN,1,high risk,PHASE1,INTERVENTIONAL,NIH,ALL,ACTUAL,0.0,0.0,13,4,0,0,5034,625,2016.0,0,1,0,0,0,0
NCT03036046,Safety and Pharmacokinetics of Oral F901318 (Fluconazole and Posaconazole) IN Aml Leukaemia,WITHDRAWN,1,high risk,PHASE1; PHASE2,INTERVENTIONAL,INDUSTRY,ALL,ACTUAL,0.0,0.0,1,3,0,0,5079,424,2017.0,0,1,0,0,0,0
NCT01969903,Study of Use of Dexmedetomidine for Regional Anesthesia,WITHDRAWN,1,high risk,PHASE2,INTERVENTIONAL,OTHER,ALL,ACTUAL,0.0,0.0,1,1,0,0,949,720,2014.0,0,1,0,0,0,0
NCT02758288,BK Virus Post-Kidney Transplant: New Practice Versus Traditional Approach,WITHDRAWN,1,high risk,MISSING,OBSERVATIONAL,OTHER,ALL,ACTUAL,0.0,0.0,2,2,1,1,604,448,2015.0,0,1,1,0,0,0
NCT03611205,Interim Digital PET/CT in Predicting Outcomes for Participants With Locally Advanced Oropharyngeal Cancer Undergoing Chemoradiation Therapy,WITHDRAWN,1,high risk,MISSING,INTERVENTIONAL,OTHER,ALL,ACTUAL,0.0,0.0,2,2,0,0,3613,399,2019.0,0,1,1,0,0,0
NCT06682637,Melflufen for Elderly Patients With Relapsed Myeloma,WITHDRAWN,1,high risk,PHASE2,INTERVENTIONAL,OTHER,ALL,ACTUAL,0.0,0.0,1,2,10,1,3380,198,2025.0,0,1,0,0,0,0
NCT02816437,FMT for MDRO Colonization in Solid Organ Transplant,WITHDRAWN,1,high risk,PHASE1,INTERVENTIONAL,OTHER,ALL,ACTUAL,0.0,0.0,1,1,0,0,3369,249,2016.0,0,1,0,0,0,0
NCT00620737,Pilot Safety and Efficacy Study of Isolagen Therapy in Treatment of Restrictive Burn Scars,WITHDRAWN,1,high risk,PHASE2,INTERVENTIONAL,INDUSTRY,ALL,ACTUAL,0.0,0.0,1,2,3,1,2962,196,2008.0,1,1,0,0,0,0
NCT03722745,Examine the Preliminary Effect of an Evidence-Based Practice (EBP) Consultation Model on Staff Fidelity to EBP,WITHDRAWN,1,high risk,MISSING,INTERVENTIONAL,OTHER,ALL,ACTUAL,0.0,0.0,1,2,0,0,1437,928,2019.0,0,0,1,0,0,0
NCT03704077,"An Investigational Immuno-therapy Study of Relatlimab Plus Nivolumab Compared to Various Standard-of-Care Therapies in Previously Treated Participants With Recurrent, Advanced or Metastatic Gastric Cancer or Gastroesophageal Junction Adenocarcinoma",WITHDRAWN,1,high risk,PHASE2,INTERVENTIONAL,INDUSTRY,ALL,ACTUAL,0.0,0.0,4,4,84,14,760,323,2019.0,0,1,0,0,0,0
NCT02155842,Exercise Training in Treating Diastolic Heart Failure,WITHDRAWN,1,high risk,MISSING,INTERVENTIONAL,OTHER,ALL,ACTUAL,0.0,0.0,2,2,1,1,545,424,2014.0,0,1,1,0,0,0
NCT01123122,A Comparison of Strict Glucose Control With Usual Care at the Time of Islet Cell Transplantation,WITHDRAWN,1,high risk,MISSING,INTERVENTIONAL,OTHER_GOV,ALL,ACTUAL,0.0,0.0,2,1,1,1,257,731,2011.0,0,1,1,0,0,0
NCT00346502,Evaluation of 20% Betulinic Acid Ointment for Treatment of Dysplastic Nevi (Moderate to Severe Dysplasia),WITHDRAWN,1,high risk,PHASE1; PHASE2,INTERVENTIONAL,OTHER,ALL,ACTUAL,0.0,0.0,1,2,1,1,1960,212,2006.0,0,1,0,0,0,0
NCT03428737,Impact of a Nocturnal Pressure Controlled Ventilation on Mechanical Ventilation Weaning Duration in Patients With Chronic Obstructive Respiratory Diseases,WITHDRAWN,1,high risk,MISSING,INTERVENTIONAL,OTHER,ALL,ACTUAL,0.0,0.0,1,2,1,1,506,1205,2019.0,0,1,1,0,0,0
NCT05581095,"Empowering Mindfulness, Body Respect, and Compassionate Eating Among Women Who Binge Eat During Pregnancy",WITHDRAWN,1,high risk,MISSING,INTERVENTIONAL,OTHER,FEMALE,ACTUAL,0.0,0.0,2,2,1,1,1562,675,2024.0,0,1,1,0,0,0
NCT04880577,Tenofovir Alafenamide for Treatment of Symptoms and Neuroprotection in Relapsing Remitting Multiple Sclerosis,WITHDRAWN,1,high risk,PHASE2,INTERVENTIONAL,OTHER,ALL,ACTUAL,0.0,0.0,2,2,1,1,2226,1678,2022.0,1,1,0,0,0,0
NCT02636803,Study of the Efficacy of Oxfendazole Compared to Albendazole in the Treatment of Trichuris Trichiura Infection in Adults,WITHDRAWN,1,high risk,PHASE2,INTERVENTIONAL,OTHER,ALL,ACTUAL,0.0,0.0,1,2,0,0,2082,391,2019.0,0,0,0,0,0,0
NCT04040127,Residual Dental Pulp Tissue and Cord Blood Stem Cells,WITHDRAWN,1,high risk,PHASE2,INTERVENTIONAL,OTHER,ALL,ACTUAL,0.0,0.0,1,2,0,0,863,275,2019.0,0,1,0,0,0,0
NCT01182857,Quality of Life and Neuropsychiatric Sequelae in Patients Treated With Gene Therapy for ADA-SCID and in Their Parents,WITHDRAWN,1,high risk,MISSING,OBSERVATIONAL,NIH,ALL,ACTUAL,0.0,0.0,1,0,0,0,1335,2985,2010.0,0,0,1,0,0,0
NCT04883112,Effects of Magnetic Tape Over Ankle Dorsiflexion in Patients With Low Back Pain,WITHDRAWN,1,high risk,MISSING,INTERVENTIONAL,OTHER,ALL,ACTUAL,0.0,0.0,1,2,1,1,341,364,2021.0,1,1,1,0,0,0
NCT06113562,Close Obstructive Sleep Apnea (OSA) Trial,WITHDRAWN,1,high risk,MISSING,INTERVENTIONAL,OTHER,ALL,ACTUAL,0.0,0.0,2,1,0,0,529,182,2025.0,0,1,1,0,0,0
NCT02699788,Emergency Department MCG for Suspected Acute Coronary Syndrome,WITHDRAWN,1,high risk,MISSING,INTERVENTIONAL,OTHER,ALL,ACTUAL,0.0,0.0,1,1,1,1,301,403,2016.0,0,1,1,0,0,0
NCT02418273,Denosumab for Glucocorticoid-treated Children With Rheumatic Disorders,WITHDRAWN,1,high risk,PHASE1; PHASE2,INTERVENTIONAL,OTHER,ALL,ACTUAL,0.0,0.0,7,1,1,1,1858,738,2019.0,0,0,0,0,0,0
NCT04949854,Evaluating the Role of the Guidewire in Peripheral Intravenous Access,WITHDRAWN,1,high risk,MISSING,INTERVENTIONAL,OTHER,ALL,ACTUAL,0.0,0.0,2,2,1,1,491,362,2023.0,0,1,1,0,0,0
NCT01584622,Clinical Evaluation of the CADenceTM System in Detection of Coronary Artery Diseases,WITHDRAWN,1,high risk,MISSING,INTERVENTIONAL,INDUSTRY,ALL,ACTUAL,0.0,0.0,1,1,7,1,650,194,2012.0,0,1,1,0,0,0
NCT01692912,Psoriatic Arthritis Treat to Target vs. Usual Care,WITHDRAWN,1,high risk,MISSING,INTERVENTIONAL,INDUSTRY,ALL,ACTUAL,0.0,0.0,1,1,4,1,801,326,2012.0,0,1,1,0,0,0
NCT00378781,Heparin or M-EDTA in Preventing Catheter-Related Infections and Blockages in Patients at High Risk for a Catheter-Related Infection,WITHDRAWN,1,high risk,MISSING,INTERVENTIONAL,OTHER,ALL,ACTUAL,0.0,0.0,1,2,0,0,1308,544,,0,0,1,0,0,0
NCT01753388,"Safety and Performance of the Penumbra Liberty Stent in the Treatment of Wide-Neck, Saccular, Intracranial Aneurysms",WITHDRAWN,1,high risk,PHASE2,INTERVENTIONAL,INDUSTRY,ALL,ACTUAL,0.0,0.0,1,1,4,1,2238,192,2012.0,0,1,0,0,0,0
NCT02656888,Efficacy and Safety of Irlanda-1-Association on the Treatment of Common Cold in Children,WITHDRAWN,1,high risk,PHASE3,INTERVENTIONAL,INDUSTRY,ALL,ACTUAL,0.0,0.0,1,2,1,1,1343,129,2019.0,1,0,0,0,0,0
NCT05017961,Comparing Efficacy of Bone Marrow Aspirate Concentrate (BMAC) Combined With Allograft in Treatment of Calcaneus Fractures,WITHDRAWN,1,high risk,MISSING,INTERVENTIONAL,OTHER,ALL,ACTUAL,0.0,0.0,1,3,0,0,1562,277,2019.0,0,1,1,0,0,0
NCT04311866,Femoral Pediatric Fractures. Walking Spica Cast vs Synthetic Pants,WITHDRAWN,1,high risk,MISSING,INTERVENTIONAL,OTHER,ALL,ACTUAL,0.0,0.0,2,2,1,1,402,393,2020.0,0,0,1,0,0,0
NCT01428622,Olodaterol Bridging Study in Asthma,WITHDRAWN,1,high risk,PHASE2,INTERVENTIONAL,INDUSTRY,ALL,ACTUAL,0.0,0.0,1,28,1,1,2037,263,2011.0,0,1,0,0,0,0
NCT04433702,Effect of Negative Pressure on Pattern Electroretinography Readings,WITHDRAWN,1,high risk,MISSING,INTERVENTIONAL,OTHER,ALL,ACTUAL,0.0,0.0,4,2,1,1,1939,1225,2020.0,1,1,1,0,0,0
NCT04232072,Ibuprofen and Erector Spinae Plane Block After Laparoscopic Sleeve Gastrectomy,WITHDRAWN,1,high risk,MISSING,INTERVENTIONAL,OTHER,ALL,ACTUAL,0.0,0.0,1,2,1,1,434,1179,2020.0,0,1,1,0,0,0
NCT04303377,Early Treatment With Evolocumab in Patients With ST-elevation Myocardial Infarction,WITHDRAWN,1,high risk,PHASE2,INTERVENTIONAL,OTHER,ALL,ACTUAL,0.0,0.0,1,1,1,1,1132,222,2019.0,0,1,0,0,0,0
NCT02333903,Adapted Physical Activity Program After Sleeve Gastrectomy,WITHDRAWN,1,high risk,MISSING,INTERVENTIONAL,OTHER,FEMALE,ACTUAL,0.0,0.0,1,1,1,1,981,214,2015.0,0,1,1,0,0,0
NCT04007588,A Phase II Trial of Neoadjuvant Treatment With PD-1 Inhibition (Nivolumab) With or Without IDO Inhibition (BMS-986205) and With or Without CTLA-4 Inhibition (Ipilimumab) in Resectable Stage III or IV Melanoma,WITHDRAWN,1,high risk,PHASE2,INTERVENTIONAL,OTHER,ALL,ACTUAL,0.0,0.0,2,3,2,1,6741,129,2019.0,0,1,0,0,0,0
NCT02287727,Regorafenib in Reducing Recurrence in Patients With Non-metastatic Rectal Cancer Who Have Completed Curative-Intent Treatment,WITHDRAWN,1,high risk,PHASE2,INTERVENTIONAL,OTHER,ALL,ACTUAL,0.0,0.0,6,2,3,1,7919,428,2015.0,0,1,0,0,0,0
NCT00073086,Evaluation and Treatment of Severe Acute Respiratory Syndrome (SARS),WITHDRAWN,1,high risk,MISSING,OBSERVATIONAL,NIH,ALL,ACTUAL,0.0,0.0,1,0,1,1,6259,3671,2003.0,0,1,1,0,0,0
NCT00175851,Open Label Trial to Study the Long-term Safety and Efficacy of Seletracetam for the Treatment of Epilepsy,WITHDRAWN,1,high risk,PHASE3,INTERVENTIONAL,INDUSTRY,ALL,ACTUAL,0.0,0.0,1,1,0,0,781,147,2008.0,0,0,0,0,0,0
NCT03939351,Imagery of Retinal and Choroidal Variations Observed After a Revascularization Procedure on the Internal Carotid Artery,WITHDRAWN,1,high risk,MISSING,OBSERVATIONAL,OTHER,ALL,ACTUAL,0.0,0.0,1,1,1,1,480,627,2019.0,0,1,1,0,0,0
NCT02883751,Phototherapy in DM Amputation Ulcers.,WITHDRAWN,1,high risk,MISSING,INTERVENTIONAL,OTHER,ALL,ACTUAL,0.0,0.0,3,2,1,1,782,2333,2017.0,0,1,1,0,0,0
NCT01025531,Cell Bound Complement Activation Proteins as Markers of Liver Injury,WITHDRAWN,1,high risk,MISSING,OBSERVATIONAL,OTHER,ALL,ACTUAL,0.0,0.0,1,0,1,1,1226,357,2008.0,0,1,1,0,0,0
NCT00434031,CETRA: Neoadjuvant Caelyx and Trastuzumab in Her-2 Positive Breast Cancer,WITHDRAWN,1,high risk,PHASE2,INTERVENTIONAL,OTHER,ALL,ACTUAL,0.0,0.0,1,4,1,1,1527,293,2007.0,0,1,0,0,0,0
NCT06804902,MaCRA Part B in Côte d'Ivoire,WITHDRAWN,1,high risk,MISSING,INTERVENTIONAL,OTHER,ALL,ACTUAL,0.0,0.0,1,1,1,1,251,240,2025.0,0,0,1,0,0,0
NCT03973853,How Can a Driving Virtual Reality Tool Improve Quality of Life and Social Autonomy in Patients With Schizophrenia,WITHDRAWN,1,high risk,MISSING,INTERVENTIONAL,OTHER,ALL,ACTUAL,0.0,0.0,1,2,2,1,846,2164,2019.0,0,1,1,0,0,0
NCT02332837,Interactive Tool for Informed Consent,WITHDRAWN,1,high risk,MISSING,INTERVENTIONAL,OTHER,ALL,ACTUAL,0.0,0.0,1,3,0,0,354,507,2019.0,0,1,1,0,0,0
NCT06541795,Evaluation of AcrySof IQ Vivity Extended Vision Intraocular Lenses,WITHDRAWN,1,high risk,MISSING,INTERVENTIONAL,INDUSTRY,ALL,ACTUAL,0.0,0.0,3,1,1,1,683,227,2025.0,0,1,1,0,0,0
NCT01091701,Ex Vivo Cultured Adult Allogenic MSCs in Ischemic Cerebral Stroke,WITHDRAWN,1,high risk,PHASE1; PHASE2,INTERVENTIONAL,INDUSTRY,ALL,ACTUAL,0.0,0.0,1,2,6,1,3129,505,2011.0,1,1,0,0,0,0
NCT03208322,Early Post-marketing Study of Daclatasvir (Daklinza®) + Asunaprevir (Sunvepra®) in the Treatment of Chronic Hepatitis C (CHC) in Adults,WITHDRAWN,1,high risk,MISSING,OBSERVATIONAL,INDUSTRY,ALL,ACTUAL,0.0,0.0,1,1,2,1,647,614,2018.0,0,1,1,0,0,0
NCT02127151,A Parp Inhibitor (BMN 673) for Inoperable Advanced eNDometrial cAncer,WITHDRAWN,1,high risk,PHASE2,INTERVENTIONAL,OTHER,FEMALE,ACTUAL,0.0,0.0,1,1,16,1,3548,2323,2014.0,0,1,0,0,0,0
NCT00784329,Pilot Study To Evaluate Optical Frequency Domain Imaging For Diagnosis Of Central Airway Disease,WITHDRAWN,1,high risk,MISSING,INTERVENTIONAL,OTHER,ALL,ACTUAL,0.0,0.0,3,1,1,1,861,172,2008.0,0,1,1,0,0,0
NCT05953831,Reverse Remodeling Effects of CDR132L in Patients With Heart Failure With Mildly Reduced or Preserved Ejection Fraction and Cardiac Hypertrophy,WITHDRAWN,1,high risk,PHASE2,INTERVENTIONAL,INDUSTRY,ALL,ACTUAL,0.0,0.0,1,2,0,0,1290,367,2024.0,1,1,0,0,0,0
NCT00539019,Quantification and Derivation of Metabolic Needs in Children During Burn Rehabilitation,WITHDRAWN,1,high risk,MISSING,OBSERVATIONAL,OTHER,ALL,ACTUAL,0.0,0.0,1,1,1,1,241,231,2006.0,0,0,1,0,0,0
NCT02112630,Boceprevir in End Stage Renal Disease (ESRD),WITHDRAWN,1,high risk,MISSING,INTERVENTIONAL,OTHER,ALL,ACTUAL,0.0,0.0,2,4,0,0,2169,266,2013.0,0,1,1,0,0,0
NCT04342000,The Effect of Movement Education on Jumping/Landing Quality in High School Athletes,WITHDRAWN,1,high risk,MISSING,INTERVENTIONAL,OTHER,ALL,ACTUAL,0.0,0.0,1,2,0,0,272,703,2019.0,0,0,1,0,0,0
NCT04253249,Pancreatic Cyst Ablation With a Monopolar Radiofrequency Ablation Probe,WITHDRAWN,1,high risk,MISSING,OBSERVATIONAL,OTHER,ALL,ACTUAL,0.0,0.0,1,0,1,1,121,862,2018.0,0,1,1,0,0,0
NCT03904849,Cannabidiol for Alcohol Use Disorder,WITHDRAWN,1,high risk,PHASE1; PHASE2,INTERVENTIONAL,OTHER,ALL,ACTUAL,0.0,0.0,1,2,1,1,3210,143,2019.0,1,1,0,0,0,0
NCT05165849,A Study of GFS101A in Combination With Toripalimab in Patients With Advanced Solid Tumors,WITHDRAWN,1,high risk,PHASE1; PHASE2,INTERVENTIONAL,INDUSTRY,ALL,ACTUAL,0.0,0.0,1,2,0,0,808,179,2022.0,0,1,0,0,0,0
NCT05112458,Cope 360 App for Caregivers of Children With Cancer,WITHDRAWN,1,high risk,MISSING,INTERVENTIONAL,OTHER,ALL,ACTUAL,0.0,0.0,1,2,0,0,843,1475,2024.0,0,0,1,0,0,0
NCT05226026,NiteCAPP_HELPS_WD: Improving Sleep and Reducing Opioid Use in Chronic Pain Patients,WITHDRAWN,1,high risk,MISSING,INTERVENTIONAL,OTHER,ALL,ACTUAL,0.0,0.0,3,2,1,1,1277,649,2022.0,0,1,1,0,0,0
NCT00162526,Tocopherol is a Novel Treatment for Cancer Related Mucositis,WITHDRAWN,1,high risk,PHASE2,INTERVENTIONAL,OTHER,ALL,ESTIMATED,30.0,3.4339872044851463,1,1,1,1,735,586,2005.0,1,1,0,0,0,0
NCT03043144,Taste And Smell TEsting in End Stage Renal Disease,WITHDRAWN,1,high risk,MISSING,OBSERVATIONAL,OTHER,ALL,ACTUAL,0.0,0.0,4,6,1,1,222,351,2017.0,0,1,1,0,0,0
NCT04198844,The Effectiveness and Safety of Apixaban in NVAF Patients With History of Osteoporosis and/or Fracture: A Nation-wide Population Based Study,WITHDRAWN,1,high risk,MISSING,OBSERVATIONAL,INDUSTRY,ALL,ACTUAL,0.0,0.0,1,2,1,1,503,837,2019.0,0,1,1,0,0,0
NCT02589509,Cognitive Rehabilitation and Brain Activity of Attention Control in TBI,WITHDRAWN,1,high risk,MISSING,INTERVENTIONAL,FED,ALL,ACTUAL,0.0,0.0,1,2,1,1,1617,1122,2015.0,0,1,1,0,0,0
NCT01210521,Use of Vitamin D3 for the Treatment of Steroid Resistant Asthmatic Patients,WITHDRAWN,1,high risk,PHASE2,INTERVENTIONAL,OTHER,ALL,ACTUAL,0.0,0.0,1,1,0,0,2102,483,2010.0,0,0,0,0,0,0
NCT02464306,Fidaxomicin Versus Standard of Care Therapy in Solid Organ Transplant Recipients With Clostridium Difficile Infection,WITHDRAWN,1,high risk,PHASE4,INTERVENTIONAL,OTHER,ALL,ACTUAL,0.0,0.0,2,1,0,0,624,234,2018.0,0,1,0,0,0,0
NCT02136706,Feasibility and Diagnostic Accuracy of Myocardial SPECT Using Early Imaging Protocol,WITHDRAWN,1,high risk,MISSING,INTERVENTIONAL,FED,ALL,ACTUAL,0.0,0.0,2,1,0,0,1903,764,2015.0,0,1,1,0,0,0
NCT01422733,Effect of Longer-term Adrenal Suppression Using Low Dose Hydrocortisone on Androgen Overproduction,WITHDRAWN,1,high risk,EARLY_PHASE1,INTERVENTIONAL,OTHER,FEMALE,ACTUAL,0.0,0.0,3,4,1,1,3836,613,2018.0,0,0,0,0,0,0
NCT00754949,Comparative Study of AzaSite Plus Compared to AzaSite Alone and Dexamethasone Alone to Treat Subjects With Blepharoconjunctivitis,WITHDRAWN,1,high risk,PHASE3,INTERVENTIONAL,INDUSTRY,ALL,ACTUAL,0.0,0.0,1,3,0,0,1205,174,,0,0,0,0,0,0
NCT02256085,Treatment of Depersonalization Disorder With Repetitive Transcranial Magnetic Stimulation (rTMS),WITHDRAWN,1,high risk,PHASE2,INTERVENTIONAL,OTHER,ALL,ACTUAL,0.0,0.0,1,3,2,1,1957,424,2013.0,0,1,0,0,0,0
NCT02109315,"Vitamin C and Liraglutide Effects on Hypoglycemia-induced Oxidative Stress, Inflammation and Endothelial Dysfunction in Type 1 Diabetes.",WITHDRAWN,1,high risk,PHASE1,INTERVENTIONAL,OTHER,ALL,ACTUAL,0.0,0.0,1,2,1,1,1358,209,2014.0,0,1,0,0,0,0
NCT02616315,Efficacy of Naltrexone HCl/Bupropion HCl Extended Release Versus Placebo for Treatment of Weight Regain in Participants Post Bariatric Surgery,WITHDRAWN,1,high risk,PHASE4,INTERVENTIONAL,INDUSTRY,ALL,ACTUAL,0.0,0.0,1,2,2,1,5602,230,2016.0,1,1,0,0,0,0
NCT06043635,Predictors of Inhaled Nitric Oxide Responsiveness in Patients With PPHN,WITHDRAWN,1,high risk,MISSING,OBSERVATIONAL,OTHER,ALL,ACTUAL,0.0,0.0,2,0,0,0,513,757,2021.0,0,0,1,0,0,0
NCT04411316,Catheter-directed Thrombolysis Compared to Anticoagulation Alone for Acute Primary Iliofemoral Deep Venous Thrombosis,WITHDRAWN,1,high risk,PHASE4,INTERVENTIONAL,OTHER,ALL,ACTUAL,0.0,0.0,2,2,1,1,2324,937,2019.0,0,1,0,0,0,0
NCT05612633,A Study of Zelavespib (PU-H71) in Subjects With AP-MPN or BP-MPN,WITHDRAWN,1,high risk,PHASE2,INTERVENTIONAL,INDUSTRY,ALL,ACTUAL,0.0,0.0,2,1,0,0,5475,334,2022.0,0,0,0,0,0,0
NCT02502747,RIGENERA 2.0 Trial,WITHDRAWN,1,high risk,PHASE2,INTERVENTIONAL,OTHER,ALL,ACTUAL,0.0,0.0,2,3,1,1,2085,727,2020.0,1,1,0,0,0,0
NCT00825747,"Evaluation of Seelens AF, an Aspheric Intra-ocular Lens",WITHDRAWN,1,high risk,MISSING,INTERVENTIONAL,INDUSTRY,ALL,ACTUAL,0.0,0.0,1,1,2,1,908,810,2009.0,0,1,1,0,0,0
NCT04334915,Study to Evaluate the Effects of Cenicriviroc Mesylate on Arterial Inflammation in People Living With HIV,WITHDRAWN,1,high risk,PHASE2,INTERVENTIONAL,NIH,ALL,ACTUAL,0.0,0.0,1,2,0,0,11043,135,2022.0,1,1,0,0,0,0
NCT03851276,"A Multicentre, Pilot Study to Evaluate the Safety and the Feasibility of Planning and Execution of Surgical Revascularization in Patients With Complex Coronary Artery Disease, Based Solely on MSCT Imaging Utilizing GE Healthcare Revolution CT and HeartFlow FFRCT.",WITHDRAWN,1,high risk,PHASE4,INTERVENTIONAL,INDUSTRY,ALL,ACTUAL,0.0,0.0,1,1,4,4,3404,376,2019.0,0,1,0,0,0,0
NCT00440440,Effect of Testosterone Gel Replacement on Fat Mass in Males With Low Testosterone Levels and Diabetes,WITHDRAWN,1,high risk,PHASE4,INTERVENTIONAL,OTHER,MALE,ACTUAL,0.0,0.0,2,2,1,1,3027,180,2009.0,1,1,0,0,0,0
NCT00186693,How Airway Remodeling and Hyperresponsiveness Contribute to Airflow Obstruction in Asthma,WITHDRAWN,1,high risk,MISSING,OBSERVATIONAL,OTHER,ALL,ESTIMATED,12.0,2.5649493574615367,1,0,1,1,710,850,2006.0,0,1,1,0,0,0
NCT01369316,Circumferential Submucosal Incision Endoscopic Mucosal Resection Versus Conventional Endoscopic Mucosal Resection of Colonic Polyps,WITHDRAWN,1,high risk,MISSING,INTERVENTIONAL,OTHER,ALL,ACTUAL,0.0,0.0,1,2,1,1,348,241,2020.0,0,1,1,0,0,0
NCT04947384,Pulmonary Vascular Hemodynamics Before and After Mitral Valve Procedures,WITHDRAWN,1,high risk,MISSING,OBSERVATIONAL,OTHER,ALL,ACTUAL,0.0,0.0,1,1,1,1,342,447,2021.0,0,1,1,0,0,0
NCT03545633,Changes in Abdominal Tissues Induced by Magnetic Device - MRI Evaluation,WITHDRAWN,1,high risk,MISSING,INTERVENTIONAL,INDUSTRY,ALL,ACTUAL,0.0,0.0,1,1,2,2,724,1194,2017.0,0,1,1,0,0,0
NCT05109052,Trial of PXS-5505 Combined With First Line Atezolizumab Plus Bevacizumab For Treating Patients With Unresectable Hepatocellular Carcinoma,WITHDRAWN,1,high risk,PHASE1; PHASE2,INTERVENTIONAL,OTHER,ALL,ACTUAL,0.0,0.0,2,1,1,1,5620,309,2022.0,0,1,0,0,0,0
NCT02100878,Exercise and Neural Response to Food Cues in Children,WITHDRAWN,1,high risk,MISSING,OBSERVATIONAL,OTHER,MALE,ACTUAL,0.0,0.0,2,0,1,1,376,512,2014.0,0,0,1,0,0,0
NCT05106192,Triamcinolone Acetonide Injections in Primary Cutaneous Lymphoma Plaques With a Novel Needle-free Drug-delivery System.,WITHDRAWN,1,high risk,MISSING,INTERVENTIONAL,OTHER,ALL,ACTUAL,0.0,0.0,6,5,1,1,1176,200,2022.0,0,1,1,0,0,0
NCT01098214,The Role of Cytokines in Apparently Normal Pregnancies,WITHDRAWN,1,high risk,MISSING,OBSERVATIONAL,OTHER,FEMALE,ACTUAL,0.0,0.0,1,0,0,0,208,291,2010.0,0,1,1,0,0,0
NCT02793414,Diagnostic Utility of Volatile Organic Compounds in Human Breath for Acute Clinical Malaria in Ethiopia,WITHDRAWN,1,high risk,MISSING,OBSERVATIONAL,OTHER,ALL,ACTUAL,0.0,0.0,1,0,0,0,425,575,2016.0,0,0,1,0,0,0
NCT03939416,Study of the Influence of POLD Manual Therapy in Fibromyalgia,WITHDRAWN,1,high risk,MISSING,INTERVENTIONAL,OTHER,ALL,ACTUAL,0.0,0.0,1,2,1,1,1192,127,2024.0,0,1,1,0,0,0
NCT02872506,Comparing the Quality of Life of Terminal Ileitis Patients With Crohn's Disease Treated With Anti-TNF or Surgical Resection,WITHDRAWN,1,high risk,MISSING,INTERVENTIONAL,OTHER,ALL,ACTUAL,0.0,0.0,1,2,0,0,608,168,2017.0,0,1,1,0,0,0
NCT01659047,"A Phase 2, Single-Arm, Open-Label Study Evaluating the Efficacy and Safety of Single Agent GS 1101 (CAL 101) as Therapy for Previously Treated Chronic Lymphocytic Leukemia",WITHDRAWN,1,high risk,PHASE2,INTERVENTIONAL,INDUSTRY,ALL,ACTUAL,0.0,0.0,1,1,0,0,558,117,2012.0,0,1,0,0,0,0
NCT02058238,ADDRESS - Adult Deformity Robotic vs. Freehand Surgery to Correct Spinal Deformity,WITHDRAWN,1,high risk,MISSING,OBSERVATIONAL,INDUSTRY,ALL,ACTUAL,0.0,0.0,5,0,1,1,1509,376,2014.0,0,1,1,0,0,0
NCT05729048,Starling/CRRT Observational Study,WITHDRAWN,1,high risk,MISSING,OBSERVATIONAL,INDUSTRY,ALL,ACTUAL,0.0,0.0,1,1,1,1,613,760,2023.0,0,1,1,0,0,0
NCT03414307,"Stereotactic, Robot-assisted Intracerebral Hemorrhage Clot Evacuation",WITHDRAWN,1,high risk,MISSING,INTERVENTIONAL,INDUSTRY,ALL,ACTUAL,0.0,0.0,1,2,1,1,502,1410,2020.0,0,1,1,0,0,0
NCT05784844,Antimicrobial Revision in Persistent Febrile Neutropenia,WITHDRAWN,1,high risk,PHASE4,INTERVENTIONAL,OTHER,ALL,ACTUAL,0.0,0.0,1,2,0,0,1340,467,2024.0,0,1,0,0,0,0
NCT04349449,ENTYVIO in Bio-naive Patients With Moderate/Severe Crohn's Disease (CD) in Daily Practice,WITHDRAWN,1,high risk,MISSING,OBSERVATIONAL,INDUSTRY,ALL,ACTUAL,0.0,0.0,1,0,14,1,501,252,2020.0,0,1,1,0,0,0
NCT05059938,MyFitnessPal Pilot Study,WITHDRAWN,1,high risk,MISSING,INTERVENTIONAL,OTHER,ALL,ACTUAL,0.0,0.0,1,1,0,0,406,197,2022.0,0,1,1,0,0,0
NCT06104358,"Ph 2a Study of HU6 on Energy Metabolism, Muscle and Liver Substrate Metabolism, and Mitochondrial Function in Subjects Who Are Overweight or Obese With Type 2 Diabetes",WITHDRAWN,1,high risk,PHASE2,INTERVENTIONAL,INDUSTRY,ALL,ACTUAL,0.0,0.0,2,1,1,1,687,186,2023.0,1,1,0,0,0,0
NCT03284658,Biomarker for the Early Diagnosis and Monitoring in Tyrosinemia Type 1 (BioTyrosin),WITHDRAWN,1,high risk,MISSING,OBSERVATIONAL,INDUSTRY,ALL,ACTUAL,0.0,0.0,5,0,3,3,720,119,2018.0,0,0,1,0,0,0
NCT01633255,[18]F-Fluciclatide for Kidney Cancer Imaging Studies and Treatment,WITHDRAWN,1,high risk,PHASE1; PHASE2,INTERVENTIONAL,NIH,ALL,ACTUAL,0.0,0.0,1,1,0,0,2783,1937,2012.0,0,1,0,0,0,0
NCT04925778,Observational Study in Patients With Relapsing-Remitting Multiple Sclerosis Switched to Bafiertam® From Dimethyl Fumarate,WITHDRAWN,1,high risk,MISSING,OBSERVATIONAL,INDUSTRY,ALL,ACTUAL,0.0,0.0,1,1,0,0,1841,191,2021.0,0,1,1,0,0,0
NCT04359511,Efficacy and Safety of Corticosteroids in Oxygen-dependent Patients With COVID-19 Pneumonia,WITHDRAWN,1,high risk,PHASE3,INTERVENTIONAL,OTHER,ALL,ACTUAL,0.0,0.0,1,2,0,0,1043,642,2020.0,0,1,0,0,0,0
NCT04190498,Sleep Apnoea Syndrome and Hepatocellular Carcinoma,WITHDRAWN,1,high risk,MISSING,OBSERVATIONAL,OTHER,ALL,ACTUAL,0.0,0.0,3,1,1,1,675,419,2020.0,0,1,1,0,0,0
NCT00057993,Trastuzumab and Exemestane in Treating Postmenopausal Women With Metastatic or Locally Advanced Breast Cancer,WITHDRAWN,1,high risk,PHASE2,INTERVENTIONAL,OTHER,FEMALE,ACTUAL,0.0,0.0,1,2,0,0,1894,667,2002.0,0,1,0,0,0,0
NCT05220306,AIDI - Research & Development of a Multisensor-Based Machine Learning Technology for Real-Time Automated Detection of COVID-19 Decompensation,WITHDRAWN,1,high risk,MISSING,INTERVENTIONAL,INDUSTRY,ALL,ACTUAL,0.0,0.0,1,1,1,1,1760,450,2022.0,0,1,1,0,0,0
NCT03651804,Radiofrequency Ablation: Treatment for Posterior Element Pain From Vertebral Compression Fractures,WITHDRAWN,1,high risk,PHASE4,INTERVENTIONAL,OTHER,ALL,ACTUAL,0.0,0.0,2,6,1,1,612,241,2019.0,0,1,0,0,0,0
NCT03326258,"Glembatumumab Vedotin, Nivolumab, and Ipilimumab in Treating Patients With Advanced Metastatic Solid Tumors That Cannot Be Removed by Surgery",WITHDRAWN,1,high risk,PHASE1; PHASE2,INTERVENTIONAL,NIH,ALL,ACTUAL,0.0,0.0,18,5,0,0,10173,383,2018.0,0,1,0,0,0,0
NCT01302106,Study of Clofarabine in Combination With Low Dose Cytarabine to Treat Myelodysplastic Syndromes,WITHDRAWN,1,high risk,PHASE2,INTERVENTIONAL,OTHER,ALL,ACTUAL,0.0,0.0,1,1,21,1,2599,233,,0,1,0,0,0,0
NCT05082584,Study to Evaluate the Safety and Efficacy of Oral Vadadustat in Pediatric Participants With Anemia of Chronic Kidney Disease Naive to Erythropoiesis-Stimulating Agents,WITHDRAWN,1,high risk,PHASE3,INTERVENTIONAL,INDUSTRY,ALL,ACTUAL,0.0,0.0,1,1,1,1,1130,228,2025.0,0,0,0,0,0,0
NCT03606655,Exploring the Impact of Two-week Kava on the Metabolism of Nicotine and NNK,WITHDRAWN,1,high risk,PHASE1,INTERVENTIONAL,OTHER,ALL,ACTUAL,0.0,0.0,1,1,0,0,3013,491,2020.0,0,1,0,0,0,0
NCT00415155,A Study of LY2181308 in Patients With Advanced Hepatocellular Carcinoma,WITHDRAWN,1,high risk,PHASE1; PHASE2,INTERVENTIONAL,INDUSTRY,ALL,ESTIMATED,60.0,4.110873864173311,1,1,12,4,428,154,2008.0,0,1,0,0,0,0
NCT02925507,Computerized Acoustic Swallowing Evaluation,WITHDRAWN,1,high risk,MISSING,OBSERVATIONAL,OTHER,ALL,ACTUAL,0.0,0.0,2,1,0,0,471,557,2016.0,0,1,1,0,0,0
NCT02806167,Post-void Bladder Scanning in Acute Cauda Equina Syndrome,WITHDRAWN,1,high risk,MISSING,INTERVENTIONAL,OTHER,ALL,ACTUAL,0.0,0.0,1,1,1,1,825,1380,2016.0,0,1,1,0,0,0
NCT04977271,Mood Disorders in Head and Neck Cancer Patients,WITHDRAWN,1,high risk,PHASE4,INTERVENTIONAL,OTHER,ALL,ACTUAL,0.0,0.0,2,1,0,0,1139,245,2024.0,0,1,0,0,0,0
NCT02559193,Pharmacogenetic Testing for Medication Management.,WITHDRAWN,1,high risk,MISSING,OBSERVATIONAL,INDUSTRY,ALL,ACTUAL,0.0,0.0,1,1,0,0,1356,441,2016.0,0,1,1,0,0,0
NCT00864578,Effects of Forskolin on Intraocular Pressure in Glaucomatous Patients Under Maximum Tolerated Medical Therapy,WITHDRAWN,1,high risk,MISSING,OBSERVATIONAL,INDUSTRY,ALL,ACTUAL,0.0,0.0,2,0,1,1,338,834,2009.0,0,1,1,0,0,0
NCT02689336,Erlotinib in Combination With Temozolomide in Treating Relapsed/Recurrent/Refractory Pediatric Solid Tumors,WITHDRAWN,1,high risk,PHASE2,INTERVENTIONAL,OTHER,ALL,ACTUAL,0.0,0.0,8,2,0,0,5487,978,2016.0,0,0,0,0,0,0
NCT03924063,Safety of the Hemiverse Shoulder Prothesis,WITHDRAWN,1,high risk,MISSING,INTERVENTIONAL,OTHER,ALL,ACTUAL,0.0,0.0,2,1,1,1,1283,833,2021.0,0,1,1,0,0,0
NCT02187393,Determining in Vitro Properties of Epithelial Cells From Individuals With Genetic Variants Associated With Idiopathic Pulmonary Fibrosis,WITHDRAWN,1,high risk,MISSING,OBSERVATIONAL,OTHER,ALL,ACTUAL,0.0,0.0,2,0,1,1,1089,1022,2015.0,0,1,1,0,0,0
NCT00373152,MRI in Predicting Tumor Reponse After Radiofrequency Ablation in Women With Invasive Breast Cancer,WITHDRAWN,1,high risk,PHASE2,INTERVENTIONAL,OTHER,FEMALE,ACTUAL,0.0,0.0,1,4,0,0,2406,483,2005.0,0,1,0,0,0,0
NCT00769847,"Endoscopic Treatment for Isolated, Single Suture Craniosynostosis",WITHDRAWN,1,high risk,MISSING,OBSERVATIONAL,OTHER,ALL,ACTUAL,0.0,0.0,1,1,0,0,195,140,2008.0,0,0,1,0,0,0
NCT02663947,Comparison of Optic Nerve Sheath Diameter Measured by Ultrasonography Before and After Ventriculoperitoneal Shunt Surgery in Adult Patients With Hydrocephalus,WITHDRAWN,1,high risk,MISSING,OBSERVATIONAL,OTHER,ALL,ACTUAL,0.0,0.0,1,1,1,1,851,716,2016.0,0,1,1,0,0,0
NCT02139852,"Capsaicinoid Ingestion, Human Metabolism and Exercise",WITHDRAWN,1,high risk,MISSING,OBSERVATIONAL,OTHER,ALL,ACTUAL,0.0,0.0,1,1,1,1,1013,1573,2014.0,0,1,1,0,0,0
NCT03961048,Ideal Initial Bolus and Infusion Rate for Erector Spinae Plane Block Catheters,WITHDRAWN,1,high risk,PHASE4,INTERVENTIONAL,OTHER,ALL,ACTUAL,0.0,0.0,2,2,1,1,510,323,2019.0,0,1,0,0,0,0
NCT01137448,The Effect of Weight Loss on Psoriasis Area Severity Index in Adult Psoriasis Patients,WITHDRAWN,1,high risk,MISSING,INTERVENTIONAL,OTHER,ALL,ACTUAL,0.0,0.0,2,1,1,1,888,644,2010.0,0,1,1,0,0,0
NCT04711785,Beneficial Effects of an Integrated Program of Multicomponent Physical Exercise. Cohort Study,WITHDRAWN,1,high risk,MISSING,INTERVENTIONAL,OTHER,ALL,ACTUAL,0.0,0.0,3,1,1,1,314,437,2021.0,0,1,1,0,0,0
NCT03443908,Early Diagnosis and Treatment of Sleep Disordered Breathing in Lung Cancer,WITHDRAWN,1,high risk,MISSING,OBSERVATIONAL,OTHER,ALL,ACTUAL,0.0,0.0,1,1,1,1,869,1056,2017.0,0,1,1,0,0,0
NCT05281250,Evaluation of Physical Exercise to Prevent Functional Deterioration During Hospitalization (EFFAPRO),WITHDRAWN,1,high risk,MISSING,INTERVENTIONAL,OTHER,ALL,ACTUAL,0.0,0.0,2,1,1,1,540,172,2018.0,0,1,1,0,0,0
NCT06795191,"Efficacy, Safety, and Pharmacokinetics of FP-014, 22.5 mg in Patients With Advanced Prostate Cancer",WITHDRAWN,1,high risk,PHASE3,INTERVENTIONAL,INDUSTRY,MALE,ACTUAL,0.0,0.0,1,1,0,0,4501,1208,2025.0,0,1,0,0,0,0
NCT00846313,Can Malnutrition be Prevented in Patient With Colorectal Cancer Stage Dukes D?,WITHDRAWN,1,high risk,MISSING,INTERVENTIONAL,OTHER,ALL,ACTUAL,0.0,0.0,1,1,0,0,189,216,2003.0,0,1,1,0,0,0
NCT05835713,Total Intravenous Anesthesia for Rigid Bronchoscopy Using Remimazolam,WITHDRAWN,1,high risk,MISSING,INTERVENTIONAL,OTHER,ALL,ACTUAL,0.0,0.0,3,2,0,0,816,507,2023.0,0,1,1,0,0,0
NCT06746324,Assessing AI for Detecting Lung Nodules and Cancer: Pre- and Post-Deployment Study,WITHDRAWN,1,high risk,MISSING,OBSERVATIONAL,OTHER,ALL,ACTUAL,0.0,0.0,5,0,0,0,764,756,2025.0,0,1,1,0,0,0
NCT05231733,Study of SPX-101 in Subjects With Advanced or Refractory Solid Tumors,WITHDRAWN,1,high risk,PHASE1,INTERVENTIONAL,OTHER,ALL,ACTUAL,0.0,0.0,1,1,0,0,3957,185,2022.0,0,1,0,0,0,0
NCT03315052,Budesonide for Immunosuppression After Liver Transplantation to Reduce Side Effects,WITHDRAWN,1,high risk,PHASE4,INTERVENTIONAL,OTHER,ALL,ACTUAL,0.0,0.0,2,4,0,0,940,336,2019.0,0,1,0,0,0,0
NCT03087747,Percutaneous Transhepatic Cholangiography (PTHC) in Acute Cholecystitis and Clinical Outcomes,WITHDRAWN,1,high risk,MISSING,OBSERVATIONAL,OTHER,ALL,ACTUAL,0.0,0.0,3,1,1,1,231,354,2015.0,0,0,1,0,0,0
NCT03739749,Arthroscopic Superior Capsular Reconstruction - Study of Different Types of Grafts,WITHDRAWN,1,high risk,MISSING,INTERVENTIONAL,OTHER,ALL,ACTUAL,0.0,0.0,2,1,1,1,540,342,2018.0,0,1,1,0,0,0
NCT04221958,Surface ECG Mapping,WITHDRAWN,1,high risk,MISSING,OBSERVATIONAL,OTHER,ALL,ACTUAL,0.0,0.0,1,1,1,1,132,282,2025.0,0,1,1,0,0,0
NCT00583648,Does Implementing a Urinanylsis Protocol Based on Symptoms Decrease Length of Stay in the Emergency Department?,WITHDRAWN,1,high risk,MISSING,INTERVENTIONAL,OTHER,ALL,ACTUAL,0.0,0.0,1,1,1,1,372,183,2008.0,0,0,1,0,0,0
NCT05399615,Detection of Bacterial and Viral Pathogens Infection Among Hospitalized Patients Feasibility Study,WITHDRAWN,1,high risk,MISSING,INTERVENTIONAL,INDUSTRY,ALL,ACTUAL,0.0,0.0,1,1,1,1,518,123,2022.0,0,1,1,0,0,0
NCT04341935,Effects of DPP4 Inhibition on COVID-19,WITHDRAWN,1,high risk,PHASE4,INTERVENTIONAL,OTHER,ALL,ACTUAL,0.0,0.0,2,2,1,1,1030,212,2021.0,0,1,0,0,0,0
NCT02316925,GSH Supplementation on Cold/Flu Symptoms in Older Healthy Adults,WITHDRAWN,1,high risk,MISSING,INTERVENTIONAL,OTHER,ALL,ACTUAL,0.0,0.0,1,2,0,0,377,637,2015.0,1,1,1,0,0,0
NCT03762889,Peri-operative Application of Eyeprotx General Anesthesia Goggles As Prevention Against Corneal Injury Post Intubation.,WITHDRAWN,1,high risk,MISSING,INTERVENTIONAL,OTHER,ALL,ACTUAL,0.0,0.0,1,3,1,1,460,225,2019.0,0,1,1,0,0,0
NCT02209168,"Differences in Ovarian Reserve Markers and Vitamin D Between Infertile Indian, Arabian and Caucasian Population",WITHDRAWN,1,high risk,MISSING,OBSERVATIONAL,OTHER,FEMALE,ACTUAL,0.0,0.0,4,0,1,1,271,165,2015.0,0,1,1,0,0,0
NCT00258791,Effects of Pretreatment With Ibuprofen in Post-Electroconvulsive Therapy (ECT) Headache,WITHDRAWN,1,high risk,MISSING,INTERVENTIONAL,OTHER,ALL,ACTUAL,0.0,0.0,1,1,0,0,111,109,2012.0,0,1,1,0,0,0
NCT01032590,Internet-Based Weight-Loss Program for Colorectal Cancer Survivors,WITHDRAWN,1,high risk,MISSING,INTERVENTIONAL,OTHER,ALL,ACTUAL,0.0,0.0,3,1,2,1,848,275,2009.0,0,1,1,0,0,0
NCT05280990,HepaRAS Trial: Changes in Hepatectomy Risk Assessment When Using Mebrofenin HIDA,WITHDRAWN,1,high risk,MISSING,INTERVENTIONAL,OTHER,ALL,ACTUAL,0.0,0.0,2,2,0,0,557,2294,2023.0,0,1,1,0,0,0
NCT01927913,Treatment of Iron Overload Requiring Chelation Therapy,WITHDRAWN,1,high risk,PHASE2,INTERVENTIONAL,INDUSTRY,ALL,ACTUAL,0.0,0.0,7,2,0,0,4215,236,2014.0,0,1,0,0,0,0
NCT03312920,Investigating Memory Retrieval Improvement in Healthy Subjects,WITHDRAWN,1,high risk,MISSING,INTERVENTIONAL,OTHER,ALL,ACTUAL,0.0,0.0,1,3,1,1,287,234,2017.0,0,1,1,0,0,0
NCT02862184,"Female Sexual Dysfunction, Risks and Outcomes (FSFI)",WITHDRAWN,1,high risk,MISSING,OBSERVATIONAL,OTHER,FEMALE,ACTUAL,0.0,0.0,1,0,1,1,154,549,2016.0,0,1,1,0,0,0
NCT01523548,Carbon Monoxide Therapy for Severe Pulmonary Arterial Hypertension,WITHDRAWN,1,high risk,PHASE1; PHASE2,INTERVENTIONAL,OTHER,ALL,ACTUAL,0.0,0.0,1,1,1,1,2344,1126,2012.0,0,1,0,0,0,0
NCT04132648,Curcumin and Exercise in Chronic Kidney Disease,WITHDRAWN,1,high risk,PHASE2,INTERVENTIONAL,OTHER,ALL,ACTUAL,0.0,0.0,4,2,0,0,2054,830,2020.0,1,1,0,0,0,0
NCT06387355,Diagnosis and Treatment of CAD in Severe PAD After Lower Extremity Revascularization,WITHDRAWN,1,high risk,MISSING,INTERVENTIONAL,FED,ALL,ACTUAL,0.0,0.0,2,1,7,1,1611,508,2024.0,0,1,1,0,0,0
NCT00003435,Antiviral Therapy Plus Either Peripheral Stem Cell or Umbilical Cord Blood Transplantation in Treating Patients Who Are HIV Positive and Have Hematologic Cancer,WITHDRAWN,1,high risk,PHASE1,INTERVENTIONAL,OTHER,ALL,ACTUAL,0.0,0.0,2,7,1,1,2114,752,1998.0,0,1,0,0,0,0
NCT03687476,Safety and Tolerability Study of VTS-270 in Pediatric Participants With Niemann-Pick Type C (NPC) Disease,WITHDRAWN,1,high risk,PHASE2,INTERVENTIONAL,INDUSTRY,ALL,ACTUAL,0.0,0.0,1,1,0,0,4299,243,2020.0,0,0,0,0,0,0
NCT04252040,Open Label Extension Study of tDCS Plus Guided Imagery for Women With Chronic Pelvic Pain (CPP),WITHDRAWN,1,high risk,MISSING,INTERVENTIONAL,OTHER,FEMALE,ACTUAL,0.0,0.0,1,1,2,1,2583,325,2020.0,0,1,1,0,0,0
NCT04655807,A Study of JNJ-64304500 as Add-on Therapy in Participants With Active Crohn's Disease,WITHDRAWN,1,high risk,PHASE2,INTERVENTIONAL,INDUSTRY,ALL,ACTUAL,0.0,0.0,1,4,1,1,3858,317,2021.0,1,1,0,0,0,0
NCT00580164,The Role of Splinting in Fingertip Injuries,WITHDRAWN,1,high risk,MISSING,OBSERVATIONAL,OTHER,ALL,ACTUAL,0.0,0.0,1,0,1,1,268,107,2006.0,0,1,1,0,0,0
NCT03115593,Compare the Performance of Targeted Biopsy Versus Aspiration Biopsy With a Pipette for the Diagnosis of Endometrial Cancer,WITHDRAWN,1,high risk,MISSING,INTERVENTIONAL,OTHER,FEMALE,ACTUAL,0.0,0.0,1,2,4,2,343,1564,2018.0,0,0,1,0,0,0
NCT02343315,Are Supervised Exercises and TENS Necessary Along With Prescribed Home Exercises for Chronic Low Back Pain?,WITHDRAWN,1,high risk,MISSING,INTERVENTIONAL,OTHER,ALL,ACTUAL,0.0,0.0,1,3,0,0,1274,198,2019.0,0,1,1,0,0,0
NCT02146664,DLBS1033 for Acute NSTEMI Without Early Coronary Revascularization,WITHDRAWN,1,high risk,PHASE2; PHASE3,INTERVENTIONAL,INDUSTRY,ALL,ACTUAL,0.0,0.0,1,2,2,1,2755,400,2015.0,1,1,0,0,0,0
NCT07211204,Comparison Of Cytology And Molecular Screening For Detecting Cervical Reactive Cellular Changes In General Population,WITHDRAWN,1,high risk,MISSING,INTERVENTIONAL,INDUSTRY,FEMALE,ACTUAL,0.0,0.0,9,6,1,1,1043,177,2026.0,0,1,1,0,0,0
NCT01664026,Efficacy of a Web-based Lifestyle Modification Program in Obese Patients With Cardiovascular Risk Factors,WITHDRAWN,1,high risk,MISSING,INTERVENTIONAL,OTHER,ALL,ACTUAL,0.0,0.0,1,2,1,1,2492,413,2012.0,0,1,1,0,0,0
NCT05859178,Exercise Training for Brachial Plexus Injury Following Nerve Transfer,WITHDRAWN,1,high risk,PHASE2,INTERVENTIONAL,OTHER,ALL,ACTUAL,0.0,0.0,1,1,1,1,307,847,2026.0,0,1,0,0,0,0
NCT01426035,Safety And Efficacy Study Of Topic Mucopolysaccharide Polysulfate Cream In The Superficial Varicose Veins Treatment,WITHDRAWN,1,high risk,PHASE3,INTERVENTIONAL,INDUSTRY,ALL,ACTUAL,0.0,0.0,1,1,1,1,764,138,2014.0,0,1,0,0,0,0
NCT01507935,Colonisation Resistance Study,WITHDRAWN,1,high risk,PHASE2,INTERVENTIONAL,INDUSTRY,ALL,ACTUAL,0.0,0.0,1,3,2,1,1204,179,2012.0,0,0,0,0,0,0
NCT03912350,The Effect of Hepatic Impairment on the Pharmacokinetics of Balovaptan,WITHDRAWN,1,high risk,PHASE1,INTERVENTIONAL,INDUSTRY,ALL,ACTUAL,0.0,0.0,1,1,0,0,4843,342,2022.0,0,1,0,0,0,0
NCT04350450,Hydroxychloroquine Treatment of Healthcare Workers With COVID19 Illness at Montefiore,WITHDRAWN,1,high risk,PHASE2,INTERVENTIONAL,OTHER,ALL,ACTUAL,0.0,0.0,3,1,1,1,770,300,2020.0,0,1,0,0,0,0
NCT04238091,Clinical Trial to Evaluate the Efficacy of Fecal Microbiota Transplantation in Patients With Alopecia Areata,WITHDRAWN,1,high risk,PHASE2,INTERVENTIONAL,OTHER,ALL,ACTUAL,0.0,0.0,3,7,0,0,3566,195,2019.0,0,1,0,0,0,0
NCT03239197,Project SHARE (motherS Have All the Right microbEs),WITHDRAWN,1,high risk,MISSING,OBSERVATIONAL,INDUSTRY,ALL,ACTUAL,0.0,0.0,1,0,1,1,258,168,2017.0,0,0,1,0,0,0
NCT04763460,Effects of CRT Optimization as Assessed by Cardiac MR,WITHDRAWN,1,high risk,MISSING,INTERVENTIONAL,OTHER,ALL,ACTUAL,0.0,0.0,1,1,2,1,1199,1154,2023.0,0,1,1,0,0,0
NCT03054948,SMOFLipid in Patients Who Are Intralipid Intolerant,WITHDRAWN,1,high risk,PHASE4,INTERVENTIONAL,OTHER,ALL,ACTUAL,0.0,0.0,2,2,1,1,797,729,2017.0,0,1,0,0,0,0
NCT03814148,Efficacy and Safety of Leningrado 5 Association in the Treatment of Hypertension,WITHDRAWN,1,high risk,PHASE3,INTERVENTIONAL,INDUSTRY,ALL,ACTUAL,0.0,0.0,1,4,0,0,907,126,2019.0,1,1,0,0,0,0
NCT06236308,TTAX03 for the Treatment of Lumbosacral Facet Joint Pain,WITHDRAWN,1,high risk,PHASE1,INTERVENTIONAL,INDUSTRY,ALL,ACTUAL,0.0,0.0,1,3,0,0,6102,341,2024.0,1,1,0,0,0,0
NCT00823017,Effect of Music on Patients in Intensive Care Units,WITHDRAWN,1,high risk,PHASE1,INTERVENTIONAL,OTHER,ALL,ACTUAL,0.0,0.0,1,3,1,1,1794,168,2006.0,0,1,0,0,0,0
NCT01164540,Study on the Effect of Rosuvastatin Treatment on the Prevention of Thrombosis in Patients With Previous Thrombosis,WITHDRAWN,1,high risk,PHASE3,INTERVENTIONAL,INDUSTRY,ALL,ESTIMATED,3000.0,8.006700845440367,2,2,0,0,571,264,2011.0,1,1,0,0,0,0
NCT02803450,"Epidural Loading: High Volume, Low Concentration",WITHDRAWN,1,high risk,MISSING,INTERVENTIONAL,OTHER,FEMALE,ACTUAL,0.0,0.0,1,3,1,1,975,225,2016.0,0,1,1,0,0,0
NCT05887518,The Effect of Sock Developed with Wearable Technology for TUR Surgery Patients on Hypothermia and Venous Thromboembolism,WITHDRAWN,1,high risk,MISSING,INTERVENTIONAL,OTHER,ALL,ACTUAL,0.0,0.0,5,1,0,0,808,1348,2023.0,0,0,1,0,0,0
NCT02920710,ACTHAR Therapy for Central Nervous System Sarcoidosis,WITHDRAWN,1,high risk,PHASE4,INTERVENTIONAL,OTHER,ALL,ACTUAL,0.0,0.0,1,1,1,1,1142,308,2019.0,0,0,0,0,0,0
NCT05239910,"Study to Evaluate the Efficacy and Safety of Tenalisib, Given With CHOP Therapy for Front Line Treatment in Patients With PTCL",WITHDRAWN,1,high risk,PHASE2,INTERVENTIONAL,INDUSTRY,ALL,ACTUAL,0.0,0.0,1,1,1,1,2235,882,2023.0,0,1,0,0,0,0
NCT01121510,"Hemostatic Closure of Femoral Artery Access Site, Using the QuickClose Design 9 System",WITHDRAWN,1,high risk,PHASE1; PHASE2,INTERVENTIONAL,INDUSTRY,ALL,ESTIMATED,50.0,3.9318256327243257,3,1,1,1,4212,318,2010.0,0,1,0,0,0,0
NCT04764578,Sexual Dysfunction Following Upper Extremity Trauma,WITHDRAWN,1,high risk,MISSING,OBSERVATIONAL,OTHER,ALL,ACTUAL,0.0,0.0,2,0,0,0,1013,821,2022.0,0,1,1,0,0,0
NCT00363935,Bariatric Dose-ranging Study With Dexmedetomidine,WITHDRAWN,1,high risk,PHASE4,INTERVENTIONAL,OTHER,ALL,ACTUAL,0.0,0.0,1,1,1,1,644,486,2007.0,0,1,0,0,0,0
NCT04464525,Omecamtiv Mecarbil Post-trial Access Study,WITHDRAWN,1,high risk,PHASE3,INTERVENTIONAL,INDUSTRY,ALL,ACTUAL,0.0,0.0,1,1,0,0,1187,136,2020.0,0,1,0,0,0,0
NCT01288625,Prospective Study of Head and Neck Cancer Radiation Treatment With or Without Amifostine,WITHDRAWN,1,high risk,PHASE4,INTERVENTIONAL,INDUSTRY,ALL,ACTUAL,0.0,0.0,2,2,0,0,647,125,,0,1,0,0,0,0
NCT02899325,FDGal PET/CT to Detect Hepatocellular Carcinoma,WITHDRAWN,1,high risk,MISSING,OBSERVATIONAL,OTHER,ALL,ACTUAL,0.0,0.0,3,1,1,1,1419,393,2019.0,0,1,1,0,0,0
NCT01556568,"Safety, Tolerability, Pharmacokinetics and Pharmacodynamics of MEK162 in Noonan Syndrome Hypertrophic Cardiomyopathy",WITHDRAWN,1,high risk,PHASE2,INTERVENTIONAL,INDUSTRY,ALL,ACTUAL,0.0,0.0,1,1,2,2,2000,294,2012.0,0,1,0,0,0,0
NCT00420797,A Study to Evaluate Topical Phenylephrine Gel in the Management of Faecal Incontinence,WITHDRAWN,1,high risk,PHASE3,INTERVENTIONAL,INDUSTRY,ALL,ACTUAL,0.0,0.0,1,1,1,1,2266,216,2007.0,0,1,0,0,0,0
NCT04353310,Evaluating Effects of Curcumin in Moderate to Severe Asthmatics,WITHDRAWN,1,high risk,PHASE2,INTERVENTIONAL,OTHER,ALL,ACTUAL,0.0,0.0,1,2,0,0,958,432,2021.0,1,1,0,0,0,0
NCT01795300,Comparison of Proton and Carbon Ion Radiotherapy With Advanced Photon Radiotherapy in Skull Base Meningiomas: The PINOCCHIO Trial.,WITHDRAWN,1,high risk,MISSING,INTERVENTIONAL,OTHER,ALL,ACTUAL,0.0,0.0,1,4,1,1,1384,697,2020.0,0,1,1,0,0,0
NCT03702192,EXCOR® Pediatric VAD Anticoagulation IDE,WITHDRAWN,1,high risk,MISSING,INTERVENTIONAL,OTHER,ALL,ACTUAL,0.0,0.0,1,1,0,0,3749,1218,2018.0,0,0,1,0,0,0
NCT01091064,Impact Of A Health Care Protocol For Patients Suffering Symptoms Of Mild Acute Viral Bronchiolitis On Early Release In The Emergency Department,WITHDRAWN,1,high risk,PHASE2,INTERVENTIONAL,OTHER,ALL,ACTUAL,0.0,0.0,1,1,1,1,721,831,2011.0,0,0,0,0,0,0
NCT02897999,Single and Multiple Dose Evaluation of QBKPN SSI In Healthy Volunteers,WITHDRAWN,1,high risk,PHASE1,INTERVENTIONAL,INDUSTRY,ALL,ACTUAL,0.0,0.0,1,2,0,0,2240,185,2016.0,1,1,0,0,0,0
NCT07439432,Stereotactic Guided Biopsy and Cryoablation,WITHDRAWN,1,high risk,MISSING,INTERVENTIONAL,OTHER,FEMALE,ACTUAL,0.0,0.0,1,1,0,0,1285,210,2025.0,0,1,1,0,0,0
NCT05494814,Sandhills Community Kitchen Evaluation: Using the Veggie Meter,WITHDRAWN,1,high risk,MISSING,INTERVENTIONAL,OTHER,ALL,ACTUAL,0.0,0.0,1,1,1,1,164,1502,2024.0,0,0,1,0,0,0
NCT01793506,Novel Testing Procedures,WITHDRAWN,1,high risk,MISSING,OBSERVATIONAL,OTHER,ALL,ACTUAL,0.0,0.0,1,0,1,1,279,1300,2016.0,0,0,1,0,0,0
NCT04081506,Targeting the Optimal Mean Arterial Pressure in Hypoxic Ischemic Brain Injury After Cardiac Arrest,WITHDRAWN,1,high risk,MISSING,INTERVENTIONAL,OTHER,ALL,ACTUAL,0.0,0.0,1,1,0,0,1513,1493,2019.0,0,1,1,0,0,0
NCT00790504,Transperineal Ultrasound for the Female Pelvic Floor in Women With Multiple Gestation,WITHDRAWN,1,high risk,MISSING,OBSERVATIONAL,OTHER_GOV,FEMALE,ACTUAL,0.0,0.0,1,0,1,1,163,283,2008.0,0,0,1,0,0,0
NCT00083447,Study of Therapy With TransMID™ Compared to Best Standard of Care in Patients With Glioblastoma Multiforme,WITHDRAWN,1,high risk,PHASE3,INTERVENTIONAL,INDUSTRY,ALL,MISSING,323.0,5.780743515792329,1,1,25,2,3354,1326,2004.0,0,1,0,0,0,0
NCT00554307,"Brain, Gut and Kidney Blood Flow During Medical Closure of PDA",WITHDRAWN,1,high risk,MISSING,OBSERVATIONAL,OTHER,ALL,ACTUAL,0.0,0.0,1,1,1,1,566,324,2007.0,0,0,1,0,0,0
NCT00707564,Study of Hemostatic Efficacy of the HemCon Dental Dressing in a Population Treated With Anticoagulant Medications,WITHDRAWN,1,high risk,MISSING,INTERVENTIONAL,INDUSTRY,ALL,ACTUAL,0.0,0.0,1,2,2,1,1175,175,2008.0,0,0,1,0,0,0
NCT03808532,Moisturizer to Prevent Atopic Dermatitis,WITHDRAWN,1,high risk,PHASE2,INTERVENTIONAL,INDUSTRY,ALL,ACTUAL,0.0,0.0,1,1,0,0,1169,829,2020.0,0,0,0,0,0,0
NCT03316898,A FDG-PET Study of AGN-242071 Added to Standard-of-Care (Donepezil ± Memantine) for the Treatment of Participants With Mild to Moderate Alzheimer's Disease,WITHDRAWN,1,high risk,PHASE1,INTERVENTIONAL,INDUSTRY,ALL,ACTUAL,0.0,0.0,1,4,6,1,3892,311,2018.0,1,1,0,0,0,0
NCT00672698,Evaluation of Surgical Risk in Elderly Patients Submitted to Elective Surgery,WITHDRAWN,1,high risk,MISSING,OBSERVATIONAL,OTHER,ALL,ACTUAL,0.0,0.0,3,1,1,1,167,180,2008.0,0,0,1,0,0,0
NCT02488616,Closed-loop Control of Glucose Levels (Artificial Pancreas) for 5 Days in Adults With Type 1 Diabetes,WITHDRAWN,1,high risk,PHASE2,INTERVENTIONAL,OTHER,ALL,ACTUAL,0.0,0.0,1,5,1,1,1119,639,2018.0,0,1,0,0,0,0
NCT06056206,The SIR-POBA Shunt Trial,WITHDRAWN,1,high risk,MISSING,INTERVENTIONAL,OTHER,ALL,ACTUAL,0.0,0.0,1,1,1,1,788,276,2023.0,0,1,1,0,0,0
NCT02962804,Combination Radiation and PD-1 Inhibition in Metastatic or Recurrent Renal Cell Carcinoma (RCC),WITHDRAWN,1,high risk,PHASE2,INTERVENTIONAL,OTHER,ALL,ACTUAL,0.0,0.0,1,2,1,1,3451,455,,0,1,0,0,0,0
NCT01200147,Effectiveness of Rupture of Schatzki's Ring Using Biopsy Forceps Versus SIngle Dilation,WITHDRAWN,1,high risk,MISSING,INTERVENTIONAL,OTHER,ALL,ACTUAL,0.0,0.0,2,1,1,1,206,1098,2010.0,0,1,1,0,0,0
NCT00505258,Ceftobiprole in the Treatment of Hospitalized Patients With Staphylococcus Aureus Bacteremia,WITHDRAWN,1,high risk,PHASE2,INTERVENTIONAL,INDUSTRY,ALL,ACTUAL,0.0,0.0,1,1,0,0,1140,140,,0,1,0,0,0,0
NCT01215058,Gastroprotective Agent Compliance in Patients at Risk Suffering From a Gastrointestinal(GI) Ulcer,WITHDRAWN,1,high risk,MISSING,OBSERVATIONAL,INDUSTRY,ALL,ACTUAL,0.0,0.0,2,0,0,0,134,176,2010.0,0,0,1,0,0,0
NCT04830878,Methotrexate For The Prevention and Treatment of Proliferative Vitreoretinopathy in Pediatric Patients,WITHDRAWN,1,high risk,PHASE1,INTERVENTIONAL,OTHER,ALL,ACTUAL,0.0,0.0,1,1,1,1,4005,592,2021.0,0,0,0,0,0,0
NCT05170308,Fractional CO2 Laser for the Treatment of Lichen Planus Pigmentosus,WITHDRAWN,1,high risk,MISSING,INTERVENTIONAL,OTHER,ALL,ACTUAL,0.0,0.0,1,1,1,1,1670,1510,2022.0,0,1,1,0,0,0
NCT02162225,Study of Beet Juice for Patients With Sickle Cell Anemia,WITHDRAWN,1,high risk,PHASE2,INTERVENTIONAL,OTHER,ALL,ACTUAL,0.0,0.0,1,1,1,1,822,693,2014.0,0,1,0,0,0,0
NCT05161117,Virtual Reality Fall Education for Caregivers,WITHDRAWN,1,high risk,MISSING,INTERVENTIONAL,OTHER,ALL,ACTUAL,0.0,0.0,2,2,2,1,402,1790,2021.0,0,0,1,0,0,0
NCT00381017,Effects of Low-dose Maintenance Peg Interferon Alfa-2b Therapy Versus Supportive Care in Patients With Cirrhotic Hepatitis C With HIV (Study P04371),WITHDRAWN,1,high risk,PHASE3,INTERVENTIONAL,INDUSTRY,ALL,ACTUAL,0.0,0.0,3,1,0,0,3389,570,2006.0,0,1,0,0,0,0
NCT06720740,The RELIEF™ Ureteral Stent Randomized Controlled Trial,WITHDRAWN,1,high risk,MISSING,INTERVENTIONAL,OTHER,ALL,ACTUAL,0.0,0.0,1,2,0,0,883,561,2024.0,0,1,1,0,0,0
NCT01221740,Pain Assessment and Quality of Life in Back Pain Patients: Role of Milnacipran,WITHDRAWN,1,high risk,PHASE3,INTERVENTIONAL,OTHER,ALL,ACTUAL,0.0,0.0,1,1,1,1,430,784,2010.0,0,1,0,0,0,0
NCT00726791,Efficacy of rTMS (Repetitive Transcranial Magnetic Stimulation) on Patients With Somatoform Pain Disorder,WITHDRAWN,1,high risk,MISSING,INTERVENTIONAL,OTHER,ALL,ACTUAL,10.0,2.3978952727983707,1,1,1,1,144,1300,2008.0,0,1,1,0,0,0
NCT05736952,Oral Topotecan Combined With Anlotinib in Patients With Platinum-resistant Recurrent Ovarian Cancer,WITHDRAWN,1,high risk,PHASE2,INTERVENTIONAL,OTHER,FEMALE,ACTUAL,0.0,0.0,1,1,1,1,4235,1110,2023.0,0,1,0,0,0,0
NCT00000752,Preventing Frequent Sinus Infections in HIV-Infected Patients,WITHDRAWN,1,high risk,PHASE2,INTERVENTIONAL,NIH,ALL,ACTUAL,0.0,0.0,2,4,10,1,1963,956,,0,0,0,0,0,0
NCT00640952,Acamprosate for Treatment of Compulsive Behaviors and Craving in Parkinson's Disease,WITHDRAWN,1,high risk,MISSING,INTERVENTIONAL,OTHER,ALL,ACTUAL,0.0,0.0,1,1,1,1,961,271,2006.0,0,1,1,0,0,0
NCT03090126,Assessment of Therapeutic Education About Non Invasive Ventilation in Patients With Chronic Respiratory Failure (QoVNI),WITHDRAWN,1,high risk,MISSING,OBSERVATIONAL,OTHER,ALL,ACTUAL,0.0,0.0,1,1,1,1,373,210,2017.0,0,1,1,0,0,0
NCT04604678,Pilot Study Into the Use of Metformin and LDN for Patients With COVID-19,WITHDRAWN,1,high risk,PHASE2,INTERVENTIONAL,INDUSTRY,ALL,ACTUAL,0.0,0.0,1,2,1,1,1130,161,2021.0,0,1,0,0,0,0
NCT04071743,Study of Gammacore Sapphire for the Acute and Preventive Treatment of Post-Traumatic Headache (GAP-PTH),WITHDRAWN,1,high risk,MISSING,INTERVENTIONAL,OTHER,ALL,ACTUAL,0.0,0.0,1,2,1,1,1846,268,2020.0,0,1,1,0,0,0
NCT04721743,Microbiome as a ThErapeutic Response Biomarker,WITHDRAWN,1,high risk,MISSING,OBSERVATIONAL,NIH,ALL,ACTUAL,0.0,0.0,1,0,1,1,793,1410,2021.0,0,0,1,0,0,0
NCT01786408,A Study to Compare Analytes in Blood Collected Using an Investigational Collection Device With a Commercial Predicate,WITHDRAWN,1,high risk,MISSING,INTERVENTIONAL,INDUSTRY,ALL,ACTUAL,0.0,0.0,2,2,1,1,735,657,2013.0,0,1,1,0,0,0
NCT02611908,Obinutuzumab With High-dose Ibrutinib for the Treatment of Patients With Chronic Lymphocytic Leukemia With Progressive Disease on Single Agent Ibrutinib.,WITHDRAWN,1,high risk,PHASE1,INTERVENTIONAL,OTHER,ALL,ACTUAL,0.0,0.0,1,2,0,0,2711,647,2016.0,0,1,0,0,0,0
NCT03532750,Splenic Embolization for Portal Hypertension,WITHDRAWN,1,high risk,MISSING,INTERVENTIONAL,OTHER,ALL,ACTUAL,0.0,0.0,1,2,1,1,1932,449,2018.0,0,1,1,0,0,0
NCT01497691,Noninvasive Positive Airway Pressure in the Pediatric Emergency Department for the Treatment of Acute Asthma Exacerbations,WITHDRAWN,1,high risk,MISSING,INTERVENTIONAL,OTHER,ALL,ACTUAL,0.0,0.0,1,3,1,1,1224,861,2013.0,0,0,1,0,0,0
NCT04289584,Exercises With Elastic Bands and Stability in Proprioception and Strength in Female Athletes of Taekwondo,WITHDRAWN,1,high risk,MISSING,INTERVENTIONAL,NETWORK,FEMALE,ACTUAL,0.0,0.0,1,1,1,1,468,1408,2020.0,0,1,1,0,0,0
NCT04873726,Effects of Magnetic Tape on Autonomic Nervous System in Patients With Low Back Pain,WITHDRAWN,1,high risk,MISSING,INTERVENTIONAL,OTHER,ALL,ACTUAL,0.0,0.0,1,2,1,1,340,307,2022.0,1,1,1,0,0,0
NCT00180726,Molecular Mechanism of Asthma,WITHDRAWN,1,high risk,MISSING,INTERVENTIONAL,OTHER,ALL,ACTUAL,0.0,0.0,1,1,1,1,1587,632,2003.0,0,1,1,0,0,0
NCT04105985,Kovanaze Vs. Articaine in Achieving Pulpal Anesthesia of Maxillary Teeth - Endodontics,WITHDRAWN,1,high risk,PHASE2,INTERVENTIONAL,OTHER,ALL,ACTUAL,0.0,0.0,2,2,0,0,822,245,2020.0,0,1,0,0,0,0
NCT01309685,Effect of Varenicline on Tobacco Addiction and on Abstinence-induced Cognitive Impairment,WITHDRAWN,1,high risk,PHASE1,INTERVENTIONAL,NIH,ALL,ACTUAL,0.0,0.0,1,1,0,0,962,3028,2011.0,1,1,0,0,0,0
NCT06619015,Tailoring Obesity Treatment Trial,WITHDRAWN,1,high risk,PHASE2; PHASE3,INTERVENTIONAL,OTHER,ALL,ACTUAL,0.0,0.0,3,3,1,1,891,1001,2025.0,1,1,0,0,0,0
NCT05926440,Immunogenicity and Safety Study of SCB-2023 Vaccine as a Booster in Adults,WITHDRAWN,1,high risk,PHASE3,INTERVENTIONAL,INDUSTRY,ALL,ACTUAL,0.0,0.0,1,2,3,1,1837,266,2023.0,0,1,0,0,0,0
NCT05701189,Evaluating Efgartigimod in Patients With Guillain-Barré Syndrome,WITHDRAWN,1,high risk,PHASE2,INTERVENTIONAL,OTHER,ALL,ACTUAL,0.0,0.0,1,2,1,1,3014,894,2024.0,0,1,0,0,0,0
NCT04464889,HA-1H TCR T Cell for Relapsed/Persistent Hematologic Malignancies After Allogeneic Stem Cell Transplantation,WITHDRAWN,1,high risk,PHASE1,INTERVENTIONAL,INDUSTRY,ALL,ACTUAL,0.0,0.0,8,4,1,1,4014,389,2020.0,0,1,0,0,0,0
NCT02985268,Evaluation of Outcomes of CRT and MitraClip for Treatment of Low Ejection Fraction and Functional Mitral Regurgitation in HF,WITHDRAWN,1,high risk,MISSING,INTERVENTIONAL,OTHER,ALL,ACTUAL,0.0,0.0,2,3,0,0,4917,529,2016.0,0,0,1,0,0,0
NCT00349518,Study of Dasatinib in Imatinib Resistant or Intolerant Subjects With Chronic or Advanced Phase CML or Philadelphia Chromosome Positive ALL,WITHDRAWN,1,high risk,PHASE2; PHASE3,INTERVENTIONAL,INDUSTRY,ALL,ACTUAL,0.0,0.0,2,1,20,6,365,349,2006.0,0,1,0,0,0,0
NCT01746290,The PulsePoint Randomized Controlled Trial,WITHDRAWN,1,high risk,MISSING,INTERVENTIONAL,OTHER,ALL,ACTUAL,0.0,0.0,1,1,1,1,586,2234,2013.0,0,0,1,0,0,0
NCT02069106,Efficacy Study of Daily Pro-Omega LDL for Low-Density Lipoprotein Cholesterol and Triglyceride Reduction,WITHDRAWN,1,high risk,PHASE4,INTERVENTIONAL,INDUSTRY,ALL,ACTUAL,0.0,0.0,1,2,0,0,3959,120,2014.0,1,1,0,0,0,0
NCT02950506,Transcranial Direct Current Stimulation and Cognitive Remediation Therapy for Interictal Dysfunction in Epilepsy,WITHDRAWN,1,high risk,MISSING,INTERVENTIONAL,OTHER,ALL,ACTUAL,0.0,0.0,1,2,1,1,1366,672,2020.0,0,1,1,0,0,0
NCT03749733,Bioequivalence of Two Fixed-dose Combination Tablets Containing Estradiol and Nomegestrol Acetate,WITHDRAWN,1,high risk,PHASE1,INTERVENTIONAL,INDUSTRY,FEMALE,ACTUAL,0.0,0.0,1,2,1,1,8325,482,2019.0,0,1,0,0,0,0
NCT02254915,SHTC - EUROPE-1 Synergo Hyperthermia-Chemotherapy by European Urologists' Research Operation Preserving Evolution Study I,WITHDRAWN,1,high risk,PHASE3,INTERVENTIONAL,INDUSTRY,ALL,ACTUAL,0.0,0.0,7,2,0,0,4477,431,,0,1,0,0,0,0
NCT05578508,Stem Cells for the Treatment of Pouchitis,WITHDRAWN,1,high risk,PHASE1,INTERVENTIONAL,OTHER,ALL,ACTUAL,0.0,0.0,5,1,1,1,1795,191,2022.0,0,1,0,0,0,0
NCT01531868,Alternative Sensory Presentation Formats in Asymptomatic Carotid Stenosis,WITHDRAWN,1,high risk,MISSING,INTERVENTIONAL,OTHER,ALL,ACTUAL,0.0,0.0,1,6,1,1,120,2500,2012.0,0,1,1,0,0,0
NCT00838968,The Efficiency of Postoperative Interferon-alpha Treatment in p48 Positive Patients With Hepatocellular Carcinoma,WITHDRAWN,1,high risk,MISSING,INTERVENTIONAL,OTHER,ALL,ACTUAL,0.0,0.0,1,1,0,0,120,155,2008.0,0,1,1,0,0,0
NCT04043091,Coronary Angiography in Critically Ill Patients With Type II Myocardial Infarction,WITHDRAWN,1,high risk,MISSING,INTERVENTIONAL,OTHER,ALL,ACTUAL,0.0,0.0,4,1,1,1,291,2443,2019.0,0,1,1,0,0,0
NCT01969474,Effectiveness of Cannabis in the Treatment of Tinnitus Patients,WITHDRAWN,1,high risk,PHASE1,INTERVENTIONAL,OTHER_GOV,ALL,ACTUAL,0.0,0.0,1,2,1,1,336,121,2013.0,1,1,0,0,0,0
NCT02594358,Caffeine in Amblyopia Study,WITHDRAWN,1,high risk,PHASE1; PHASE2,INTERVENTIONAL,OTHER,ALL,ACTUAL,0.0,0.0,1,1,1,1,977,701,2014.0,0,0,0,0,0,0
NCT00694785,"A Study of the Pharmacokinetics, Pharmacodynamics, and Safety of ARC1779 Injection in Patients With Von Willebrand Disease Type 2B",WITHDRAWN,1,high risk,PHASE2,INTERVENTIONAL,INDUSTRY,ALL,ESTIMATED,2.0,1.0986122886681098,1,4,0,0,1801,124,2008.0,0,0,0,0,0,0
NCT00270725,Impact of Anti-HIV Treatment on Labor Productivity and Costs in South Africa,WITHDRAWN,1,high risk,MISSING,OBSERVATIONAL,OTHER,ALL,ACTUAL,0.0,0.0,1,0,1,1,371,234,2005.0,0,1,1,0,0,0
NCT00450489,Assessment of Quality of Life and Satisfaction With Medical Care of Pediatric Type 1 Diabetes Mellitus Patients,WITHDRAWN,1,high risk,MISSING,OBSERVATIONAL,OTHER,ALL,ACTUAL,0.0,0.0,1,0,1,1,310,290,2008.0,0,0,1,0,0,0
NCT02492074,Gene-Environment-Interaction: Influence of the COMT Genotype on the Effects of Different Cannabinoids - a PET Study,WITHDRAWN,1,high risk,PHASE1,INTERVENTIONAL,OTHER,MALE,ACTUAL,0.0,0.0,2,3,1,1,1697,532,2024.0,1,1,0,0,0,0
NCT05493618,"Pembrolizumab, Belantamab and Dexamethasone in Refractory Multiple Myeloma.",WITHDRAWN,1,high risk,PHASE1; PHASE2,INTERVENTIONAL,OTHER,ALL,ACTUAL,0.0,0.0,1,3,3,1,8855,330,2022.0,0,1,0,0,0,0
NCT01060306,Optical Coherence Tomography Evaluation of a Biodegradable Polymer-based Drug-eluting Stent,WITHDRAWN,1,high risk,MISSING,OBSERVATIONAL,OTHER,ALL,ACTUAL,0.0,0.0,1,0,1,1,564,374,2010.0,0,1,1,0,0,0
NCT00415649,Safety of and Immune Response to an HIV DNA Plasmid Vaccine Followed by HIV Adenoviral Vector Vaccine in Healthy African Adults,WITHDRAWN,1,high risk,PHASE2,INTERVENTIONAL,NIH,ALL,ACTUAL,0.0,0.0,1,3,0,0,2007,211,,1,1,0,0,0,0
NCT05503238,The Effects of Mother-infant Skin-to-skin Contact on Stress Response of Preterm Infants,WITHDRAWN,1,high risk,MISSING,INTERVENTIONAL,OTHER,ALL,ACTUAL,0.0,0.0,1,2,1,1,494,182,2025.0,0,0,1,0,0,0
NCT04992858,Ningetinib in Advanced NSCLC Skipping Mutations With MET Exon 14 Skipping Mutations,WITHDRAWN,1,high risk,PHASE2,INTERVENTIONAL,INDUSTRY,ALL,ACTUAL,0.0,0.0,1,1,0,0,2464,156,2022.0,0,1,0,0,0,0
NCT04317326,"""Post-acute Pickwick Study"" (Postacute-Pick-2020)",WITHDRAWN,1,high risk,MISSING,INTERVENTIONAL,OTHER,ALL,ACTUAL,0.0,0.0,2,4,0,0,3979,864,2023.0,0,1,1,0,0,0
NCT03408015,Effects of Xiidra on Closed Eye Tear Film Leukocytes in Dry Eye Disease,WITHDRAWN,1,high risk,PHASE4,INTERVENTIONAL,OTHER,ALL,ACTUAL,0.0,0.0,5,1,0,0,1778,722,2019.0,0,1,0,0,0,0
NCT02575508,Pan FGFR Kinase Inhibitor BGJ398 and Combination Chemotherapy in Treating Patients With Untreated Metastatic Pancreatic Cancer,WITHDRAWN,1,high risk,PHASE1; PHASE2,INTERVENTIONAL,OTHER,ALL,ACTUAL,0.0,0.0,17,6,1,1,10921,869,,0,1,0,0,0,0
NCT04629209,"A Phase II, Open Label Study of ONC201 in Adults With EGFR-low Glioblastoma",WITHDRAWN,1,high risk,PHASE2,INTERVENTIONAL,OTHER,ALL,ACTUAL,0.0,0.0,1,1,1,1,6796,569,2024.0,0,1,0,0,0,0
NCT01362699,Effect of JNJ 31001074 on Urge to Drink in Alcohol-Dependent Adults,WITHDRAWN,1,high risk,PHASE2,INTERVENTIONAL,INDUSTRY,ALL,ACTUAL,0.0,0.0,1,2,1,1,1187,181,2011.0,1,1,0,0,0,0
NCT00003599,Vitamin E in Preventing the Side Effects of Isotretinoin in Former and Current Smokers Who Are Receiving Isotretinoin to Prevent Lung Cancer,WITHDRAWN,1,high risk,PHASE3,INTERVENTIONAL,OTHER,ALL,ACTUAL,0.0,0.0,1,2,0,0,1377,465,,0,1,0,0,0,0
NCT04430387,Dental Isolation Methods in Pediatric Patients,WITHDRAWN,1,high risk,MISSING,INTERVENTIONAL,OTHER,ALL,ACTUAL,0.0,0.0,3,3,0,0,552,461,2021.0,0,0,1,0,0,0
NCT03157947,Culturally Tailored Decision Aid for Hispanic Patients Diagnosed With Prostate Cancer,WITHDRAWN,1,high risk,MISSING,INTERVENTIONAL,OTHER,MALE,ACTUAL,0.0,0.0,1,3,0,0,695,379,2017.0,0,1,1,0,0,0
NCT01129947,The Use of DHEA in Women With Premature Ovarian Failure,WITHDRAWN,1,high risk,EARLY_PHASE1,INTERVENTIONAL,OTHER,FEMALE,ACTUAL,0.0,0.0,1,1,1,1,83,298,2010.0,0,1,0,0,0,0
NCT01196000,Laparoscopic Surgery or Robotic-Assisted Laparoscopic Surgery in Treating Patients With Rectal Cancer That Can Be Removed By Surgery,WITHDRAWN,1,high risk,MISSING,INTERVENTIONAL,OTHER,ALL,ACTUAL,0.0,0.0,4,4,0,0,1409,527,2011.0,0,1,1,0,0,0
NCT04316611,Potassium Chloride in Out-of-hospital Cardiac Arrest Due to Refractory Ventricular Fibrillation,WITHDRAWN,1,high risk,PHASE2,INTERVENTIONAL,OTHER,ALL,ACTUAL,0.0,0.0,1,1,1,1,487,279,2023.0,0,1,0,0,0,0
NCT05093244,Resveratrol Excipient Paclitaxel Coated Balloon for Coronary Treatment,WITHDRAWN,1,high risk,MISSING,INTERVENTIONAL,INDUSTRY,ALL,ACTUAL,0.0,0.0,3,2,0,0,2974,224,2023.0,0,1,1,0,0,0
NCT07123363,"Effect of Bitopertin on the Liver and on Levels of Protoporphyrin IX in Bile, Blood, Liver, and Stool in Patients With Erythropoietic Protoporphyria/X-linked Protoporphyria and Increased Liver Stiffness and/or Liver Enzymes at Baseline",WITHDRAWN,1,high risk,PHASE1,INTERVENTIONAL,OTHER,ALL,ACTUAL,0.0,0.0,1,1,0,0,1812,210,2026.0,0,1,0,0,0,0
NCT01751100,The Feasibility of Using a General Health Screen to Increase HIV Testing in Community Pharmacies,WITHDRAWN,1,high risk,MISSING,INTERVENTIONAL,OTHER,ALL,ACTUAL,0.0,0.0,1,2,1,1,211,328,2013.0,0,1,1,0,0,0
NCT01323907,Compassionate Use of Omegaven IV Fat Emulsion,WITHDRAWN,1,high risk,MISSING,INTERVENTIONAL,OTHER,ALL,ACTUAL,0.0,0.0,1,1,1,1,1338,328,2011.0,0,0,1,0,0,0
NCT03252171,CAR-T Cell Immunotherapy for GD2 Positive Glioma Patients,WITHDRAWN,1,high risk,PHASE1; PHASE2,INTERVENTIONAL,OTHER,ALL,ACTUAL,0.0,0.0,2,1,1,1,2312,144,2015.0,0,1,0,0,0,0
NCT04600934,Shockwave Assisted Large Bore Access,WITHDRAWN,1,high risk,MISSING,INTERVENTIONAL,OTHER,ALL,ACTUAL,0.0,0.0,1,2,1,1,1455,781,2022.0,0,1,1,0,0,0
NCT00304798,Study of Admission Versus Discharge After Transient Ischemic Attack (TIA),WITHDRAWN,1,high risk,PHASE1,INTERVENTIONAL,OTHER,ALL,ACTUAL,0.0,0.0,2,1,1,1,812,140,2006.0,0,1,0,0,0,0
NCT05541952,BCG Re-vaccination for Primary Tuberculosis Prophylaxis in the Prison Population,WITHDRAWN,1,high risk,PHASE4,INTERVENTIONAL,OTHER,MALE,ACTUAL,0.0,0.0,1,1,1,1,1009,1834,2020.0,0,1,0,0,0,0
NCT04478136,Can Blood Panels Provide Early Warning of Bleeding in Patients on ECMO?,WITHDRAWN,1,high risk,MISSING,OBSERVATIONAL,OTHER,ALL,ACTUAL,0.0,0.0,2,1,0,0,371,662,2021.0,0,1,1,0,0,0
NCT06396234,Study Comparing Intubation Via Video Laryngeal Mask Airways (VLMAs) Versus Video Laryngoscopy,WITHDRAWN,1,high risk,MISSING,INTERVENTIONAL,OTHER,ALL,ACTUAL,0.0,0.0,4,3,1,1,581,1044,2024.0,0,1,1,0,0,0
NCT00977899,Phase 1 Study of the Safety and Immunogenicity of a Malaria Transmission-blocking Pfs25-Pfs25 Conjugate Vaccine,WITHDRAWN,1,high risk,PHASE1,INTERVENTIONAL,NIH,ALL,ACTUAL,0.0,0.0,3,1,0,0,801,2506,2009.0,0,1,0,0,0,0
NCT02169193,Diagnosis of Microaspiration in Intubated Critically Ill Patients: Pepsin vs 99m Technetium,WITHDRAWN,1,high risk,MISSING,INTERVENTIONAL,OTHER,ALL,ACTUAL,0.0,0.0,1,1,1,1,475,610,2015.0,0,1,1,0,0,0
NCT00728104,The Use of L-Carnitine And CoQ10 Supplements In the Treatment of Cyclic Vomiting Syndrome (CVS),WITHDRAWN,1,high risk,MISSING,OBSERVATIONAL,OTHER,ALL,ACTUAL,0.0,0.0,1,0,1,1,750,405,2007.0,0,0,1,0,0,0
NCT04045184,"Food Assistance, Diabetes, and HIV",WITHDRAWN,1,high risk,MISSING,OBSERVATIONAL,OTHER,ALL,ACTUAL,0.0,0.0,3,1,1,1,469,436,2018.0,0,1,1,0,0,0
NCT05340933,"Voice, Dyspnea and Acute Respiratory Failure",WITHDRAWN,1,high risk,MISSING,INTERVENTIONAL,OTHER,ALL,ACTUAL,0.0,0.0,1,1,1,1,836,1257,2025.0,0,1,1,0,0,0
NCT05925062,Effect of a Mental Wellness App on the Mental Wellness of Medical and Nurse Anesthesia Students,WITHDRAWN,1,high risk,MISSING,INTERVENTIONAL,OTHER,ALL,ACTUAL,0.0,0.0,1,1,1,1,251,236,2024.0,0,1,1,0,0,0
NCT03936946,The 28 Day Challenge,WITHDRAWN,1,high risk,MISSING,INTERVENTIONAL,OTHER,ALL,ACTUAL,0.0,0.0,4,2,1,1,88,365,2020.0,0,1,1,0,0,0
NCT02912403,Ambulatory Blood Pressure and the Normal Increase in Maternal Blood Pressure Postpartum,WITHDRAWN,1,high risk,MISSING,OBSERVATIONAL,OTHER,FEMALE,ACTUAL,0.0,0.0,1,0,1,1,415,316,2016.0,0,0,1,0,0,0
NCT05195827,Effect of PRM-125 on Ambulatory Blood Pressure,WITHDRAWN,1,high risk,PHASE3,INTERVENTIONAL,INDUSTRY,ALL,ACTUAL,0.0,0.0,1,1,1,1,150,88,2021.0,0,1,0,0,0,0
NCT02473705,Pathways to Improving Functional Capacity in Older Patients With Chronic Kidney Disease and Cardiovascular Disease,WITHDRAWN,1,high risk,MISSING,INTERVENTIONAL,OTHER,ALL,ACTUAL,0.0,0.0,2,4,1,1,2177,241,2016.0,1,1,1,0,0,0
NCT03443622,Phase I Study of SC-43 Oral Solution in Subjects With Refractory Solid Tumors,WITHDRAWN,1,high risk,PHASE1,INTERVENTIONAL,INDUSTRY,ALL,ACTUAL,0.0,0.0,1,1,0,0,4858,2161,2021.0,0,1,0,0,0,0
NCT04979637,"Analytical Performance of pH, HNE and MPO Levels in Detecting Wound Infection Proof of Concept Biomarker Study",WITHDRAWN,1,high risk,MISSING,OBSERVATIONAL,INDUSTRY,ALL,ACTUAL,0.0,0.0,2,0,0,0,978,239,2021.0,0,1,1,0,0,0
NCT00786175,A Survey to Evaluate the Rate of Abnormal Glucose Tolerance Among Hong Kong Chinese Subjects With Coronary Heart Disease,WITHDRAWN,1,high risk,MISSING,OBSERVATIONAL,OTHER,ALL,ACTUAL,0.0,0.0,2,0,1,1,861,497,2008.0,0,1,1,0,0,0
NCT01707056,The Effect of Coffee on the Absorption of Thyroid Hormone in Patients With Thyroid Carcinoma,WITHDRAWN,1,high risk,MISSING,INTERVENTIONAL,OTHER,ALL,ACTUAL,0.0,0.0,2,4,3,1,955,905,2012.0,0,1,1,0,0,0
NCT00447031,Combination Therapy for Neovascular Age Related Macular Degeneration,WITHDRAWN,1,high risk,MISSING,INTERVENTIONAL,OTHER,ALL,ACTUAL,0.0,0.0,1,1,1,1,306,1389,2007.0,0,1,1,0,0,0
NCT01440231,Atacicept Demonstrating Dose RESponSe,WITHDRAWN,1,high risk,PHASE2,INTERVENTIONAL,INDUSTRY,ALL,ACTUAL,0.0,0.0,1,5,0,0,1090,1619,2012.0,1,1,0,0,0,0
NCT02388672,Evaluation of Effects of Green Coffee Bean Extract (GCE) on Physiological and Psychological Variables,WITHDRAWN,1,high risk,MISSING,INTERVENTIONAL,OTHER,ALL,ACTUAL,0.0,0.0,1,4,0,0,575,1899,2015.0,1,1,1,0,0,0
NCT00989339,"Effects of Intralipid Versus Olive Oil Infusions on Endothelial Function, Immune Function, Inflammatory Markers",WITHDRAWN,1,high risk,PHASE2; PHASE3,INTERVENTIONAL,OTHER,ALL,ACTUAL,0.0,0.0,3,1,0,0,554,1338,2009.0,0,1,0,0,0,0
NCT03133962,Evaluation of the Contribution of the Ultrasound Tracking and the Positioning of the Distal End During the Implantation of Implantable Chamber or Long-lasting Venous Catheter,WITHDRAWN,1,high risk,MISSING,INTERVENTIONAL,OTHER,ALL,ACTUAL,0.0,0.0,2,1,1,1,308,488,2014.0,0,1,1,0,0,0
NCT00864903,A New Enzymatic Assay for Rapid Diagnosing of Central Nervous System Enteroviral Infection,WITHDRAWN,1,high risk,MISSING,OBSERVATIONAL,OTHER,ALL,ACTUAL,0.0,0.0,1,0,2,1,150,273,2009.0,0,0,1,0,0,0
NCT06793566,Focal Muscle Vibrations in Acute Stroke,WITHDRAWN,1,high risk,MISSING,INTERVENTIONAL,OTHER,ALL,ACTUAL,0.0,0.0,1,1,1,1,696,214,2025.0,0,1,1,0,0,0
NCT02939846,Pharmacokinetics of Single and Repeat Oral Doses of Trametinib in Chinese Subjects With Solid Tumours,WITHDRAWN,1,high risk,PHASE1,INTERVENTIONAL,INDUSTRY,ALL,ACTUAL,0.0,0.0,1,1,0,0,5887,598,2017.0,0,1,0,0,0,0
NCT04757688,Noninvasive Cardiac Radioablation for Ventricular Tachycardia Refractory to Medication and Catheter Ablation,WITHDRAWN,1,high risk,MISSING,INTERVENTIONAL,OTHER,ALL,ACTUAL,0.0,0.0,1,1,1,1,3317,216,2022.0,0,1,1,0,0,0
NCT01293942,IXO+A in mCRC With Liver-only Metastases,WITHDRAWN,1,high risk,PHASE2,INTERVENTIONAL,OTHER,ALL,ACTUAL,0.0,0.0,1,1,4,1,878,1756,2011.0,0,1,0,0,0,0
NCT02370342,Robot-Assisted Ultrasound for Thermal Ablative Therapy in Treating Patients With Small Kidney Masses Undergoing Surgery,WITHDRAWN,1,high risk,MISSING,INTERVENTIONAL,OTHER,ALL,ACTUAL,0.0,0.0,2,4,2,1,1980,760,2017.0,0,1,1,0,0,0
NCT04963673,Evaluation of Interaction Between Immunosuppressive Drugs and Protein-bound Uremic Toxins in Renal Transplant Patients,WITHDRAWN,1,high risk,MISSING,OBSERVATIONAL,OTHER,ALL,ACTUAL,0.0,0.0,3,1,1,1,577,580,2021.0,0,1,1,0,0,0
NCT02332694,Whole Body Hyperthermia (WBH) as a Rapid Treatment for Fibromyalgia,WITHDRAWN,1,high risk,MISSING,INTERVENTIONAL,OTHER,ALL,ACTUAL,0.0,0.0,1,1,1,1,4569,1351,2015.0,0,1,1,0,0,0
NCT01916902,Effect of Pretreatment With Ticagrelor on Residual Thrombus After PCI in Patients Presenting With ACS in Comparison With Delayed Treatment at the Time of PCI: an OCT Study,WITHDRAWN,1,high risk,PHASE4,INTERVENTIONAL,OTHER,ALL,ACTUAL,0.0,0.0,2,3,1,1,2376,540,2014.0,0,1,0,0,0,0
NCT02535988,Abscopal Effect for Metastatic Colorectal Cancer,WITHDRAWN,1,high risk,PHASE2,INTERVENTIONAL,OTHER,ALL,ACTUAL,0.0,0.0,3,2,0,0,2603,758,2015.0,0,1,0,0,0,0
NCT01961388,Study to Assess the Dietary Carbohydrate Content of Indian Diabetics With Special Therapeutic View on Effectiveness of Acarbose and Metformin Monotherapy,WITHDRAWN,1,high risk,MISSING,OBSERVATIONAL,INDUSTRY,ALL,ACTUAL,0.0,0.0,1,2,0,0,835,1040,2015.0,0,1,1,0,0,0
NCT02134327,Effect of Dexmedetomidine Versus Midazolam Versus a Combination of the Two as a Premedication for Children Undergoing Bilateral Myringotomy Tube Insertion,WITHDRAWN,1,high risk,MISSING,INTERVENTIONAL,OTHER,ALL,ACTUAL,0.0,0.0,3,1,1,1,494,2084,2014.0,0,0,1,0,0,0
NCT05232227,Primaquine Double Dose for Radical Cure of Plasmodium Vivax in Colombia,WITHDRAWN,1,high risk,PHASE2; PHASE3,INTERVENTIONAL,OTHER,ALL,ACTUAL,0.0,0.0,2,2,0,0,1823,1719,2023.0,0,0,0,0,0,0
NCT02939469,Skin Sympathetic Nerve Activity and Cardiac Arrhythmias,WITHDRAWN,1,high risk,PHASE2,INTERVENTIONAL,OTHER,ALL,ACTUAL,0.0,0.0,1,1,1,1,345,3890,2016.0,0,1,0,0,0,0
NCT04659694,Effect of an Intervention on Health in Older Care Home Residents,WITHDRAWN,1,high risk,MISSING,INTERVENTIONAL,OTHER,ALL,ACTUAL,0.0,0.0,5,1,0,0,1489,1743,2020.0,0,1,1,0,0,0
NCT04242966,The Effect of Higher Protein Dosing in Critically Ill Patients Ultrasound a Sub-study,WITHDRAWN,1,high risk,PHASE3,INTERVENTIONAL,OTHER,ALL,ACTUAL,0.0,0.0,2,3,0,0,1106,211,2020.0,0,1,0,0,0,0
NCT02673866,Study to Evaluate the Efficacy and Safety of DS-1971a for the Treatment of Diabetic Peripheral Neuropathic Pain (DPNP),WITHDRAWN,1,high risk,PHASE2,INTERVENTIONAL,INDUSTRY,ALL,ACTUAL,0.0,0.0,2,3,0,0,4362,206,2016.0,1,1,0,0,0,0
NCT04371003,Prospective Investigation of Oxidative Stress in West Nile Virus Infection,WITHDRAWN,1,high risk,MISSING,OBSERVATIONAL,OTHER,ALL,ACTUAL,0.0,0.0,9,0,1,1,834,267,2020.0,0,1,1,0,0,0
NCT00880386,"Losartan in Treating Pulmonary Fibrosis in Patients With Stage I, II, or III Non-Small Cell Lung Cancer",WITHDRAWN,1,high risk,MISSING,INTERVENTIONAL,OTHER,ALL,ACTUAL,0.0,0.0,4,1,0,0,1106,362,2009.0,0,1,1,0,0,0
NCT04261556,tDCS to Enhance Cognitive Training in Multiple Sclerosis,WITHDRAWN,1,high risk,MISSING,INTERVENTIONAL,OTHER,ALL,ACTUAL,0.0,0.0,1,2,1,1,1376,589,2019.0,0,1,1,0,0,0
NCT02394522,Spatial Repellent Products for Control of Vector Borne Diseases - Malaria - Zambia (SR-M-ZM),WITHDRAWN,1,high risk,MISSING,INTERVENTIONAL,OTHER,ALL,ACTUAL,0.0,0.0,1,3,1,1,1587,305,2016.0,0,0,1,0,0,0
NCT00513253,A Phase I Study to Test Alternate Oral Formulations vs the Current Tablet Formulation of Lapatinib,WITHDRAWN,1,high risk,PHASE1,INTERVENTIONAL,INDUSTRY,ALL,ACTUAL,0.0,0.0,1,1,1,1,3711,150,2008.0,0,1,0,0,0,0
NCT05098145,A Safety and Efficacy Study of FCR001 in Adults With Rapidly Progressive Diffuse Cutaneous Systemic Sclerosis,WITHDRAWN,1,high risk,PHASE1; PHASE2,INTERVENTIONAL,INDUSTRY,ALL,ACTUAL,0.0,0.0,1,1,1,1,2946,234,2021.0,0,1,0,0,0,0
NCT04566172,Preoperative Optimization to Improve Functional Status,WITHDRAWN,1,high risk,MISSING,INTERVENTIONAL,OTHER,ALL,ACTUAL,0.0,0.0,2,1,1,1,312,443,2024.0,0,1,1,0,0,0
NCT01015495,Ranibizumab Therapy for Choroidal Neovascularization (CNV) Asociated With Angioid Streaks,WITHDRAWN,1,high risk,PHASE1; PHASE2,INTERVENTIONAL,OTHER,ALL,ACTUAL,0.0,0.0,1,1,0,0,1200,158,2009.0,0,1,0,0,0,0
NCT04521946,Chemotherapy and Donor Stem Transplant for the Treatment of Patients With High Grade Brain Cancer,WITHDRAWN,1,high risk,PHASE1,INTERVENTIONAL,OTHER,ALL,ACTUAL,0.0,0.0,15,8,0,0,2728,840,2021.0,0,0,0,0,0,0
NCT00838227,Modafinil Augmentation in Chronic Schizophrenia and Schizoaffective Disorder,WITHDRAWN,1,high risk,PHASE2,INTERVENTIONAL,OTHER,ALL,ACTUAL,0.0,0.0,1,1,0,0,1075,418,2008.0,0,1,0,0,0,0
NCT05067842,Circulating Tumor DNA (ctDNA) in Locally Advanced Esophageal and Gastroesophageal (GE) Junction Adenocarcinoma,WITHDRAWN,1,high risk,MISSING,OBSERVATIONAL,OTHER,ALL,ACTUAL,0.0,0.0,1,1,1,1,3162,457,2022.0,0,1,1,0,0,0
NCT05808673,Study of CMAB807X Pre- and Post-change in Manufacturing Site and Xgeva® in Healthy Volunteers,WITHDRAWN,1,high risk,PHASE1,INTERVENTIONAL,INDUSTRY,MALE,ACTUAL,0.0,0.0,1,3,1,1,4607,371,2023.0,0,1,0,0,0,0
NCT01639456,CD3/CD19 Depleted or CD3 Depleted/CD56 Selected Haploid Donor Natural Killer Cell Treatment in Older AML in First Complete Remission,WITHDRAWN,1,high risk,PHASE2,INTERVENTIONAL,OTHER,ALL,ACTUAL,0.0,0.0,1,7,2,1,3134,633,2013.0,0,1,0,0,0,0
NCT02356822,Sarah Cannon Outcomes Registry,WITHDRAWN,1,high risk,MISSING,OBSERVATIONAL,OTHER,ALL,ACTUAL,0.0,0.0,1,1,1,1,386,527,2014.0,0,1,1,0,0,0
NCT06215729,The Therapeutic Effect of Computer-assisted Cognitive Function Training on Cognitive Dysphagia After Stroke,WITHDRAWN,1,high risk,MISSING,INTERVENTIONAL,OTHER,ALL,ACTUAL,0.0,0.0,3,3,1,1,775,648,2024.0,0,1,1,0,0,0
NCT06572631,Multi-antigen Specific CD8+ T Cells With Decitabine and Lymphodepleting Chemotherapy for the Treatment of Patients With Relapsed or Refractory AML or MDS Following an Allogeneic Hematopoietic Cell Transplantation From a Matched Donor,WITHDRAWN,1,high risk,PHASE1,INTERVENTIONAL,OTHER,ALL,ACTUAL,0.0,0.0,4,12,0,0,13211,1568,2025.0,0,1,0,0,0,0
NCT02885688,Early Metabolic Support as a Potential Solution to Multi-Organ Dysfunction Syndrome (MODS) During Severe Sepsis,WITHDRAWN,1,high risk,PHASE2,INTERVENTIONAL,OTHER,ALL,ACTUAL,0.0,0.0,1,2,0,0,3085,358,2016.0,0,1,0,0,0,0
NCT03374605,Modulating Context Generalization Through Transcranial Direct Current Stimulation,WITHDRAWN,1,high risk,MISSING,INTERVENTIONAL,OTHER,ALL,ACTUAL,0.0,0.0,1,2,1,1,888,752,2018.0,0,1,1,0,0,0
NCT05019066,Oral Herbal Combination Formulation and Hair Growth in Women,WITHDRAWN,1,high risk,MISSING,INTERVENTIONAL,OTHER,FEMALE,ACTUAL,0.0,0.0,2,1,0,0,2253,387,2021.0,0,1,1,0,0,0
NCT04361656,The Effect of Adding Lubiprostone to Standard Large-Volume PEG-ELS on The Quality of Inpatient Colonoscopy Preparation,WITHDRAWN,1,high risk,MISSING,OBSERVATIONAL,OTHER,ALL,ACTUAL,0.0,0.0,1,2,3,1,1420,947,2020.0,0,1,1,0,0,0
NCT00499551,A Phase I/IIa Study for the Treatment of Uveitis With Iontophoresis,WITHDRAWN,1,high risk,PHASE1; PHASE2,INTERVENTIONAL,OTHER,ALL,ACTUAL,0.0,0.0,1,1,1,1,1410,722,2007.0,0,0,0,0,0,0
NCT04757831,Coronavirus-19 (COVID-19) and Related Outcomes in School Aged Children (ABC Health Outcomes in Children),WITHDRAWN,1,high risk,MISSING,OBSERVATIONAL,OTHER,ALL,ACTUAL,0.0,0.0,1,0,0,0,630,459,2021.0,0,0,1,0,0,0
NCT05073562,Nutrition Intervention to Address Anemia Among Adolescent Girls in Liberia,WITHDRAWN,1,high risk,MISSING,INTERVENTIONAL,OTHER,FEMALE,ACTUAL,0.0,0.0,7,4,0,0,446,434,2021.0,0,0,1,0,0,0
NCT03832673,Pembrolizumab-Epacadostat Combination to Treat Muscle-invasive Bladder UrotheLIAl canceR: PECULIAR Study,WITHDRAWN,1,high risk,PHASE2,INTERVENTIONAL,OTHER,ALL,ACTUAL,0.0,0.0,1,2,1,1,5610,178,2019.0,0,1,0,0,0,0
NCT06077669,Multimodal Brain Imaging of Methylphenidate in Children and Adolescents With ADHD,WITHDRAWN,1,high risk,PHASE4,INTERVENTIONAL,OTHER,ALL,ACTUAL,0.0,0.0,1,2,1,1,1757,549,2024.0,1,0,0,0,0,0
NCT01674283,Effect of Glucagon on Uterine Contractility at the Time of Embryo Transfer in in Vitro Fertilization,WITHDRAWN,1,high risk,PHASE4,INTERVENTIONAL,INDUSTRY,FEMALE,ACTUAL,0.0,0.0,1,2,1,1,593,552,2013.0,1,1,0,0,0,0
NCT02875041,Non-Invasive TMS Neuromodulation for Enduring Balance & Locomotion Restoration in Parkinson's Disease,WITHDRAWN,1,high risk,MISSING,INTERVENTIONAL,OTHER,ALL,ACTUAL,0.0,0.0,1,2,1,1,1461,201,2016.0,0,1,1,0,0,0
NCT04097041,Surgery Compared to Masking Device for Venous Pulsatile Tinnitus,WITHDRAWN,1,high risk,MISSING,INTERVENTIONAL,OTHER,ALL,ACTUAL,0.0,0.0,1,2,0,0,248,154,2018.0,0,1,1,0,0,0
NCT06176794,Immediate Release Torsemide Versus Extended Release Torsemide After Salty Meal,WITHDRAWN,1,high risk,PHASE2,INTERVENTIONAL,INDUSTRY,ALL,ACTUAL,0.0,0.0,1,2,1,1,1805,2937,2024.0,0,1,0,0,0,0
NCT02292966,Impact of HCV Treatment on Neurocognitive Functions and Brain Metabolism,WITHDRAWN,1,high risk,PHASE4,INTERVENTIONAL,OTHER_GOV,ALL,ACTUAL,0.0,0.0,1,1,2,1,4009,527,2015.0,1,1,0,0,0,0
NCT01055756,"Clinical Trial Of The Effectiveness Of The Product Cloratadd D (Loratadine + Pseudoephedrine Sulfate) Produced By The Laboratory EMS S/A, Compared To The Drug Claritin D Produced By Schering-Plough S/A, In Patients With Allergic Rhinitis",WITHDRAWN,1,high risk,PHASE3,INTERVENTIONAL,INDUSTRY,ALL,ACTUAL,0.0,0.0,1,1,1,1,1871,396,2010.0,0,1,0,0,0,0
NCT03227627,Outcomes of Using LNMES on Tracheostomized Children,WITHDRAWN,1,high risk,MISSING,INTERVENTIONAL,OTHER,ALL,ACTUAL,0.0,0.0,1,2,0,0,1621,644,2017.0,0,0,1,0,0,0
NCT01097941,Effect of Age and Prior Immunity on Response to H1N1 Vaccines in Children,WITHDRAWN,1,high risk,PHASE4,INTERVENTIONAL,OTHER,ALL,ACTUAL,0.0,0.0,1,3,1,1,3734,522,2010.0,0,0,0,0,0,0
NCT02495805,Ultrasound-guided Continuous Proximal Adductor Canal vs Continuous Femoral Nerve Block for Postoperative Pain Control and Rehabilitation Following Total Knee Arthroplasty,WITHDRAWN,1,high risk,MISSING,INTERVENTIONAL,OTHER,ALL,ACTUAL,0.0,0.0,1,2,0,0,564,166,2015.0,0,1,1,0,0,0
NCT01137994,"A Phase II, Randomized, Open-label Study of Lapatinib Plus Chemotherapy Versus Trastuzumab Plus Chemotherapy in HER2-positive and p95HER2-positive Metastatic Breast Cancer",WITHDRAWN,1,high risk,PHASE2,INTERVENTIONAL,INDUSTRY,FEMALE,ACTUAL,0.0,0.0,1,5,0,0,4093,1094,2011.0,0,1,0,0,0,0
NCT00922831,Progression of Cognitive and Physical Symptoms in Multiple Sclerosis,WITHDRAWN,1,high risk,MISSING,OBSERVATIONAL,OTHER,ALL,ACTUAL,0.0,0.0,1,0,0,0,658,145,2008.0,0,1,1,0,0,0
NCT05065528,Mag Con: Efficacy of Oral Mag. in Acute Concussion in Adolescents,WITHDRAWN,1,high risk,MISSING,INTERVENTIONAL,OTHER,ALL,ACTUAL,0.0,0.0,2,2,1,1,659,268,2021.0,1,0,1,0,0,0
NCT01593579,Autonomic Phenotype Before and After Akt Inhibition,WITHDRAWN,1,high risk,MISSING,OBSERVATIONAL,OTHER,ALL,ACTUAL,0.0,0.0,1,2,1,1,533,358,2012.0,0,1,1,0,0,0
NCT03361319,Combination Nab-paclitaxel (N-P) and Nintedanib or N-P and Placebo in Relapsed NSCLC Adenocarcinoma,WITHDRAWN,1,high risk,PHASE1; PHASE2,INTERVENTIONAL,OTHER,ALL,ACTUAL,0.0,0.0,2,3,0,0,6241,126,2020.0,1,1,0,0,0,0
NCT01634880,Postoperative Radiotherapy and Panitumumab in High-Risk Salivary Gland Malignancies,WITHDRAWN,1,high risk,PHASE2,INTERVENTIONAL,OTHER,ALL,ACTUAL,0.0,0.0,1,1,1,1,2615,1130,2012.0,0,1,0,0,0,0
NCT00858975,Study of Cryotherapy for Renal Tumors,WITHDRAWN,1,high risk,MISSING,INTERVENTIONAL,OTHER,ALL,ACTUAL,0.0,0.0,1,1,1,1,196,144,2007.0,0,0,1,0,0,0
NCT00387296,Study of Functional Microarray-Facilitated Lidocaine Liposomal Cream Absorption for Cutaneous Anesthesia in Volunteers,WITHDRAWN,1,high risk,PHASE2,INTERVENTIONAL,OTHER,ALL,ESTIMATED,20.0,3.044522437723423,1,1,0,0,77,4908,2010.0,0,1,0,0,0,0
NCT01766128,Study of Zonisamide in Early Parkinson Disease,WITHDRAWN,1,high risk,PHASE2; PHASE3,INTERVENTIONAL,OTHER,ALL,ACTUAL,0.0,0.0,1,2,0,0,548,924,2013.0,1,1,0,0,0,0
NCT02623465,A Study of a New Type of Insulin in Participants With Type 2 Diabetes on Insulin Injection Therapy,WITHDRAWN,1,high risk,PHASE1,INTERVENTIONAL,INDUSTRY,ALL,ACTUAL,0.0,0.0,1,1,0,0,1297,419,2018.0,0,1,0,0,0,0
NCT02067416,PREDATOR: Neoadjuvant Gene Prediction for Breast Cancer,WITHDRAWN,1,high risk,PHASE2,INTERVENTIONAL,OTHER,ALL,ACTUAL,0.0,0.0,1,2,1,1,2561,291,2012.0,0,1,0,0,0,0
NCT03328416,Augmented Reality Headset as Adjunct Display Monitor in AMIGO,WITHDRAWN,1,high risk,MISSING,INTERVENTIONAL,OTHER,ALL,ACTUAL,0.0,0.0,3,1,1,1,299,472,2018.0,0,1,1,0,0,0
NCT06190249,Efficacy & Safety for LN144 With Pembrolizumab With High Risk Stage IIIb-dResectable Melanoma,WITHDRAWN,1,high risk,PHASE1,INTERVENTIONAL,OTHER,ALL,ACTUAL,0.0,0.0,3,6,0,0,7276,264,2024.0,0,1,0,0,0,0
NCT01728649,Reperfusion With Cooling in Cerebral Acute Ischemia II,WITHDRAWN,1,high risk,MISSING,INTERVENTIONAL,OTHER,ALL,ACTUAL,0.0,0.0,2,1,1,1,2846,554,2013.0,0,1,1,0,0,0
NCT01701349,Fosbretabulin or Placebo in Combination With Carboplatin/Paclitaxel in Anaplastic Thyroid Cancer,WITHDRAWN,1,high risk,PHASE3,INTERVENTIONAL,INDUSTRY,ALL,ACTUAL,0.0,0.0,1,2,0,0,3091,485,2015.0,1,1,0,0,0,0
NCT05178485,Treatment Efficacy of Local Anesthetic/Steroid Mixture Injection for Patients With Odynophonia,WITHDRAWN,1,high risk,PHASE4,INTERVENTIONAL,OTHER,ALL,ACTUAL,0.0,0.0,1,2,0,0,428,368,2023.0,1,1,0,0,0,0
NCT00890643,Effect of Prazosin on Neurophysiology and Cognition in Post-Traumatic Stress Disorder (PTSD),WITHDRAWN,1,high risk,MISSING,INTERVENTIONAL,FED,ALL,ACTUAL,0.0,0.0,1,2,1,1,1760,253,2009.0,1,1,1,0,0,0
NCT00257335,Intensity-Modulated Radiotherapy for Recurrent Head and Neck Cancer,WITHDRAWN,1,high risk,PHASE2,INTERVENTIONAL,OTHER,ALL,ACTUAL,0.0,0.0,1,1,0,0,3228,1660,2004.0,0,1,0,0,0,0
NCT02805868,"Siltuximab in Treating Patients With Primary, Post-Polycythemia Vera, or Post-Essential Thrombocythemia Myelofibrosis",WITHDRAWN,1,high risk,EARLY_PHASE1,INTERVENTIONAL,OTHER,ALL,ACTUAL,0.0,0.0,4,3,0,0,6937,543,2016.0,0,1,0,0,0,0
NCT04135326,Transcranial Direct Current Stimulation in Reducing Pain in Cancer Patients With Chemotherapy Induced Peripheral Neuropathy,WITHDRAWN,1,high risk,EARLY_PHASE1,INTERVENTIONAL,OTHER,ALL,ACTUAL,0.0,0.0,2,3,1,1,349,421,2019.0,0,1,0,0,0,0
NCT03996343,Airway Management and Weight in Children,WITHDRAWN,1,high risk,MISSING,INTERVENTIONAL,OTHER,ALL,ACTUAL,0.0,0.0,2,2,1,1,877,411,2019.0,0,0,1,0,0,0
NCT05058417,Assessment of Empagliflozin as Adjuvant Therapy in Patients With Ulcerative Colitis,WITHDRAWN,1,high risk,PHASE2,INTERVENTIONAL,OTHER,ALL,ACTUAL,0.0,0.0,1,2,1,1,1014,441,2021.0,1,1,0,0,0,0
NCT02776618,Polyglactin 910 vs Poligelecaprone 25 Running Subcuticular Closure of Elliptical Excision Wounds,WITHDRAWN,1,high risk,MISSING,INTERVENTIONAL,OTHER,ALL,ACTUAL,0.0,0.0,1,1,1,1,476,1255,2016.0,0,1,1,0,0,0
NCT04207138,To Study the Association Among Labor Pain and Physical Parameters in Laboring Pregnant Women,WITHDRAWN,1,high risk,MISSING,OBSERVATIONAL,OTHER,FEMALE,ACTUAL,0.0,0.0,1,0,1,1,428,715,2020.0,0,1,1,0,0,0
NCT04784338,Virtual Weight Management Shared Medical Visit,WITHDRAWN,1,high risk,MISSING,INTERVENTIONAL,OTHER,ALL,ACTUAL,0.0,0.0,2,2,0,0,515,1193,2021.0,0,1,1,0,0,0
NCT05156658,Pharmacokinetic Interactions of ENG Subdermal Implants with Long-Acting Cabotegravir (CAB-LA) and LA Rilpivirine (RPV-LA) (CARLA),WITHDRAWN,1,high risk,PHASE4,INTERVENTIONAL,NETWORK,FEMALE,ACTUAL,0.0,0.0,1,1,0,0,7483,561,2024.0,0,1,0,0,0,0
NCT04717817,Inspiratory Muscle Training Prior to Conventional and Minimal Invasive Heart Surgery,WITHDRAWN,1,high risk,MISSING,INTERVENTIONAL,OTHER,ALL,ACTUAL,0.0,0.0,4,2,0,0,637,497,2023.0,0,1,1,0,0,0
NCT00697489,Treatment of Urinary Stress Incontinence During or Following Correction of Pelvic Organ Prolapse,WITHDRAWN,1,high risk,PHASE4,INTERVENTIONAL,OTHER,FEMALE,ACTUAL,0.0,0.0,1,2,1,1,464,972,2008.0,0,1,0,0,0,0
NCT05276115,PTSD Interview Regarding Future Study Design and Equipment.,SUSPENDED,1,high risk,MISSING,OBSERVATIONAL,OTHER,ALL,ESTIMATED,15.0,2.772588722239781,1,1,1,1,133,551,2021.0,0,1,1,0,0,0
NCT05790135,Multiparametric Ultrasound Study in Diagnosing GvHD,SUSPENDED,1,high risk,MISSING,INTERVENTIONAL,OTHER,ALL,ESTIMATED,75.0,4.330733340286331,1,1,1,1,535,218,2022.0,0,1,1,0,0,0
NCT07285668,Prophylactic TCRaB+ and CD19+ Depleted Donor Lymphocyte Infusion After Allogeneic Stem Cell Transplant in High-Risk Patients With Hematologic Malignancies,SUSPENDED,1,high risk,MISSING,INTERVENTIONAL,OTHER,ALL,ESTIMATED,38.0,3.6635616461296463,1,1,1,1,2769,260,2026.0,0,1,1,0,0,0
NCT06234618,The Effect of Covered Eye Walking on Electroencephalogram in Stroke Patients Compared With Open Eye Walking,SUSPENDED,1,high risk,MISSING,OBSERVATIONAL,OTHER,ALL,ACTUAL,5.0,1.791759469228055,1,1,1,1,215,601,2024.0,0,1,1,0,0,0
NCT05457790,Feasibility and Preliminary Efficacy of Acceptance and Commitment Therapy (ACT) for Sleep Disturbances in Adults With Sickle Cell Disease (SCD),SUSPENDED,1,high risk,MISSING,INTERVENTIONAL,NIH,ALL,ACTUAL,3.0,1.3862943611198906,7,2,1,1,1896,1710,2024.0,0,1,1,0,0,0
NCT01435733,Parenting a Child With Autism Spectrum Disorder and Marital Status,SUSPENDED,1,high risk,MISSING,OBSERVATIONAL,OTHER_GOV,ALL,ESTIMATED,200.0,5.303304908059076,1,0,1,1,79,151,2011.0,0,0,1,0,0,0
NCT06610084,The Effect of Hypno Breastfeedıng and Progressıve Muscle Relaxatıon Exercıse on Breastfeedıng Self-Effıcacy and Breastfeedıng Motıvatıon,SUSPENDED,1,high risk,MISSING,INTERVENTIONAL,OTHER,FEMALE,ESTIMATED,120.0,4.795790545596741,1,2,1,1,599,3845,2024.0,0,1,1,0,0,0
NCT02775149,Dental Erosion in Patients With Gastro-oesophageal Reflux,SUSPENDED,1,high risk,MISSING,OBSERVATIONAL,OTHER,ALL,ESTIMATED,30.0,3.4339872044851463,1,2,0,0,392,716,2016.0,0,1,1,0,0,0
NCT04840134,From Hardship to Hope: A Peer-led Intervention to Reduce Financial Hardship and Suicide Risk,SUSPENDED,1,high risk,MISSING,INTERVENTIONAL,OTHER,ALL,ESTIMATED,96.0,4.574710978503383,5,2,1,1,2778,1757,2021.0,0,1,1,0,0,0
NCT05111561,Testing the Combination of the Anticancer Drugs ZEN003694 and Binimetinib in Patients With Advanced/Metastatic or Unresectable Solid Tumors With RAS Alterations and Triple Negative Breast Cancer,SUSPENDED,1,high risk,PHASE1,INTERVENTIONAL,NIH,ALL,ESTIMATED,42.0,3.7612001156935624,5,6,4,1,7939,1352,2022.0,0,1,0,0,0,0
NCT03071653,Left Cardiac Sympathetic Denervation for Cardiomyopathy Feasibility Pilot Study,SUSPENDED,1,high risk,PHASE2,INTERVENTIONAL,OTHER,ALL,ESTIMATED,30.0,3.4339872044851463,3,2,1,1,1623,740,2016.0,0,1,0,0,0,0
NCT02636205,The Use of Armeo Spring in Upper Extremity Rehabilitation,SUSPENDED,1,high risk,MISSING,INTERVENTIONAL,OTHER,ALL,ESTIMATED,15.0,2.772588722239781,3,1,0,0,463,943,2014.0,0,0,1,0,0,0
NCT00747669,Pharmacokinetic Study of Synera™ in Neonates and Infants,SUSPENDED,1,high risk,PHASE4,INTERVENTIONAL,INDUSTRY,ALL,ESTIMATED,11.0,2.4849066497880004,1,1,1,1,1064,116,2008.0,0,0,0,0,0,0
NCT03328741,Evaluation of a Web-based Platform for Osteoarthritis Treatment,SUSPENDED,1,high risk,MISSING,INTERVENTIONAL,OTHER,ALL,ESTIMATED,270.0,5.602118820879701,1,2,1,1,769,307,2018.0,0,1,1,0,0,0
NCT00048529,Study of T900607-Sodium in Subjects With Previously Treated Gastric Cancer or Adenocarcinoma of the Esophagus,SUSPENDED,1,high risk,PHASE2,INTERVENTIONAL,INDUSTRY,ALL,MISSING,70.0,4.2626798770413155,2,1,5,1,1737,248,2002.0,0,1,0,0,0,0
NCT00474331,Gene Mutations and Orthopaedic Symptoms Correlation of Multiple Hereditary Exostoses: Multicentre Project,SUSPENDED,1,high risk,MISSING,OBSERVATIONAL,OTHER,ALL,ESTIMATED,2000.0,7.601402334583733,1,0,1,1,204,682,2004.0,0,0,1,0,0,0
NCT02616172,Autologous Bone Marrow Harvest and Transplant for Sensorineural Hearing Loss,SUSPENDED,1,high risk,PHASE1; PHASE2,INTERVENTIONAL,OTHER,ALL,ESTIMATED,10.0,2.3978952727983707,1,1,1,1,2916,318,2015.0,0,0,0,0,0,0
NCT04190875,Post-Discharge Growth and Development of Infants Who Received Targeted Fortification in the NICU,SUSPENDED,1,high risk,MISSING,OBSERVATIONAL,OTHER,ALL,ESTIMATED,120.0,4.795790545596741,1,0,1,1,657,1990,2019.0,0,0,1,0,0,0
NCT05153395,Impact of Intranasal Insulin on Sympathetic Activity and Cerebral Vasodilation,SUSPENDED,1,high risk,EARLY_PHASE1,INTERVENTIONAL,OTHER,ALL,ESTIMATED,65.0,4.189654742026425,5,3,1,1,616,179,2021.0,0,1,0,0,0,0
NCT02117336,Clinical Study of Relapsed/Refractory Chronic Lymphocytic Leukemia (CLL),SUSPENDED,1,high risk,PHASE1,INTERVENTIONAL,INDUSTRY,ALL,ESTIMATED,36.0,3.6109179126442243,1,1,2,1,6819,386,2014.0,0,1,0,0,0,0
NCT07087938,Cannabichromene Safety in Rheumatoid Arthritis,SUSPENDED,1,high risk,PHASE1; PHASE2,INTERVENTIONAL,OTHER,ALL,ESTIMATED,25.0,3.258096538021482,1,1,1,1,1516,537,2028.0,0,1,0,0,0,0
NCT01772498,HRV Biofeedback for Brain Tumour Survivors,SUSPENDED,1,high risk,MISSING,INTERVENTIONAL,OTHER,ALL,ESTIMATED,15.0,2.772588722239781,3,1,1,1,1300,1262,2013.0,0,1,1,0,0,0
NCT01010321,Confocal Microscopy of Benign and Malignant Skin Tumors,SUSPENDED,1,high risk,MISSING,OBSERVATIONAL,OTHER_GOV,ALL,ESTIMATED,60.0,4.110873864173311,1,1,0,0,328,127,2009.0,0,1,1,0,0,0
NCT04558684,Radiotherapy With Neoadjuvant Chemotherapy and Immunotherapy in Rectal Cancer,SUSPENDED,1,high risk,PHASE1; PHASE2,INTERVENTIONAL,OTHER,ALL,ACTUAL,30.0,3.4339872044851463,4,3,1,1,2413,225,2019.0,0,1,0,0,0,0
NCT07247292,Epidemiological Study of Treatment Approaches on AQP4-IgG Positive NMOSD in Russia,SUSPENDED,1,high risk,MISSING,OBSERVATIONAL,INDUSTRY,ALL,ESTIMATED,100.0,4.61512051684126,2,0,1,1,293,214,2025.0,0,1,1,0,0,0
NCT05820633,Pelvic Nodes Ultra-Hypo vs Conventionally Fractionated IMRT With HDR Boost in Prostate Cancer.,SUSPENDED,1,high risk,MISSING,INTERVENTIONAL,OTHER,MALE,ESTIMATED,500.0,6.2166061010848646,3,8,11,1,591,708,2022.0,0,1,1,0,0,0
NCT00460278,Study of XL418 in Adults With Solid Tumors,SUSPENDED,1,high risk,PHASE1,INTERVENTIONAL,INDUSTRY,ALL,ESTIMATED,63.0,4.1588830833596715,2,1,2,1,3144,244,2007.0,0,1,0,0,0,0
NCT05904899,An Evaluation of the Implementation of the Care and Monitoring at Home Program- A New Paradigm for Acute Care Management of Cancer Patients,SUSPENDED,1,high risk,MISSING,OBSERVATIONAL,OTHER,ALL,ESTIMATED,40.0,3.713572066704308,1,0,1,1,484,222,2023.0,0,1,1,0,0,0
NCT00933348,Safety and Efficacy of the Fruit-based Product OPAL A for the Treatment of Chronic Venous and Pressure Ulcers,SUSPENDED,1,high risk,PHASE2,INTERVENTIONAL,INDUSTRY,ALL,ESTIMATED,30.0,3.4339872044851463,2,2,1,1,2132,154,2010.0,1,1,0,0,0,0
NCT04583826,sCAVA - Sleep Assessment Using the CAVA Device,SUSPENDED,1,high risk,MISSING,INTERVENTIONAL,OTHER,ALL,ESTIMATED,40.0,3.713572066704308,1,1,1,1,581,977,2020.0,0,1,1,0,0,0
NCT04860635,Safety of F14 Following Total Knee Replacement,SUSPENDED,1,high risk,PHASE2; PHASE3,INTERVENTIONAL,INDUSTRY,ALL,ESTIMATED,100.0,4.61512051684126,1,1,2,1,3583,113,2026.0,0,1,0,0,0,0
NCT01218490,Pelvic and Aortic-cava Lymphadenectomy Randomized for Ovarian Cancer,SUSPENDED,1,high risk,PHASE3,INTERVENTIONAL,OTHER,FEMALE,ESTIMATED,450.0,6.111467339502679,1,1,19,1,651,191,2008.0,0,1,0,0,0,0
NCT03302650,Angiotensin II for Septic Shock Treatment,SUSPENDED,1,high risk,PHASE3,INTERVENTIONAL,OTHER,ALL,ESTIMATED,20.0,3.044522437723423,1,3,1,1,349,135,2019.0,0,1,0,0,0,0
NCT06066749,Efficacy of Respiratory Protection Against the Effects of Wood Smoke Exposure in Young Healthy Adults,SUSPENDED,1,high risk,MISSING,INTERVENTIONAL,OTHER,ALL,ESTIMATED,50.0,3.9318256327243257,1,2,1,1,6092,1862,2024.0,0,1,1,0,0,0
NCT03021915,"Single Center, Prospective Controlled Pilot Study of the OvaPrime Procedure",SUSPENDED,1,high risk,MISSING,INTERVENTIONAL,INDUSTRY,ALL,ACTUAL,81.0,4.406719247264253,2,1,1,1,3002,1204,2016.0,0,1,1,0,0,0
NCT04880343,Clinical Study to Evaluate the Efficacy of the Dietary Supplement UROMANNOSA® in Women With Recurrent Lower Urinary Tract Infections,SUSPENDED,1,high risk,MISSING,INTERVENTIONAL,OTHER,FEMALE,ESTIMATED,108.0,4.6913478822291435,1,2,1,1,1378,186,2021.0,0,1,1,0,0,0
NCT06382649,Rivastigmine for Antimuscarinic Delirium,SUSPENDED,1,high risk,PHASE2,INTERVENTIONAL,OTHER,ALL,ESTIMATED,42.0,3.7612001156935624,1,2,1,1,2509,887,2026.0,1,0,0,0,0,0
NCT01301118,Graft Take and Microbiology in Burns,SUSPENDED,1,high risk,MISSING,OBSERVATIONAL,OTHER,ALL,ESTIMATED,30.0,3.4339872044851463,5,0,0,0,506,863,2010.0,0,1,1,0,0,0
NCT04250818,Predicting Response of Metastatic Triple Negative Breast Cancer to Immunotherapy Based on Patients Cytokine Profile,SUSPENDED,1,high risk,MISSING,OBSERVATIONAL,OTHER,FEMALE,ESTIMATED,20.0,3.044522437723423,1,0,1,1,205,449,2019.0,0,1,1,0,0,0
NCT04821752,Environmental Toxicants Avoidance Study,SUSPENDED,1,high risk,MISSING,INTERVENTIONAL,OTHER,ALL,ESTIMATED,20.0,3.044522437723423,3,1,1,1,888,357,2022.0,0,1,1,0,0,0
NCT04322305,Pregabalin Trial for the Treatment of Alcohol Use Disorder,SUSPENDED,1,high risk,PHASE2,INTERVENTIONAL,OTHER,ALL,ESTIMATED,50.0,3.9318256327243257,1,2,1,1,2113,349,2021.0,1,1,0,0,0,0
NCT04723472,Bismuth Quadruple Therapy With Cefuroxime for Helicobacter Pylori Eradication Treatment,SUSPENDED,1,high risk,MISSING,INTERVENTIONAL,OTHER,ALL,ESTIMATED,82.0,4.418840607796598,1,2,1,1,1277,259,2023.0,0,1,1,0,0,0
NCT05465395,Upper Cervical and Thoracic Chiropractic Adjustment,SUSPENDED,1,high risk,MISSING,INTERVENTIONAL,OTHER,ALL,ESTIMATED,40.0,3.713572066704308,1,2,1,1,257,1096,2021.0,0,1,1,0,0,0
NCT05534737,Clinical Trial on the Effectiveness of the Model of Centered Care in the Person in the Geriatric Population at Home(Project AICP.Com),SUSPENDED,1,high risk,MISSING,INTERVENTIONAL,OTHER,ALL,ESTIMATED,240.0,5.484796933490655,1,2,1,1,1368,920,2022.0,0,1,1,0,0,0
NCT04746131,Safety and Pharmacokinetic Study of IMM0306 in Patients With Refractory or Relapsed CD20-positive B-cell Non-Hodgkin's Lymphoma (B-NHL),SUSPENDED,1,high risk,PHASE1,INTERVENTIONAL,OTHER,ALL,ESTIMATED,90.0,4.51085950651685,1,1,1,1,342,169,2021.0,0,1,0,0,0,0
NCT01887730,Hand Hygiene Intervention Study in Finnish Garrison,SUSPENDED,1,high risk,MISSING,INTERVENTIONAL,OTHER_GOV,ALL,ACTUAL,1120.0,7.02197642307216,1,3,1,1,134,516,2012.0,0,0,1,0,0,0
NCT02747914,Repetitive Transcranial Magnetic Stimulation for Lower Limb Spasticity in Multiple Sclerosis Patients,SUSPENDED,1,high risk,MISSING,INTERVENTIONAL,OTHER,ALL,ESTIMATED,40.0,3.713572066704308,1,2,1,1,590,1260,2021.0,0,0,1,0,0,0
NCT06813768,Treatment of Rectovaginal Crohn's Fistula by Combination of TAAM Injection and Biological Plug Placement,SUSPENDED,1,high risk,MISSING,INTERVENTIONAL,OTHER,FEMALE,ACTUAL,3.0,1.3862943611198906,2,1,1,1,955,114,2023.0,0,1,1,0,0,0
NCT04278768,Dose Escalation/ Expansion Study of CA-4948 as Monotherapy in Patients With Acute Myelogenous Leukemia (AML) or Myelodysplastic Syndrome (MDS),SUSPENDED,1,high risk,PHASE1; PHASE2,INTERVENTIONAL,INDUSTRY,ALL,ESTIMATED,366.0,5.905361848054571,2,3,32,8,4232,1355,2020.0,0,1,0,0,0,0
NCT00916890,Prospective Study About Clinical and Pharmacogenetic Safety of Opioid Use for Chronic Pain,SUSPENDED,1,high risk,PHASE4,INTERVENTIONAL,OTHER,ALL,ESTIMATED,320.0,5.771441123130016,1,4,6,1,417,1194,2009.0,0,1,0,0,0,0
NCT03745040,Liposomal Bupivacaine in One-level Instrumented Posterior Spinal Fusion,SUSPENDED,1,high risk,PHASE4,INTERVENTIONAL,OTHER,ALL,ESTIMATED,60.0,4.110873864173311,4,1,2,1,1200,169,2019.0,0,1,0,0,0,0
NCT05689710,The Effects of Inositol on Glucose Metabolism in Patients With Metabolic Syndrome at Risk of Cardiac Fibrosis,SUSPENDED,1,high risk,MISSING,INTERVENTIONAL,INDUSTRY,ALL,ESTIMATED,30.0,3.4339872044851463,2,1,1,1,262,205,2022.0,0,0,1,0,0,0
NCT00892346,Single Autologous Stem Cell Transplantation Followed by Maintenance Therapy as Front-line Treatment for Myeloma,SUSPENDED,1,high risk,PHASE3,INTERVENTIONAL,OTHER,ALL,ESTIMATED,80.0,4.394449154672439,1,1,1,1,1170,400,2009.0,0,1,0,0,0,0
NCT06060561,Genetic Testing to Improve Management of Patients Undergoing Breast Biopsy,SUSPENDED,1,high risk,MISSING,OBSERVATIONAL,OTHER,FEMALE,ESTIMATED,500.0,6.2166061010848646,1,1,1,1,256,276,2023.0,0,1,1,0,0,0
NCT07433062,A Study to Evaluate the Effect of AZD6793 on the Pharmacokinetics and Pharmacodynamics of Metformin in Participants With Type 2 Diabetes Mellitus,SUSPENDED,1,high risk,PHASE1,INTERVENTIONAL,INDUSTRY,ALL,ESTIMATED,28.0,3.367295829986474,1,2,1,1,727,166,2026.0,1,1,0,0,0,0
NCT01620788,Comparison of Losartan Associated With Indapamide Versus Hyzaar® in the Hypertension Treatment,SUSPENDED,1,high risk,PHASE3,INTERVENTIONAL,INDUSTRY,ALL,ESTIMATED,636.0,6.456769655572163,1,4,1,1,1648,168,2019.0,0,1,0,0,0,0
NCT05630105,Cancer Risk Assessment in Patients With a Constitutional Alteration of the PTEN Gene,SUSPENDED,1,high risk,MISSING,OBSERVATIONAL,OTHER,ALL,ESTIMATED,430.0,6.066108090103747,1,0,45,1,978,210,2023.0,0,0,1,0,0,0
NCT05864703,Instantaneous EEG Changes Following Chiropractic Adjustment or Sham,SUSPENDED,1,high risk,MISSING,INTERVENTIONAL,OTHER,ALL,ESTIMATED,30.0,3.4339872044851463,1,2,1,1,2240,897,2024.0,0,1,1,0,0,0
NCT04394182,Ultra Low Doses of Therapy With Radiation Applicated to COVID-19,SUSPENDED,1,high risk,MISSING,INTERVENTIONAL,NETWORK,ALL,ESTIMATED,15.0,2.772588722239781,2,9,2,1,1585,855,2020.0,0,1,1,0,0,0
NCT00569413,A Combined Psycho-pharmacological and Brain Imaging Study of Human Sexuality,SUSPENDED,1,high risk,MISSING,OBSERVATIONAL,OTHER,ALL,ESTIMATED,40.0,3.713572066704308,2,0,0,0,310,427,2011.0,0,1,1,0,0,0
NCT01545960,Evaluating Acupuncture Points With Scanning Kelvin Probe,SUSPENDED,1,high risk,MISSING,OBSERVATIONAL,OTHER,ALL,ESTIMATED,24.0,3.2188758248682006,3,1,1,1,406,129,2011.0,0,1,1,0,0,0
NCT03843320,Impact of SAVR and TAVR on Patient's Activity and Mobility,SUSPENDED,1,high risk,MISSING,OBSERVATIONAL,OTHER,ALL,ESTIMATED,340.0,5.831882477283517,1,5,2,1,603,1479,2021.0,0,1,1,0,0,0
NCT06027060,Observational Study on Monitoring NSAID-Induced Gastropathy in Patients Using Magnetically-Controlled Capsule Gastroscopy,SUSPENDED,1,high risk,MISSING,OBSERVATIONAL,OTHER,ALL,ESTIMATED,180.0,5.198497031265826,1,0,1,1,454,206,2025.0,0,1,1,0,0,0
NCT05358704,Preoperative ChemoRadiation And FOLFOXIRI for Rectal Cancer (CRAFTER) for Rectal Cancer,SUSPENDED,1,high risk,PHASE2,INTERVENTIONAL,OTHER,ALL,ESTIMATED,38.0,3.6635616461296463,1,1,5,1,5626,746,2022.0,0,1,0,0,0,0
NCT04177004,Human Lysozyme Goat Milk for the Prevention of Graft Versus Host Disease in Patients With Blood Cancer Undergoing a Donor Stem Cell Transplant,SUSPENDED,1,high risk,PHASE1,INTERVENTIONAL,OTHER,ALL,ESTIMATED,53.0,3.9889840465642745,2,8,1,1,3071,879,2021.0,0,0,0,0,0,0
NCT03175744,Stellarex DCB Versus Standard Balloon Angioplasty for Treatment of Below-The-Knee (BTK) Arteries,SUSPENDED,1,high risk,MISSING,INTERVENTIONAL,INDUSTRY,ALL,ACTUAL,82.0,4.418840607796598,1,2,21,5,431,151,2017.0,0,1,1,0,0,0
NCT07388563,Azacitidine and Abatacept in Relapsed or Refractory T-Cell Lymphoma,SUSPENDED,1,high risk,PHASE1,INTERVENTIONAL,NIH,ALL,ESTIMATED,20.0,3.044522437723423,6,2,1,1,4945,1495,2026.0,0,1,0,0,0,0
NCT05647694,V-NAV Usability Study: End Users Trying the Vortant Indoor Navigation Tool,SUSPENDED,1,high risk,MISSING,INTERVENTIONAL,OTHER,ALL,ESTIMATED,16.0,2.833213344056216,1,1,1,1,424,600,2025.0,0,0,1,0,0,0
NCT02983240,Electrical Inhibition of Human Preterm Contractions,SUSPENDED,1,high risk,MISSING,INTERVENTIONAL,INDUSTRY,FEMALE,ESTIMATED,110.0,4.709530201312334,3,1,1,1,1944,634,2017.0,0,1,1,0,0,0
NCT06387979,Advanced Development of Desorption Electrospray Ionization Mass Spectrometry for Intraoperative Molecular Diagnosis of Brain Cancer Using Pathology Biopsies,SUSPENDED,1,high risk,MISSING,OBSERVATIONAL,OTHER,ALL,ESTIMATED,285.0,5.655991810819852,1,1,1,1,233,121,2020.0,0,1,1,0,0,0
NCT03433950,Clinical Characteristics of Parkinson's Disease Subjects With Severe Hypertension During Motor OFFs.,SUSPENDED,1,high risk,MISSING,OBSERVATIONAL,OTHER,ALL,ESTIMATED,10.0,2.3978952727983707,3,1,1,1,663,949,2018.0,0,1,1,0,0,0
NCT01571791,Perioperative Ketorolac-lidocaine in the Patients With Valvular Heart Diseases During Cesarean Delivery,SUSPENDED,1,high risk,PHASE2,INTERVENTIONAL,OTHER,FEMALE,ESTIMATED,90.0,4.51085950651685,2,2,1,1,745,1681,2012.0,1,1,0,0,0,0
NCT05736380,The Effects of Cerebellar rTMS on Brain Activity,SUSPENDED,1,high risk,MISSING,INTERVENTIONAL,OTHER,ALL,ESTIMATED,8.0,2.1972245773362196,1,2,1,1,271,1360,2025.0,0,1,1,0,0,0
NCT02203383,The Effect of CRT on the Hypercapnic Ventilatory Response,SUSPENDED,1,high risk,MISSING,OBSERVATIONAL,OTHER,ALL,ESTIMATED,40.0,3.713572066704308,2,1,1,1,339,762,2014.0,0,1,1,0,0,0
NCT04301076,"Testing the Addition of an Anti-cancer Drug, Lenalidomide, to the Usual Combination Chemotherapy Treatment (""EPOCH"") for Adult T-Cell Leukemia-Lymphoma (ATLL)",SUSPENDED,1,high risk,PHASE1,INTERVENTIONAL,NIH,ALL,ESTIMATED,30.0,3.4339872044851463,4,10,19,1,8203,983,2021.0,0,1,0,0,0,0
NCT04838223,Neurosensory Abnormalities in SymptomAtic Ocular Surface Patients (NASA),SUSPENDED,1,high risk,MISSING,OBSERVATIONAL,OTHER,ALL,ESTIMATED,1000.0,6.90875477931522,2,5,16,1,659,134,2021.0,0,1,1,0,0,0
NCT03334162,Playful Sensorimotor Training in Pediatric Brain Tumor Patients,SUSPENDED,1,high risk,MISSING,INTERVENTIONAL,OTHER,ALL,ESTIMATED,20.0,3.044522437723423,4,1,1,1,654,2380,2019.0,0,0,1,0,0,0
NCT05955261,A Study of Venetoclax in Combination With Conventional Chemotherapy in Pediatric Patients With Acute Myeloid Leukemia,SUSPENDED,1,high risk,PHASE2,INTERVENTIONAL,OTHER,ALL,ESTIMATED,70.0,4.2626798770413155,1,10,10,1,1883,684,2023.0,0,0,0,0,0,0
NCT05419479,Switch Maintenance in Pancreatic,SUSPENDED,1,high risk,PHASE1; PHASE2,INTERVENTIONAL,OTHER,ALL,ESTIMATED,46.0,3.8501476017100584,4,4,1,1,10572,452,2022.0,0,1,0,0,0,0
NCT03771105,The Impact of Phosphate Metabolism on Healthy Aging,SUSPENDED,1,high risk,EARLY_PHASE1,INTERVENTIONAL,OTHER,ALL,ESTIMATED,30.0,3.4339872044851463,5,1,1,1,1125,350,2019.0,0,0,0,0,0,0
NCT04306939,Genomic Resources for Enhancing Available Therapies (GREAT1.0) Study,SUSPENDED,1,high risk,MISSING,OBSERVATIONAL,OTHER,ALL,ESTIMATED,120000.0,11.695255355062795,27,3,1,1,865,460,2014.0,0,0,1,0,0,0
NCT06916780,Elhafez Technique Combined With Dynamic Scapulohumeral Mobilization in Shoulder Adhesive Capsulitis,SUSPENDED,1,high risk,MISSING,INTERVENTIONAL,OTHER,ALL,ESTIMATED,90.0,4.51085950651685,1,1,1,1,761,90,2025.0,0,1,1,0,0,0
NCT04031469,A Non-Interventional Pilot Study to Explore the Role of Gut Flora in Disease,SUSPENDED,1,high risk,MISSING,OBSERVATIONAL,OTHER,ALL,ESTIMATED,1000.0,6.90875477931522,80,1,1,1,874,121,2019.0,0,0,1,0,0,0
NCT04056741,Administration of Surfactant Through an Instillation Device Infasurf® (Calfactant) in Neonates- A Pilot Study,SUSPENDED,1,high risk,PHASE2,INTERVENTIONAL,INDUSTRY,ALL,ESTIMATED,55.0,4.02535169073515,3,1,4,1,733,176,2025.0,0,0,0,0,0,0
NCT03756922,A DDI Study of FDL169 and FDL176 in Healthy Subjects,SUSPENDED,1,high risk,PHASE1; PHASE2,INTERVENTIONAL,OTHER,ALL,ESTIMATED,78.0,4.3694478524670215,1,2,1,1,3257,203,2018.0,0,1,0,0,0,0
NCT05387239,Safety and Effectiveness of VL-PX10 + VL-P22 Treatment on Pulmonary Fibrosis Secondary to Covid-19,SUSPENDED,1,high risk,PHASE2,INTERVENTIONAL,INDUSTRY,ALL,ESTIMATED,20.0,3.044522437723423,2,2,1,1,2059,683,2022.0,1,1,0,0,0,0
NCT00316745,IRIS Followed by mFOLFOX6 or the Reverse Sequence in Advanced Colorectal Cancer,SUSPENDED,1,high risk,PHASE3,INTERVENTIONAL,OTHER,ALL,ESTIMATED,200.0,5.303304908059076,1,5,1,1,1836,297,2006.0,0,1,0,0,0,0
NCT06429657,Ketamine for Sedation in Severe Traumatic Brain Injury,SUSPENDED,1,high risk,PHASE4,INTERVENTIONAL,OTHER,ALL,ESTIMATED,50.0,3.9318256327243257,3,2,1,1,414,260,2024.0,0,1,0,0,0,0
NCT04541381,The PhOCus Trial: Implementation of Pharmacogenomic Testing in Oncology Care,SUSPENDED,1,high risk,MISSING,INTERVENTIONAL,OTHER,ALL,ESTIMATED,860.0,6.7580945044277305,5,1,1,1,1638,654,2022.0,0,1,1,0,0,0
NCT05484219,Functional Navigation in Surgery of Cerebral Tumors and Vascular Malformations,SUSPENDED,1,high risk,MISSING,INTERVENTIONAL,OTHER_GOV,ALL,ESTIMATED,50.0,3.9318256327243257,3,1,1,1,722,201,2022.0,0,1,1,0,0,0
NCT00295230,Effects of Volume Guarantee With Pressure Supported vs. Synchronized Intermittent Mandatory Ventilation in VLBW Infants,SUSPENDED,1,high risk,MISSING,OBSERVATIONAL,OTHER,ALL,ESTIMATED,16.0,2.833213344056216,1,1,1,1,637,1077,2006.0,0,0,1,0,0,0
NCT04070092,The Impact of Traumatic Brain Injury in the Elderly,SUSPENDED,1,high risk,MISSING,OBSERVATIONAL,OTHER,ALL,ESTIMATED,100.0,4.61512051684126,1,0,1,1,970,764,2019.0,0,1,1,0,0,0
NCT02142998,A Prospective Blinded Randomized Study Comparing Laparoscopic Sleeve Gastrectomy and Laparoscopic Roux-en-y Gastric Bypass and Their Effect on Gastro-Esophageal Reflux Disease Using 24 Horus pH Monitoring,SUSPENDED,1,high risk,MISSING,INTERVENTIONAL,OTHER,ALL,ESTIMATED,100.0,4.61512051684126,1,2,1,1,1070,1250,2014.0,0,1,1,0,0,0
NCT02179814,Neural Response to Catecholamine Depletion in Subjects Suffering From Bulimia Nervosa in Their Past and Healthy Controls,SUSPENDED,1,high risk,MISSING,INTERVENTIONAL,OTHER,FEMALE,ESTIMATED,60.0,4.110873864173311,5,3,1,1,1253,2375,2012.0,1,1,1,0,0,0
NCT04347109,cArdiac Non Invasive MApping in resynchronizaTION,SUSPENDED,1,high risk,MISSING,OBSERVATIONAL,OTHER,ALL,ESTIMATED,50.0,3.9318256327243257,1,1,1,1,201,239,2019.0,0,1,1,0,0,0
NCT04975048,"SREBF1 Polymorphism and Egg Yolk on Cardiovascular Disease Risk in Healthy Young Adults: a Randomised, Two-period, Single Blinded, Crossover Trial",SUSPENDED,1,high risk,MISSING,INTERVENTIONAL,OTHER,ALL,ACTUAL,64.0,4.174387269895637,2,2,1,1,1278,642,2019.0,0,1,1,0,0,0
NCT06806228,Phase I Pilot Study to Evaluate the Anti-glioblastoma Effect of S-Gboxin in Standard Treatment of Glioblastoma/Diffuse Midline Glioma and Response to Treatment (Regardless of Mutation Status),SUSPENDED,1,high risk,PHASE1,INTERVENTIONAL,OTHER,ALL,ESTIMATED,10.0,2.3978952727983707,5,1,3,3,614,227,2026.0,0,1,0,0,0,0
NCT02742428,Preoperative Ascites Drainage Versus Standard Care for Patients With Advanced Ovarian Cancer,SUSPENDED,1,high risk,MISSING,INTERVENTIONAL,OTHER_GOV,FEMALE,ESTIMATED,40.0,3.713572066704308,3,5,1,1,544,2350,2018.0,0,1,1,0,0,0
NCT00226109,Clinical Trial Studying the Effects of Spironolactone on Heart and Skeletal Muscle Function in Chronic Alcoholics,SUSPENDED,1,high risk,PHASE4,INTERVENTIONAL,OTHER,MALE,ESTIMATED,40.0,3.713572066704308,2,1,1,1,287,331,2004.0,1,1,0,0,0,0
NCT02728284,Evaluation of Cardiac Function With Cardio-respiratory Synchronized MRI,SUSPENDED,1,high risk,MISSING,INTERVENTIONAL,OTHER,ALL,ESTIMATED,100.0,4.61512051684126,1,2,1,1,894,986,2018.0,0,0,1,0,0,0
NCT04054687,Intranasal TXA for Anterior Epistaxis in the Emergency Department,SUSPENDED,1,high risk,PHASE2,INTERVENTIONAL,OTHER,ALL,ESTIMATED,86.0,4.465908118654584,1,2,2,1,633,190,2019.0,1,1,0,0,0,0
NCT05183204,"Paxalisib With a High Fat, Low Carb Diet and Metformin for Glioblastoma",SUSPENDED,1,high risk,PHASE2,INTERVENTIONAL,OTHER,ALL,ESTIMATED,33.0,3.5263605246161616,1,3,1,1,11154,485,2022.0,0,1,0,0,0,0
NCT03909750,Use of Autologous Stem/Stromal Cells In Chronic Lung Disorders: Obstructive (COPD) & Restrictive (RLD),SUSPENDED,1,high risk,PHASE1,INTERVENTIONAL,INDUSTRY,ALL,ESTIMATED,50.0,3.9318256327243257,2,3,2,2,1288,1911,2019.0,0,1,0,0,0,0
NCT05732818,Lumbar Operatively Inserted PerQdisc Artificial Implant Following Nuclectomy 3,SUSPENDED,1,high risk,MISSING,INTERVENTIONAL,INDUSTRY,ALL,ESTIMATED,50.0,3.9318256327243257,8,1,2,2,4692,519,2023.0,0,1,1,0,0,0
NCT04639635,CNGB1 and Allied Disorders,SUSPENDED,1,high risk,MISSING,OBSERVATIONAL,OTHER,ALL,ESTIMATED,20.0,3.044522437723423,1,1,6,4,199,1065,2019.0,0,0,1,0,0,0
NCT04065958,Yoga-mindfulness for Pain Management in Inflammatory Arthritis,SUSPENDED,1,high risk,MISSING,INTERVENTIONAL,OTHER,ALL,ESTIMATED,60.0,4.110873864173311,3,2,2,1,892,244,2019.0,0,1,1,0,0,0
NCT05617638,Impact of Virtual Reality (e-Nature VR) During Hospitalization in Adult Intensive Care Unit,SUSPENDED,1,high risk,MISSING,INTERVENTIONAL,OTHER,ALL,ESTIMATED,212.0,5.3612921657094255,1,1,1,1,731,241,2023.0,0,1,1,0,0,0
NCT06030648,MT2022-01: MSCs for ALD,SUSPENDED,1,high risk,PHASE1,INTERVENTIONAL,OTHER,ALL,ESTIMATED,10.0,2.3978952727983707,1,1,1,1,842,449,2023.0,0,0,0,0,0,0
NCT04316000,Anxiety and Fear of Cancer Before and After Banding Without Resection in Small SET Management (QUALI-BANDING-SET),SUSPENDED,1,high risk,MISSING,OBSERVATIONAL,OTHER,ALL,ESTIMATED,150.0,5.017279836814924,1,4,7,1,1105,209,2019.0,0,1,1,0,0,0
NCT06223152,Evaluation of the Effectiveness of a Guidance Program for Parents of Deaf Children,SUSPENDED,1,high risk,MISSING,INTERVENTIONAL,OTHER,ALL,ESTIMATED,10.0,2.3978952727983707,1,1,1,1,95,1617,2021.0,0,0,1,0,0,0
NCT01273779,Safety and Efficacy of Talactoferrin Alfa in Patients With Severe Sepsis,SUSPENDED,1,high risk,PHASE2; PHASE3,INTERVENTIONAL,INDUSTRY,ALL,ESTIMATED,1280.0,7.155396301896734,1,2,100,10,952,156,2011.0,1,1,0,0,0,0
NCT00459823,"A Dose Escalation Study of E7107 Administered IV (Bolus) on Days 1, 8, and 15 Every 28 Days to Patients With Solid Tumours",SUSPENDED,1,high risk,PHASE1,INTERVENTIONAL,INDUSTRY,ALL,ESTIMATED,40.0,3.713572066704308,1,1,2,2,3423,302,2007.0,0,1,0,0,0,0
NCT04145674,"A Proof of Concept, Phase 2, Double-blind, Randomized Trial With d-Methadone Product Versus Placebo",SUSPENDED,1,high risk,PHASE2,INTERVENTIONAL,OTHER,ALL,ESTIMATED,50.0,3.9318256327243257,1,2,4,2,1762,468,2022.0,1,1,0,0,0,0
NCT01925443,Effects of Low Power Laser Therapy on Muscle Performance Isokinetic Pre-exercise in Individuals With Diabetes Mellitus Type II,SUSPENDED,1,high risk,MISSING,INTERVENTIONAL,OTHER,ALL,ESTIMATED,60.0,4.110873864173311,1,1,1,1,506,453,2015.0,0,1,1,0,0,0
NCT03604250,The January Application NUtritional Study (JANUS),SUSPENDED,1,high risk,MISSING,INTERVENTIONAL,INDUSTRY,ALL,ESTIMATED,14.0,2.70805020110221,1,1,1,1,5082,426,2021.0,0,1,1,0,0,0
NCT02262221,Health and Economic Outcomes of Two Different Follow up Strategies in Effectively Cured Advanced Head and Neck Cancer,SUSPENDED,1,high risk,MISSING,INTERVENTIONAL,OTHER,ALL,ESTIMATED,330.0,5.802118375377063,1,1,15,2,1590,517,2014.0,0,1,1,0,0,0
NCT04108221,Study Comparing Two Methods of TransversusAbdominis Plane,SUSPENDED,1,high risk,MISSING,INTERVENTIONAL,OTHER,ALL,ESTIMATED,140.0,4.948759890378168,1,1,1,1,495,59,2019.0,0,1,1,0,0,0
NCT01257412,Evaluation of Efficacy and Safety of Dapagliflozin as Monotherapy in Subjects With Type 2 Diabetes Who Have Inadequate Glycaemic Control With Diet and Exercise Alone,SUSPENDED,1,high risk,PHASE3,INTERVENTIONAL,INDUSTRY,ALL,ESTIMATED,375.0,5.929589143389895,1,3,15,1,709,202,2012.0,1,1,0,0,0,0
NCT05259306,Low-Intensity Focused Ultrasound Neuromodulation of the Mediodorsal Thalamus for Treatment-Resistant Schizophrenia,SUSPENDED,1,high risk,MISSING,INTERVENTIONAL,OTHER,ALL,ESTIMATED,3.0,1.3862943611198906,1,1,1,1,2572,206,2027.0,0,1,1,0,0,0
NCT01132417,In Vitro Activity of Tigecycline Among Key Bacterial Pathogens Exhibiting Multidrug Resistance,SUSPENDED,1,high risk,MISSING,OBSERVATIONAL,OTHER,ALL,ESTIMATED,500.0,6.2166061010848646,1,1,1,1,117,305,2009.0,0,0,1,0,0,0
NCT01636323,"Smoked Nicotine Induced Changes in Hormone Function, Mood States and Behaviors",SUSPENDED,1,high risk,MISSING,INTERVENTIONAL,OTHER,FEMALE,ESTIMATED,300.0,5.707110264748875,1,1,1,1,2367,283,2008.0,0,1,1,0,0,0
NCT06549296,Clinical Study on Targeted CD19CAR-T Therapy for Autoimmune Diseases,SUSPENDED,1,high risk,EARLY_PHASE1,INTERVENTIONAL,INDUSTRY,ALL,ESTIMATED,12.0,2.5649493574615367,6,1,1,1,5165,224,2024.0,0,1,0,0,0,0
NCT05887882,Intra-Tumoral Injections of Natural Killer Cells for Recurrent Malignant Pediatric Brain Tumors,SUSPENDED,1,high risk,PHASE1,INTERVENTIONAL,OTHER,ALL,ESTIMATED,24.0,3.2188758248682006,3,4,10,1,6398,789,2024.0,0,0,0,0,0,0
NCT01859169,Safety and Efficiency of Photodynamic Therapy for Blie Duct Carcinoma,SUSPENDED,1,high risk,MISSING,OBSERVATIONAL,OTHER,ALL,ESTIMATED,100.0,4.61512051684126,1,1,1,1,229,289,2013.0,0,1,1,0,0,0
NCT01477866,Utility Of Citogenex Administration In Patients With Colon-Rectal Cancer,SUSPENDED,1,high risk,MISSING,INTERVENTIONAL,OTHER,ALL,ESTIMATED,250.0,5.5254529391317835,1,2,1,1,49,134,,0,1,1,0,0,0
NCT06189131,The Use of Ventriject to Assess V02Max in Patients Admitted to Hospital in the Emergency Surgery Setting,SUSPENDED,1,high risk,MISSING,INTERVENTIONAL,OTHER,ALL,ESTIMATED,68.0,4.23410650459726,2,1,1,1,277,328,2023.0,0,1,1,0,0,0
NCT06860386,Study of Adaptive Immunotherapy With VEGFR-TKI in Patients With Advanced RCC,SUSPENDED,1,high risk,PHASE2,INTERVENTIONAL,OTHER,ALL,ESTIMATED,75.0,4.330733340286331,2,2,1,1,6807,163,2025.0,0,1,0,0,0,0
NCT06002282,HPV Vaccine Confident Families,SUSPENDED,1,high risk,MISSING,INTERVENTIONAL,OTHER,ALL,ESTIMATED,70.0,4.2626798770413155,1,2,1,1,672,269,2025.0,0,1,1,0,0,0
NCT06354023,Human Growth Hormone Injections in the Knee Joint to Treat Osteoarthritis,SUSPENDED,1,high risk,PHASE2,INTERVENTIONAL,OTHER,ALL,ESTIMATED,23.0,3.1780538303479458,1,1,1,1,1058,1349,2025.0,0,1,0,0,0,0
NCT05175196,CandyCollect Strep Throat Testing,SUSPENDED,1,high risk,MISSING,INTERVENTIONAL,OTHER,ALL,ESTIMATED,210.0,5.351858133476067,1,2,1,1,616,416,2023.0,0,0,1,0,0,0
NCT05624359,Flurbiprofen Axetil as an Adjuvant to Pre-emptive Scalp Infiltration,SUSPENDED,1,high risk,MISSING,INTERVENTIONAL,OTHER,ALL,ESTIMATED,216.0,5.37989735354046,1,2,1,1,842,733,2023.0,0,1,1,0,0,0
NCT06143059,The Effects of Sex Hormones and Alcohol on Sleep,SUSPENDED,1,high risk,PHASE3,INTERVENTIONAL,OTHER,ALL,ESTIMATED,130.0,4.875197323201151,1,2,1,1,1639,1483,2024.0,1,1,0,0,0,0
NCT04579796,The Accuracy of Ultrasound in the Detection of Placenta Site in the First Trimester.,SUSPENDED,1,high risk,MISSING,INTERVENTIONAL,OTHER_GOV,FEMALE,ESTIMATED,25.0,3.258096538021482,1,2,1,1,193,406,2019.0,0,1,1,0,0,0
NCT03546335,Zr-89 Cimzia PET Imaging Rheumatoid Arthritis,SUSPENDED,1,high risk,PHASE1,INTERVENTIONAL,OTHER,ALL,ESTIMATED,10.0,2.3978952727983707,1,1,1,1,1407,305,2018.0,0,1,0,0,0,0
NCT03180450,The Study of Heart Failure With Human Umbilical Cord Mesenchymal Stem Cells (19#iSCLife®-HF),SUSPENDED,1,high risk,PHASE1; PHASE2,INTERVENTIONAL,INDUSTRY,ALL,ESTIMATED,60.0,4.110873864173311,1,2,1,1,1253,156,2025.0,0,1,0,0,0,0
NCT03461419,Use of Stromal Vascular Fraction in Multiple Sclerosis,SUSPENDED,1,high risk,MISSING,INTERVENTIONAL,INDUSTRY,ALL,ESTIMATED,100.0,4.61512051684126,2,3,2,2,1722,619,2019.0,0,1,1,0,0,0
NCT07039630,A Food Security Intervention for the Prevention of Cancer in Low-income Families,SUSPENDED,1,high risk,MISSING,INTERVENTIONAL,OTHER,ALL,ESTIMATED,50.0,3.9318256327243257,1,6,1,1,580,1061,2026.0,0,1,1,0,0,0
NCT04208893,Exercise Training Strategies for Children With Repaired Tetralogy of Fallot,SUSPENDED,1,high risk,MISSING,INTERVENTIONAL,OTHER,ALL,ESTIMATED,20.0,3.044522437723423,5,1,1,1,921,698,2019.0,0,0,1,0,0,0
NCT00209729,Phase I/II Study of Oral S-1 Plus Docetaxel in Elderly Patients With Advanced Gastric Cancer.,SUSPENDED,1,high risk,PHASE1; PHASE2,INTERVENTIONAL,OTHER,ALL,ESTIMATED,50.0,3.9318256327243257,1,2,1,1,1765,248,2005.0,0,1,0,0,0,0
NCT00749853,Efficacy of Ovarian Stimulation Based on FSHR Genotype Status,SUSPENDED,1,high risk,PHASE3,INTERVENTIONAL,OTHER,FEMALE,ESTIMATED,165.0,5.111987788356544,1,2,1,1,221,1112,2015.0,0,1,0,0,0,0
NCT03932253,MEK Inhibitor FCN-159 To Treat Advanced Melanoma With NRAS-aberrant (Ia) and NRAS-mutant (Ib)or NF1-mutant(1b),SUSPENDED,1,high risk,PHASE1,INTERVENTIONAL,INDUSTRY,ALL,ACTUAL,79.0,4.382026634673881,1,1,1,1,1885,1751,2019.0,0,1,0,0,0,0
NCT00077493,BL22 Immunotoxin In Treating Young Patients With Relapsed or Refractory Acute Lymphoblastic Leukemia or Non-Hodgkin's Lymphoma,SUSPENDED,1,high risk,PHASE1,INTERVENTIONAL,INDUSTRY,ALL,ESTIMATED,95.0,4.564348191467836,2,4,1,1,3165,423,2004.0,0,0,0,0,0,0
NCT05006781,The Dose Finding Study of DAOIB Added to tDCS for AD,SUSPENDED,1,high risk,PHASE2,INTERVENTIONAL,OTHER,ALL,ESTIMATED,140.0,4.948759890378168,2,1,1,1,369,703,2027.0,1,1,0,0,0,0
NCT04246567,Evaluation of the Effect of Sevoflurane and Propofol Hypotensive Anesthesia on Blood Antioxidant Levels and HIF 1 Levels,SUSPENDED,1,high risk,MISSING,INTERVENTIONAL,OTHER,ALL,ACTUAL,60.0,4.110873864173311,2,2,1,1,602,470,2019.0,0,1,1,0,0,0
NCT04019600,Screening of Pulmonary Hypertension in Methamphetamine Abusers,SUSPENDED,1,high risk,MISSING,OBSERVATIONAL,OTHER,ALL,ESTIMATED,200.0,5.303304908059076,2,1,1,1,504,370,2019.0,0,1,1,0,0,0
NCT03312244,Pyridostigmine as Immunomodulator in People Living With HIV,SUSPENDED,1,high risk,PHASE2,INTERVENTIONAL,OTHER,ALL,ESTIMATED,60.0,4.110873864173311,4,2,1,1,784,667,2019.0,1,1,0,0,0,0
NCT00979836,Calcium Dobesilate for Chronic Venous Wounds,SUSPENDED,1,high risk,PHASE3,INTERVENTIONAL,OTHER,ALL,ESTIMATED,230.0,5.442417710521793,1,1,42,1,925,333,2008.0,1,1,0,0,0,0
NCT06870916,Supporting Informed Decision Making About Multi-cancer Early Detection Testing,SUSPENDED,1,high risk,MISSING,OBSERVATIONAL,OTHER,ALL,ESTIMATED,150.0,5.017279836814924,1,1,1,1,340,205,2025.0,0,1,1,0,0,0
NCT04534101,Medical Mindfulness: Virtual Reality Mindfulness Therapy for Anxiety and Pain Management in Patients With Acute and Chronic Pain,SUSPENDED,1,high risk,MISSING,OBSERVATIONAL,OTHER,ALL,ESTIMATED,500.0,6.2166061010848646,2,1,1,1,554,809,2018.0,0,0,1,0,0,0
NCT04135911,"A Prospective Study on The""Management of Hypertension in Young and Middle-aged Subjects in Enterprises Setting""",SUSPENDED,1,high risk,MISSING,OBSERVATIONAL,OTHER,ALL,ESTIMATED,2000.0,7.601402334583733,2,0,1,1,893,724,2019.0,0,1,1,0,0,0
NCT04427722,PMCF Study of MPS-Flex® Knee System in TKA,SUSPENDED,1,high risk,MISSING,OBSERVATIONAL,INDUSTRY,ALL,ACTUAL,250.0,5.5254529391317835,1,1,1,1,2135,204,2021.0,0,1,1,0,0,0
NCT06071702,IonMAN II Trial- Early Feasibility Study of the IoNIR Ridaforolimus-Eluting Coronary Stent System,SUSPENDED,1,high risk,MISSING,INTERVENTIONAL,INDUSTRY,ALL,ESTIMATED,30.0,3.4339872044851463,2,1,1,1,5329,176,2025.0,0,1,1,0,0,0
NCT01094977,Blood Loss and Transfusion Requirement in Infants Treated With Tranexamic Acid,SUSPENDED,1,high risk,PHASE3,INTERVENTIONAL,OTHER,ALL,ESTIMATED,90.0,4.51085950651685,1,3,1,1,642,192,2010.0,1,0,0,0,0,0
NCT05008315,"Effects of Soft Tissue Mobilization on Postsurgical Adhesions, Pain, Lumbopelvic Muscle Functions, Spinal Mobility, and Posture in Postpartum Women With Caesarean Section",SUSPENDED,1,high risk,MISSING,INTERVENTIONAL,OTHER,FEMALE,ESTIMATED,120.0,4.795790545596741,1,5,1,1,645,245,2023.0,0,1,1,0,0,0
NCT00793078,Arterial Blood Pressure-complexity in Septic Patients,SUSPENDED,1,high risk,MISSING,OBSERVATIONAL,OTHER,ALL,ESTIMATED,72.0,4.290459441148391,1,0,1,1,118,864,2009.0,0,1,1,0,0,0
NCT04052269,Phosphodiesterase Inhibitors in Glaucoma Study (PhiGS),SUSPENDED,1,high risk,PHASE3,INTERVENTIONAL,OTHER,MALE,ESTIMATED,30.0,3.4339872044851463,1,1,1,1,1250,1238,2019.0,0,1,0,0,0,0
NCT05371002,Effectiveness of Online Group-based Nonviolent Communication Interventions,SUSPENDED,1,high risk,MISSING,INTERVENTIONAL,OTHER,ALL,ESTIMATED,250.0,5.5254529391317835,1,2,1,1,516,834,2022.0,0,1,1,0,0,0
NCT06310018,"Augmented Ultrasound-Facilitated, Catheter-Directed Fibrinolysis for PE",SUSPENDED,1,high risk,MISSING,OBSERVATIONAL,OTHER,ALL,ESTIMATED,60.0,4.110873864173311,3,2,1,1,1634,576,2027.0,0,1,1,0,0,0
NCT01718756,Continuous Lornoxicam Infusion for Orthopaedic Surgery,SUSPENDED,1,high risk,PHASE1; PHASE2,INTERVENTIONAL,OTHER,ALL,ESTIMATED,96.0,4.574710978503383,1,3,1,1,607,990,2013.0,1,1,0,0,0,0
NCT04435639,Using an Adjustable Compression Garment for Secondary Upper Limb Lymphoedema,SUSPENDED,1,high risk,MISSING,INTERVENTIONAL,OTHER,ALL,ESTIMATED,30.0,3.4339872044851463,1,3,1,1,546,595,2025.0,0,1,1,0,0,0
NCT06023329,Superficial Cervical Plexus Block for Improved Outcomes in Pediatric Otolaryngologic Surgery,SUSPENDED,1,high risk,PHASE4,INTERVENTIONAL,OTHER,ALL,ESTIMATED,36.0,3.6109179126442243,1,2,1,1,668,790,2023.0,0,0,0,0,0,0
NCT02546102,"Phase 3 Randomized, Double-blind, Controlled Study of ICT-107 in Glioblastoma",SUSPENDED,1,high risk,PHASE3,INTERVENTIONAL,INDUSTRY,ALL,ESTIMATED,234.0,5.459585514144159,1,2,65,3,2245,567,2024.0,1,1,0,0,0,0
NCT02225600,The Effect of Oxytocin Administration on Interpersonal Cooperation in Borderline Personality Disorder Patients and Healthy Adults,SUSPENDED,1,high risk,MISSING,INTERVENTIONAL,OTHER,ALL,ESTIMATED,40.0,3.713572066704308,1,3,1,1,1411,374,2014.0,1,1,1,0,0,0
NCT04224844,Erector Spinae Plane Block for Carotid Endarterectomy,SUSPENDED,1,high risk,MISSING,INTERVENTIONAL,OTHER_GOV,ALL,ESTIMATED,34.0,3.5553480614894135,1,2,1,1,432,216,2020.0,0,1,1,0,0,0
NCT00541645,Transient Osteoporosis of Pregnancy: A Possible Peptide Mediator,SUSPENDED,1,high risk,MISSING,OBSERVATIONAL,OTHER,FEMALE,MISSING,,,1,0,0,0,46,712,,0,1,1,0,0,0
NCT04062539,Total Cerebral Protection With Embolic Protection Devices Thoracic Aortic Stenting,SUSPENDED,1,high risk,MISSING,OBSERVATIONAL,OTHER,ALL,ESTIMATED,30.0,3.4339872044851463,2,1,1,1,180,504,2018.0,0,0,1,0,0,0
NCT05412901,Scaffolding of Brain Operations,SUSPENDED,1,high risk,MISSING,INTERVENTIONAL,OTHER,ALL,ESTIMATED,170.0,5.14166355650266,1,1,1,1,221,2378,2022.0,0,1,1,0,0,0
NCT06144619,Non-Invasive Biomarkers in Prostate Cancer Disease Management,SUSPENDED,1,high risk,MISSING,OBSERVATIONAL,OTHER,MALE,ESTIMATED,500.0,6.2166061010848646,1,1,1,1,2004,512,2023.0,0,1,1,0,0,0
NCT02391467,Validity of Elastography During Pregnancy,SUSPENDED,1,high risk,MISSING,OBSERVATIONAL,OTHER,FEMALE,ESTIMATED,25.0,3.258096538021482,1,0,1,1,166,475,2014.0,0,1,1,0,0,0
NCT06824701,Tazemetostat in Combination With Zanubrutinib and Anti-CD20 Monoclonal Antibody in Relapsed or Refractory B-cell Non-Hodgkin Lymphoma,SUSPENDED,1,high risk,PHASE1,INTERVENTIONAL,OTHER,ALL,ESTIMATED,24.0,3.2188758248682006,1,4,1,1,9131,247,2025.0,0,1,0,0,0,0
NCT06568172,"Testing the Addition of an Immunotherapy Drug, Cemiplimab (REGN2810), Plus Surgery to the Usual Surgery Alone for Treating Advanced Skin Cancer",SUSPENDED,1,high risk,PHASE3,INTERVENTIONAL,NIH,ALL,ESTIMATED,420.0,6.042632833682381,20,10,206,3,7118,1191,2025.0,0,1,0,0,0,0
NCT00994630,Biomarkers for Bipolar Disorder: Chaperones and Reticulum Endoplasmatic Stress Response CHAP´s Study,SUSPENDED,1,high risk,MISSING,OBSERVATIONAL,OTHER,ALL,ESTIMATED,20.0,3.044522437723423,1,0,1,1,196,321,2010.0,0,1,1,0,0,0
NCT01443559,Xenogenic Keratoplasty From Porcine Cornea,SUSPENDED,1,high risk,PHASE1,INTERVENTIONAL,OTHER,ALL,ESTIMATED,20.0,3.044522437723423,1,2,1,1,881,363,2011.0,0,1,0,0,0,0
NCT04485559,Trametinib and Everolimus for Treatment of Pediatric and Young Adult Patients With Recurrent Gliomas (PNOC021),SUSPENDED,1,high risk,PHASE1,INTERVENTIONAL,OTHER,ALL,ESTIMATED,50.0,3.9318256327243257,3,2,16,1,9163,490,2020.0,0,0,0,0,0,0
NCT01268670,The Addition of Oral Analgesics to LET During Laceration Repair,SUSPENDED,1,high risk,MISSING,INTERVENTIONAL,OTHER,ALL,ESTIMATED,150.0,5.017279836814924,2,3,1,1,928,1129,2012.0,1,0,1,0,0,0
NCT03914079,"Evaluation of the CAD-det System, a Novel Non-Invasive Acoustic Diagnostic for the Diagnosis of Coronary Artery Disease",SUSPENDED,1,high risk,MISSING,OBSERVATIONAL,INDUSTRY,ALL,ESTIMATED,2000.0,7.601402334583733,2,0,3,1,452,233,2019.0,0,1,1,0,0,0
NCT02156180,Identification of Breath Biomarkers in Head and Neck Squamous Cell Carcinoma,SUSPENDED,1,high risk,MISSING,OBSERVATIONAL,OTHER,ALL,ACTUAL,13.0,2.6390573296152584,2,0,1,1,249,473,2014.0,0,1,1,0,0,0
NCT05670080,Does MI Have a Therapeutic Role in Arthroscopic Rotator Cuff Repair?,SUSPENDED,1,high risk,MISSING,INTERVENTIONAL,OTHER,ALL,ESTIMATED,36.0,3.6109179126442243,7,2,1,1,620,1121,2026.0,0,1,1,0,0,0
NCT06662227,Universal CAR-T Cells (REVO-UWD-19) for Refractory and Relapsed B-Cell Tumors,SUSPENDED,1,high risk,EARLY_PHASE1,INTERVENTIONAL,INDUSTRY,ALL,ESTIMATED,30.0,3.4339872044851463,3,2,1,1,4311,636,2024.0,0,0,0,0,0,0
NCT03089463,Foot Assessment in People With Diabetes: A Quantitative Diagnostic Approach,SUSPENDED,1,high risk,MISSING,OBSERVATIONAL,OTHER,ALL,ESTIMATED,153.0,5.0369526024136295,4,1,1,1,521,158,2017.0,0,1,1,0,0,0
NCT00499499,A Dose Escalation Study of E7107 Administered Intravenously on Days 1 and 8 Every 21 Days to Patients With Solid Tumors,SUSPENDED,1,high risk,PHASE1,INTERVENTIONAL,INDUSTRY,ALL,ESTIMATED,40.0,3.713572066704308,1,1,2,1,4435,501,2007.0,0,1,0,0,0,0
NCT00282555,Efficiency Study of S-Tenatoprazole-Na to Treat Erosive or Ulcerative Esophagitis,SUSPENDED,1,high risk,PHASE2,INTERVENTIONAL,INDUSTRY,ALL,MISSING,450.0,6.111467339502679,1,1,17,1,780,631,2006.0,0,1,0,0,0,0
NCT03142958,Clinical Evaluation of Integra® Cadence™ Total Ankle System in Primary Ankle Joint Replacement (CADENCE),SUSPENDED,1,high risk,MISSING,OBSERVATIONAL,INDUSTRY,ALL,ACTUAL,132.0,4.890349128221754,3,1,11,2,1802,251,2017.0,0,1,1,0,0,0
NCT05503108,"Fasting Mimicking Diet Program to ImpRovE ChemoTherapy in Hormone Receptor Postive (HR+), HER2- Breast Cancer",SUSPENDED,1,high risk,PHASE3,INTERVENTIONAL,OTHER,ALL,ACTUAL,10.0,2.3978952727983707,6,1,7,1,1363,1026,2023.0,0,1,0,0,0,0
NCT06649682,68Ga-NYM096/177Lu-NYM096 in Metastatic ccRCC,SUSPENDED,1,high risk,PHASE1,INTERVENTIONAL,OTHER,ALL,ESTIMATED,20.0,3.044522437723423,1,1,1,1,1532,458,2024.0,0,1,0,0,0,0
NCT05435235,Dapagliflozin in the Prevention of Post-Coronary Angioplasty Acute Kidney Injury,SUSPENDED,1,high risk,PHASE4,INTERVENTIONAL,OTHER,ALL,ESTIMATED,250.0,5.5254529391317835,2,1,1,1,1612,188,2024.0,0,1,0,0,0,0
NCT05088668,Augmented Reality for Shoulder Pain and Scapular Dyskinesis,SUSPENDED,1,high risk,MISSING,INTERVENTIONAL,OTHER,ALL,ESTIMATED,52.0,3.970291913552122,1,2,1,1,945,219,2021.0,0,1,1,0,0,0
NCT04054713,Acetic Acid for the Detection of Esophageal Neoplasms,SUSPENDED,1,high risk,MISSING,INTERVENTIONAL,OTHER_GOV,ALL,ESTIMATED,76.0,4.343805421853684,3,2,1,1,756,648,2019.0,0,1,1,0,0,0
NCT03111979,The Effects of 4 Week β-alanine Supplementation on Knee Extensor Contractile and Force Properties in the Over 60s,SUSPENDED,1,high risk,PHASE4,INTERVENTIONAL,OTHER,ALL,ESTIMATED,24.0,3.2188758248682006,1,2,0,0,719,2146,2014.0,1,1,0,0,0,0
NCT04920396,Intense Regulated Pulsed Light Vs Standard of Care for the Treatment of Meibomian Gland Dysfunction,SUSPENDED,1,high risk,MISSING,INTERVENTIONAL,OTHER,ALL,ESTIMATED,50.0,3.9318256327243257,1,2,1,1,1057,170,2021.0,0,1,1,0,0,0
NCT02904304,"Desloratadine,Phenylephrine Hcl,Ibuprofen Compared to Placebo in Treatment of Symptoms Associated With Common Cold/Flu",SUSPENDED,1,high risk,PHASE3,INTERVENTIONAL,INDUSTRY,ALL,ESTIMATED,150.0,5.017279836814924,1,2,1,1,2463,274,2020.0,1,1,0,0,0,0
NCT04281238,The Effects of Yoga Training in Ankylosing Spondylitis Patients,SUSPENDED,1,high risk,MISSING,INTERVENTIONAL,OTHER,ALL,ESTIMATED,60.0,4.110873864173311,2,2,1,1,368,193,2020.0,0,1,1,0,0,0
NCT06240455,Phase 2 Study to Assess Efficacy & Safety of WP1302 Prevent Relapse of MMI w/Draw in Subj. w/ Graves' dz,SUSPENDED,1,high risk,PHASE2,INTERVENTIONAL,OTHER,ALL,ESTIMATED,176.0,5.176149732573829,1,3,7,1,5795,937,2026.0,1,1,0,0,0,0
NCT01325740,A Study to Assess the Tolerability of a Single Dose of STX107 in Adults With Fragile X Syndrome,SUSPENDED,1,high risk,PHASE2,INTERVENTIONAL,INDUSTRY,MALE,ESTIMATED,16.0,2.833213344056216,1,1,5,1,819,235,2011.0,1,1,0,0,0,0
NCT05067556,Decreasing Long-term Opioid Use in Cancer Survivors,SUSPENDED,1,high risk,MISSING,INTERVENTIONAL,OTHER,ALL,ESTIMATED,18.0,2.9444389791664403,4,1,1,1,1464,163,2021.0,0,1,1,0,0,0
NCT06388902,A Phase I Study of BR115 for Injection Alone in Subjects With Advanced Solid Malignancies,SUSPENDED,1,high risk,PHASE1,INTERVENTIONAL,INDUSTRY,ALL,ESTIMATED,120.0,4.795790545596741,1,1,1,1,7795,551,2024.0,0,1,0,0,0,0
NCT07065227,Potential Benefits of Sonic Augmentation Technology in Music,SUSPENDED,1,high risk,MISSING,INTERVENTIONAL,OTHER,ALL,ACTUAL,36.0,3.6109179126442243,4,2,1,1,155,607,2025.0,0,1,1,0,0,0
NCT01228656,Effectiveness of Association Mometasone Furoate 0.1% and Salicylic Acid 5% Compared With Mometasone Furoate,SUSPENDED,1,high risk,PHASE2,INTERVENTIONAL,INDUSTRY,ALL,ACTUAL,40.0,3.713572066704308,1,2,0,0,1095,302,2006.0,0,1,0,0,0,0
NCT05259527,Vitamin D Supplementation on Reported Rates of Taxane-Induced Neuropathy,SUSPENDED,1,high risk,PHASE2,INTERVENTIONAL,OTHER,ALL,ESTIMATED,120.0,4.795790545596741,1,2,1,1,804,233,2022.0,0,1,0,0,0,0
NCT04213573,Efficacy of Silver Diamine Fluoride and Its Parental Perception,SUSPENDED,1,high risk,PHASE2; PHASE3,INTERVENTIONAL,OTHER,ALL,ESTIMATED,60.0,4.110873864173311,1,2,1,1,511,277,2020.0,0,0,0,0,0,0
NCT06680479,Safety and Immunogenicity of Stabilized CH505 TF chTrimer Vaccination in Adults Living With HIV-1 on Suppressive Antiretroviral Therapy,SUSPENDED,1,high risk,PHASE1,INTERVENTIONAL,NIH,ALL,ESTIMATED,30.0,3.4339872044851463,1,4,24,1,2839,577,2025.0,1,1,0,0,0,0
NCT03500770,Lyme Disease Patients With Memory Problems,SUSPENDED,1,high risk,MISSING,INTERVENTIONAL,OTHER,ALL,ESTIMATED,15.0,2.772588722239781,1,1,1,1,2444,250,2019.0,0,1,1,0,0,0
NCT05866679,Early Assessment of Ovarian Cancer Aggressiveness by Metabolic Imaging,SUSPENDED,1,high risk,PHASE1,INTERVENTIONAL,OTHER,FEMALE,ESTIMATED,30.0,3.4339872044851463,1,1,1,1,1585,176,2024.0,0,0,0,0,0,0
NCT05033522,Immunotherapy for Advanced Liver Cancer,SUSPENDED,1,high risk,PHASE2; PHASE3,INTERVENTIONAL,INDUSTRY,ALL,ESTIMATED,150.0,5.017279836814924,1,4,8,2,3089,519,2023.0,0,1,0,0,0,0
NCT00731796,Testing of a Functional Outcome Measure for Those With Visual Field Defects,SUSPENDED,1,high risk,MISSING,OBSERVATIONAL,INDUSTRY,ALL,ESTIMATED,190.0,5.25227342804663,1,1,3,1,637,775,2007.0,0,1,1,0,0,0
NCT06750146,Hot AXIOS™ for Bile Duct Drainage in Malignant Stenosis,SUSPENDED,1,high risk,MISSING,INTERVENTIONAL,INDUSTRY,ALL,ESTIMATED,162.0,5.093750200806762,1,1,18,1,805,316,2025.0,0,1,1,0,0,0
NCT02640651,An Study of Transcranial Direct Current Stimulation in Adults With ADHD,SUSPENDED,1,high risk,MISSING,INTERVENTIONAL,OTHER,ALL,ESTIMATED,30.0,3.4339872044851463,1,1,1,1,2244,145,2015.0,0,1,1,0,0,0
NCT04109807,Effects of Low Dose Ozone on Airway Inflammatory Responses in Adults With Asthma - Sedentary Nasal Ozone (Asthma SNOZ),SUSPENDED,1,high risk,MISSING,INTERVENTIONAL,OTHER,ALL,ESTIMATED,18.0,2.9444389791664403,1,2,1,1,1950,137,2019.0,0,1,1,0,0,0
NCT07146087,Allogeneic Mesenchymal Stem Cell-Derived Exosome Therapy for Progressive Multiple Sclerosis,SUSPENDED,1,high risk,EARLY_PHASE1,INTERVENTIONAL,INDUSTRY,ALL,ESTIMATED,20.0,3.044522437723423,1,2,1,1,364,1215,2020.0,1,1,0,0,0,0
NCT00637364,High Intensity Focused Ultrasound Tumor Treatment for Pancreatic Cancer Pain,SUSPENDED,1,high risk,PHASE1; PHASE2,INTERVENTIONAL,INDUSTRY,ALL,ESTIMATED,5.0,1.791759469228055,3,1,1,1,2403,1795,2008.0,0,1,0,0,0,0
NCT00986284,Epidermal Growth Factor Receptor (EGFR) Status Based Gefitinib Neoadjuvant Therapy in Non Small Cell Lung Cancer (NSCLC),SUSPENDED,1,high risk,PHASE2,INTERVENTIONAL,OTHER,ALL,ACTUAL,102.0,4.634728988229636,1,1,1,1,492,120,2009.0,0,1,0,0,0,0
NCT03434366,Intranasal Ketamine With Dexmedetomidine for the Treatment of Children With Autism Spectrum Disorder,SUSPENDED,1,high risk,PHASE2,INTERVENTIONAL,OTHER,ALL,ESTIMATED,50.0,3.9318256327243257,1,3,1,1,682,585,2018.0,0,0,0,0,0,0
NCT07178665,Pilot Trial of Preop Partial Radiation in Breast Cancer Patients,SUSPENDED,1,high risk,PHASE1,INTERVENTIONAL,OTHER,FEMALE,ESTIMATED,98.0,4.59511985013459,3,1,10,1,1370,597,2025.0,0,1,0,0,0,0
NCT03719937,Artificial Increase in Chest Wall Elastance as an Alternative to Prone Positioning in Moderate-to-severe ARDS.,SUSPENDED,1,high risk,MISSING,INTERVENTIONAL,OTHER,ALL,ESTIMATED,15.0,2.772588722239781,1,1,1,1,1572,1600,2018.0,0,1,1,0,0,0
NCT06503471,SCLife®-UT hUC-MSCs Advanced Therapy Medicinal Products (hUC-MSCs ATMPs) for Patients With Thin Endometrial Infertility,SUSPENDED,1,high risk,PHASE1,INTERVENTIONAL,INDUSTRY,FEMALE,ESTIMATED,24.0,3.2188758248682006,1,2,1,1,2594,396,2026.0,0,1,0,0,0,0
NCT00038454,Phase II Study To Evaluate The Safety and Efficacy of Hemoglobin Raffimer in Patients Undergoing First Time CABG Surgery,SUSPENDED,1,high risk,PHASE2; PHASE3,INTERVENTIONAL,INDUSTRY,ALL,MISSING,180.0,5.198497031265826,1,1,28,3,2707,223,,0,1,0,0,0,0
NCT05960773,"Decitabine/Cedazuridine (INQOVI), an Oral DNA Demethylating Agent, in Subjects With BAP1 Cancer Predisposition Syndrome and Subclinical, Early-Stage Mesothelioma",SUSPENDED,1,high risk,PHASE2,INTERVENTIONAL,NIH,ALL,ACTUAL,9.0,2.302585092994046,6,1,1,1,4659,410,2024.0,0,1,0,0,0,0
NCT01503073,Noninvasive Brain Stimulation for Stroke,SUSPENDED,1,high risk,MISSING,INTERVENTIONAL,OTHER,ALL,ESTIMATED,200.0,5.303304908059076,1,1,1,1,329,115,2008.0,0,1,1,0,0,0
NCT03990207,The PowerSpiral Antegrade Investigational Device Exemption (IDE) Study,SUSPENDED,1,high risk,MISSING,INTERVENTIONAL,INDUSTRY,ALL,ESTIMATED,100.0,4.61512051684126,1,1,1,1,1408,31,2022.0,0,1,1,0,0,0
NCT04714983,DNX-2440 for Resectable Colorectal Liver Metastasis,SUSPENDED,1,high risk,PHASE1,INTERVENTIONAL,INDUSTRY,ALL,ESTIMATED,30.0,3.4339872044851463,11,1,1,1,1233,730,2021.0,0,1,0,0,0,0
NCT00568529,Combination of Capecitabine and Oxaliplatin in Patients With Relapsed or Refractory Gastric Cancer,SUSPENDED,1,high risk,PHASE2,INTERVENTIONAL,OTHER,ALL,ESTIMATED,30.0,3.4339872044851463,1,1,1,1,1073,196,2007.0,0,1,0,0,0,0
NCT05075902,Effect of Aerobic Training on the Health Parameters of Postmenopausal Women With Multimorbidity,SUSPENDED,1,high risk,MISSING,INTERVENTIONAL,OTHER,FEMALE,ACTUAL,41.0,3.7376696182833684,4,1,1,1,1357,2411,2019.0,0,1,1,0,0,0
NCT00593619,Trial Comparing the Safety of Two Different Intravenous Iron Formulations,SUSPENDED,1,high risk,PHASE4,INTERVENTIONAL,OTHER,ALL,ESTIMATED,200.0,5.303304908059076,2,2,1,1,196,651,2008.0,0,1,0,0,0,0
NCT05715619,"Safety and Efficacy of Oral Administration of the Phage Cocktail, VRELysin™, In Healthy and VRE-Colonized Subjects",SUSPENDED,1,high risk,PHASE1; PHASE2,INTERVENTIONAL,INDUSTRY,ALL,ESTIMATED,80.0,4.394449154672439,1,2,1,1,13881,183,2023.0,1,1,0,0,0,0
NCT03164460,Stereotactic Body Radiation Therapy or Intensity Modulated Radiation/Proton Therapy in Treating Patients With Recurrent Head and Neck Cancer,SUSPENDED,1,high risk,PHASE2,INTERVENTIONAL,OTHER,ALL,ACTUAL,68.0,4.23410650459726,1,3,1,1,1037,734,2017.0,0,1,0,0,0,0
NCT05829655,Measuring Acute Drug Demand in Humans,SUSPENDED,1,high risk,EARLY_PHASE1,INTERVENTIONAL,OTHER,ALL,ESTIMATED,75.0,4.330733340286331,2,6,1,1,738,130,2023.0,1,1,0,0,0,0
NCT03628560,Alternate Methodology of Pulse Oximeter Validation,SUSPENDED,1,high risk,MISSING,INTERVENTIONAL,OTHER,ALL,ESTIMATED,30.0,3.4339872044851463,2,5,1,1,870,201,2018.0,0,1,1,0,0,0
NCT06518668,"A Study of NKX019, a CD19 CAR NK Cell Therapy, in Subjects With Systemic Lupus Erythematosus",SUSPENDED,1,high risk,PHASE1,INTERVENTIONAL,OTHER,ALL,ESTIMATED,6.0,1.9459101490553132,1,2,1,1,7916,338,2024.0,0,1,0,0,0,0
NCT03240003,A Novel Computer-Based Therapy for Social Anxiety,SUSPENDED,1,high risk,MISSING,INTERVENTIONAL,OTHER,ALL,ESTIMATED,60.0,4.110873864173311,1,3,1,1,1705,229,2017.0,0,1,1,0,0,0
NCT01743170,Telemonitoring of Hypertensive Patients,SUSPENDED,1,high risk,MISSING,INTERVENTIONAL,OTHER,ALL,ESTIMATED,240.0,5.484796933490655,1,1,7,1,2665,819,2020.0,0,1,1,0,0,0
NCT03304496,Subcutaneous Nitroglycerin to Facilitate Trans-radial Access.,SUSPENDED,1,high risk,PHASE4,INTERVENTIONAL,OTHER,ALL,ESTIMATED,1400.0,7.244941546337007,1,2,1,1,2382,825,2018.0,0,1,0,0,0,0
NCT01512888,Gene Transfer for X-Linked Severe Combined Immunodeficiency in Newly Diagnosed Infants,SUSPENDED,1,high risk,PHASE1; PHASE2,INTERVENTIONAL,OTHER,MALE,ESTIMATED,28.0,3.367295829986474,1,3,3,1,1377,796,2016.0,0,0,0,0,0,0
NCT03130946,Comparison of Two Types of Biopsy in Suspicious Axillary Lymph Nodes,SUSPENDED,1,high risk,MISSING,INTERVENTIONAL,OTHER,FEMALE,ESTIMATED,135.0,4.912654885736052,1,2,1,1,303,595,2017.0,0,1,1,0,0,0
NCT04915976,TAVI and Gender Outcomes Aortic Stenosis Undergoing Transfemoral Transcatheter Aortic Valve Implantation.,SUSPENDED,1,high risk,MISSING,OBSERVATIONAL,OTHER,ALL,ACTUAL,14086.0,9.553007665260306,3,0,0,0,35,1243,2007.0,0,1,1,0,0,0
NCT00079950,Efficacy and Safety Evaluation of Pegamotecan (PEG-camptothecin) in Advanced or Metastatic Soft Tissue Sarcoma,SUSPENDED,1,high risk,PHASE2,INTERVENTIONAL,INDUSTRY,ALL,MISSING,,,1,1,4,1,1879,159,2003.0,0,1,0,0,0,0
NCT00540280,Randomized Phase III Trial of Surgery Alone or Surgery Plus Preoperative Gemcitabine-Cisplatin in Clinical Early Stages of Non-small Cell Lung Cancer,SUSPENDED,1,high risk,PHASE3,INTERVENTIONAL,OTHER,ALL,ESTIMATED,10.0,2.3978952727983707,1,1,0,0,54,149,2003.0,0,0,0,0,0,0
NCT05455203,The Development of a Brief Parent-Child Substance Use Educational Intervention for Black Families,SUSPENDED,1,high risk,MISSING,INTERVENTIONAL,OTHER,ALL,ESTIMATED,40.0,3.713572066704308,1,1,1,1,479,460,2026.0,0,0,1,0,0,0
NCT02406131,Effects of Remote Ischemic Preconditioning on Restenosis Post Lower Limb Revascularization Angioplasty,SUSPENDED,1,high risk,MISSING,INTERVENTIONAL,OTHER,ALL,ESTIMATED,40.0,3.713572066704308,1,1,2,1,310,461,2018.0,0,1,1,0,0,0
NCT01350674,Role of EBUS-TBNA in Diagnosing TB in Mediastinal/Hilar Lymph Nodes,SUSPENDED,1,high risk,MISSING,INTERVENTIONAL,OTHER,ALL,ESTIMATED,50.0,3.9318256327243257,1,1,1,1,756,634,2010.0,0,1,1,0,0,0
NCT05079568,A Study to Evaluate the Safety and Tolerability of Virtual Reality to Treat Gastroparesis,SUSPENDED,1,high risk,MISSING,INTERVENTIONAL,OTHER,ALL,ESTIMATED,30.0,3.4339872044851463,1,2,1,1,1991,117,2021.0,0,1,1,0,0,0
NCT03981250,Effect of One Minute of Resistance Exercise Per Day on Muscular Strength (The ONE Study),SUSPENDED,1,high risk,MISSING,INTERVENTIONAL,OTHER,ALL,ESTIMATED,56.0,4.04305126783455,1,1,1,1,415,270,2019.0,0,1,1,0,0,0
NCT02582996,Cefalium® Compared to Tylenol® in the Treatment of Migraine Attacks,SUSPENDED,1,high risk,PHASE3,INTERVENTIONAL,INDUSTRY,ALL,ESTIMATED,336.0,5.820082930352362,1,2,6,1,3708,306,2020.0,0,1,0,0,0,0
NCT05555446,Bovine Colostrum to Prevent Absorption of Gluten,SUSPENDED,1,high risk,EARLY_PHASE1,INTERVENTIONAL,INDUSTRY,ALL,ESTIMATED,10.0,2.3978952727983707,3,2,1,1,1219,270,2022.0,1,1,0,0,0,0
NCT00868647,Radiofrequency Ablation (RFA) Of Tumors Acquired In Childhood,SUSPENDED,1,high risk,PHASE2,INTERVENTIONAL,OTHER,ALL,ESTIMATED,60.0,4.110873864173311,2,1,1,1,1431,1448,2007.0,0,0,0,0,0,0
NCT05333978,Optoacoustic Detection of Inflammation Using MSOT Device,SUSPENDED,1,high risk,MISSING,INTERVENTIONAL,OTHER,ALL,ESTIMATED,100.0,4.61512051684126,3,2,1,1,1015,294,2022.0,0,1,1,0,0,0
NCT01187368,Prospective Multi-Center Randomized Study for Evaluating the EVAHEART®2 Left Ventricular Assist System,SUSPENDED,1,high risk,MISSING,INTERVENTIONAL,INDUSTRY,ALL,ESTIMATED,399.0,5.991464547107982,1,2,12,1,2257,192,2020.0,0,1,1,0,0,0
NCT02452385,Phase 1 Study of CM082 in Patients With wAMD,SUSPENDED,1,high risk,PHASE1,INTERVENTIONAL,INDUSTRY,ALL,ESTIMATED,56.0,4.04305126783455,1,1,6,1,3171,146,2015.0,0,1,0,0,0,0
NCT04121143,A Clinical Study of SHR-1314 Injection in the Treatment of Moderate to Severe Plaque Psoriasis in Adults,SUSPENDED,1,high risk,PHASE2,INTERVENTIONAL,INDUSTRY,ALL,ESTIMATED,120.0,4.795790545596741,1,2,1,1,1745,236,2019.0,1,1,0,0,0,0
NCT03165968,"Test and Evaluation of Non-Invasive Neuro-Assessment Devices (NINAD): NeuroKinetics, Inc, iPAS",SUSPENDED,1,high risk,MISSING,OBSERVATIONAL,FED,ALL,ESTIMATED,150.0,5.017279836814924,1,1,2,1,890,1115,2018.0,0,1,1,0,0,0
NCT07429591,Risk Screening & Primary Prevention of Elder Abuse in People Living With Dementia,SUSPENDED,1,high risk,MISSING,INTERVENTIONAL,OTHER,ALL,ESTIMATED,1000.0,6.90875477931522,3,2,1,1,706,816,2026.0,0,1,1,0,0,0
NCT04457440,Cognitive Behavioral Sleep Intervention for Prevention of Type 2 Diabetes,SUSPENDED,1,high risk,MISSING,INTERVENTIONAL,OTHER,ALL,ESTIMATED,36.0,3.6109179126442243,3,2,2,1,954,366,2020.0,0,1,1,0,0,0
NCT03384836,Propranolol Hydrochloride and Pembrolizumab in Treating Patients With Stage IIIC-IV Melanoma That Cannot Be Removed by Surgery,SUSPENDED,1,high risk,PHASE1; PHASE2,INTERVENTIONAL,OTHER,ALL,ESTIMATED,47.0,3.871201010907891,2,3,4,1,5016,593,2018.0,0,1,0,0,0,0
NCT00826709,Prospective Evaluation of the Fluid Rapid Influenza Test,SUSPENDED,1,high risk,PHASE3,INTERVENTIONAL,INDUSTRY,ALL,ESTIMATED,1300.0,7.170888478512505,1,1,13,2,1721,217,2009.0,0,0,0,0,0,0
NCT04984577,Study of Compound Edaravone Injection for Treatment of Acute Ischemic Stroke,SUSPENDED,1,high risk,PHASE2,INTERVENTIONAL,INDUSTRY,ALL,ESTIMATED,240.0,5.484796933490655,1,4,1,1,1894,320,2021.0,1,1,0,0,0,0
NCT05123534,A Phase 2 Study of Sonodynamic Therapy Using SONALA-001 and Exablate 4000 Type 2.0 in Patients with DIPG,SUSPENDED,1,high risk,PHASE2,INTERVENTIONAL,INDUSTRY,ALL,ACTUAL,15.0,2.772588722239781,2,1,3,1,17514,396,2022.0,0,0,0,0,0,0
NCT06905275,"A Clinical Trial to Evaluate the Safety and Immunogenicity of Glycan-trimmed HIV-1 Nanoparticle Vaccine (UVAX-1107), Followed by Homologous or Wild-type HIV-1 Nanoparticle Vaccine (UVAX-1197) Boost, Each Adjuvanted With 3M-052-AF + Alum in Adult Participants Without HIV",SUSPENDED,1,high risk,PHASE1,INTERVENTIONAL,NIH,ALL,ESTIMATED,25.0,3.258096538021482,1,3,4,1,2881,902,2025.0,0,1,0,0,0,0
NCT04222309,Laparoscopically Harvested Omental Free Tissue Autograft to Bypass the Blood Brain Barrier (BBB) in Human Recurrent Glioblastoma Multiforme (rGBM),SUSPENDED,1,high risk,PHASE1,INTERVENTIONAL,OTHER,ALL,ESTIMATED,10.0,2.3978952727983707,7,1,1,1,2647,695,2020.0,0,1,0,0,0,0
NCT05910671,Parent-Based Physical Activity Intervention for Black Families,SUSPENDED,1,high risk,MISSING,INTERVENTIONAL,OTHER,ALL,ESTIMATED,52.0,3.970291913552122,1,1,1,1,442,798,2024.0,0,1,1,0,0,0
NCT04830007,Factors Associated With the Absence of Contraception at Women Seeking a Voluntary Termination of Pregnancy,SUSPENDED,1,high risk,MISSING,OBSERVATIONAL,OTHER,FEMALE,ESTIMATED,560.0,6.329720905522696,1,0,1,1,292,335,2022.0,0,1,1,0,0,0
NCT03125187,Study With Heparin Sodium in Intravenous Administration,SUSPENDED,1,high risk,PHASE1,INTERVENTIONAL,INDUSTRY,MALE,ESTIMATED,24.0,3.2188758248682006,1,2,1,1,1326,421,2021.0,0,1,0,0,0,0
NCT03325322,Inflammation and Stem Cells in Diabetic and Chronic Kidney Disease,SUSPENDED,1,high risk,PHASE2,INTERVENTIONAL,OTHER,ALL,ESTIMATED,30.0,3.4339872044851463,3,2,1,1,3103,238,2018.0,1,1,0,0,0,0
NCT02890212,Selenium as Augmentation Treatment for Sertraline Resistant Major Depression,SUSPENDED,1,high risk,MISSING,INTERVENTIONAL,OTHER,ALL,ESTIMATED,60.0,4.110873864173311,1,2,1,1,2357,758,2005.0,1,1,1,0,0,0
NCT01000181,Imaging 61CuATSM Uptake in Atherosclerotic Plaque Using PET-CT,SUSPENDED,1,high risk,MISSING,OBSERVATIONAL,OTHER,ALL,ESTIMATED,10.0,2.3978952727983707,1,1,1,1,583,609,2012.0,0,1,1,0,0,0
NCT04589065,SCD for CRS in Congestive Heart Failure (CHF) (No Left Ventricular Assist Device),SUSPENDED,1,high risk,MISSING,INTERVENTIONAL,OTHER,ALL,ESTIMATED,10.0,2.3978952727983707,4,1,1,1,3258,709,2025.0,0,1,1,0,0,0
NCT05360953,Treating Nightmares in Posttraumatic Stress Disorder With Clonidine and Doxazosin,SUSPENDED,1,high risk,PHASE2,INTERVENTIONAL,OTHER,ALL,ACTUAL,53.0,3.9889840465642745,1,3,5,1,3085,286,2022.0,1,1,0,0,0,0
NCT02952131,"Use of Autologous, Adult Adipose-Derived Stem/Stromal Cells in Inflammatory Bowel Disease",SUSPENDED,1,high risk,PHASE1; PHASE2,INTERVENTIONAL,INDUSTRY,ALL,ESTIMATED,100.0,4.61512051684126,1,3,1,1,1336,820,2016.0,0,1,0,0,0,0
NCT04496934,Physical Activity as Adjunct Treatment for Opioid Substitution Therapy,SUSPENDED,1,high risk,MISSING,INTERVENTIONAL,OTHER,ALL,ACTUAL,17.0,2.8903717578961645,3,1,1,1,309,1567,2018.0,0,1,1,0,0,0
NCT04225819,Adjunctive Treatment With Vitamin D3 in Patients With Active IBD,SUSPENDED,1,high risk,MISSING,INTERVENTIONAL,OTHER,ALL,ESTIMATED,100.0,4.61512051684126,5,2,1,1,1528,1458,2020.0,1,1,1,0,0,0
NCT03871400,The NanoStrand Clinical Study,SUSPENDED,1,high risk,MISSING,INTERVENTIONAL,INDUSTRY,ALL,ACTUAL,18.0,2.9444389791664403,1,1,11,1,654,242,2018.0,0,1,1,0,0,0
NCT04117295,Carmat TAH Early Feasibility Study,SUSPENDED,1,high risk,MISSING,INTERVENTIONAL,INDUSTRY,ALL,ESTIMATED,10.0,2.3978952727983707,1,1,4,1,3499,119,2021.0,0,1,1,0,0,0
NCT02208271,A Validated Necrosis Assay to Determine the Need for Revision Surgery in Metal-on-metal Total Hip Arthroplasty,SUSPENDED,1,high risk,MISSING,OBSERVATIONAL,OTHER,ALL,ACTUAL,174.0,5.1647859739235145,1,0,1,1,1161,607,2014.0,0,1,1,0,0,0
NCT01132521,Ulinastatin in Severe Acute Pancreatitis,SUSPENDED,1,high risk,PHASE4,INTERVENTIONAL,INDUSTRY,ALL,ACTUAL,252.0,5.53338948872752,1,2,6,1,816,132,2010.0,1,1,0,0,0,0
NCT05535699,Scapular ms Strength vs PNF in SIS Patients,SUSPENDED,1,high risk,MISSING,INTERVENTIONAL,OTHER,ALL,ESTIMATED,66.0,4.204692619390966,1,1,1,1,681,2315,2022.0,0,1,1,0,0,0
NCT05057884,Breathing Exercise Against Dyspnoea in Heart Failure Patients to Improve Chemosensitivity,SUSPENDED,1,high risk,MISSING,INTERVENTIONAL,OTHER,ALL,ESTIMATED,68.0,4.23410650459726,1,1,1,1,548,1750,2022.0,0,1,1,0,0,0
NCT04395638,Replenishing and Maintaining Vitamin D Status in Older Adults in Residential Care Facilities in NI,SUSPENDED,1,high risk,MISSING,INTERVENTIONAL,OTHER,ALL,ESTIMATED,40.0,3.713572066704308,1,2,1,1,611,2272,2020.0,0,1,1,0,0,0
NCT04014647,Measurement Of NT-proBNP to Predict Outcomes in Surgery,SUSPENDED,1,high risk,MISSING,OBSERVATIONAL,OTHER,ALL,ESTIMATED,200.0,5.303304908059076,1,0,1,1,1058,365,2019.0,0,1,1,0,0,0
NCT02354547,A Study of SGT-53 in Children With Refractory or Recurrent Solid Tumors,SUSPENDED,1,high risk,PHASE1,INTERVENTIONAL,INDUSTRY,ALL,ESTIMATED,18.0,2.9444389791664403,1,3,1,1,3358,235,2014.0,0,0,0,0,0,0
NCT02505204,PVB With vs. Without Clonidine for Ventral Hernia Repair,SUSPENDED,1,high risk,MISSING,INTERVENTIONAL,OTHER,ALL,ESTIMATED,60.0,4.110873864173311,1,2,1,1,253,609,2015.0,1,1,1,0,0,0
NCT06546449,LH-001 vs Placebo in Healthy Participants,SUSPENDED,1,high risk,PHASE1,INTERVENTIONAL,OTHER,ALL,ESTIMATED,56.0,4.04305126783455,1,2,1,1,3819,194,2025.0,1,1,0,0,0,0
NCT03679078,IDDSI Nutritional Drink for Dysphagia Study,SUSPENDED,1,high risk,MISSING,INTERVENTIONAL,INDUSTRY,ALL,ESTIMATED,40.0,3.713572066704308,2,1,8,1,913,180,2018.0,0,1,1,0,0,0
NCT06199284,Atalante Exoskeleton in the Rehabilitation of Patients With Amyotrophic Lateral Sclerosis,SUSPENDED,1,high risk,MISSING,INTERVENTIONAL,OTHER,ALL,ESTIMATED,20.0,3.044522437723423,1,1,3,1,2106,1038,2024.0,0,1,1,0,0,0
NCT05546879,Study Investigating the Association of NP137 With Atezolizumab-Bevacizumab Combination in First Line in Unresectable HCC,SUSPENDED,1,high risk,PHASE1,INTERVENTIONAL,OTHER,ALL,ACTUAL,43.0,3.784189633918261,1,3,1,1,8185,373,2023.0,0,1,0,0,0,0
NCT02789098,"Relationship Between Left Ventricular Remodeling, Coronary Endothelial Function and Myocardial Fibrosis Using Positron Emission Tomography in Patients With ST-elevation Myocardial Infarction",SUSPENDED,1,high risk,MISSING,INTERVENTIONAL,OTHER,ALL,ESTIMATED,30.0,3.4339872044851463,1,1,1,1,806,571,2016.0,0,1,1,0,0,0
NCT06845943,A First-in-human Study of HCR-188 in Overweight or Obese Otherwise Healthy Volunteers Without Type 2 Diabetes,SUSPENDED,1,high risk,EARLY_PHASE1,INTERVENTIONAL,INDUSTRY,ALL,ESTIMATED,48.0,3.8918202981106265,1,2,1,1,1112,204,2025.0,1,1,0,0,0,0
NCT04427306,Neoadjuvant T-VEC in High Risk Early Melanoma,SUSPENDED,1,high risk,PHASE2,INTERVENTIONAL,OTHER,ALL,ACTUAL,6.0,1.9459101490553132,1,1,1,1,6292,2416,2020.0,0,1,0,0,0,0
NCT02603549,Pituitary Function and Spontaneous Intracranial Hypotension,SUSPENDED,1,high risk,MISSING,OBSERVATIONAL,OTHER,ALL,ESTIMATED,100.0,4.61512051684126,2,1,1,1,425,851,2015.0,0,1,1,0,0,0
NCT01723306,Phase II/Pilot Study of 2nd Generation Anti-CEA Designer T Cells in Adenocarcinomas,SUSPENDED,1,high risk,PHASE2,INTERVENTIONAL,OTHER,ALL,ESTIMATED,48.0,3.8918202981106265,1,1,1,1,3213,1531,2012.0,0,1,0,0,0,0
NCT02513914,Operative Procedures Vs. Endovascular Neurosurgery for Untreated Pseudotumor Trial,SUSPENDED,1,high risk,MISSING,INTERVENTIONAL,OTHER,ALL,ESTIMATED,80.0,4.394449154672439,2,2,2,1,3200,979,2020.0,0,1,1,0,0,0
NCT06983158,A Clinical Trial of CAP-002 Gene Therapy in Pediatric Patients With Syntaxin-Binding Protein 1 (STXBP1) Encephalopathy,SUSPENDED,1,high risk,PHASE1; PHASE2,INTERVENTIONAL,INDUSTRY,ALL,ESTIMATED,12.0,2.5649493574615367,1,1,4,1,1666,464,2025.0,0,0,0,0,0,0
NCT03098732,Magnetically Enhanced Diffusion for Acute Ischaemic Stroke (MEDIS) Trial,SUSPENDED,1,high risk,MISSING,INTERVENTIONAL,INDUSTRY,ALL,ESTIMATED,120.0,4.795790545596741,7,2,2,1,3059,591,2017.0,0,1,1,0,0,0
NCT07062575,Exoskeleton Training at Home to Assist Participants With Spinal Cord Injuries to Perform Ambulatory Functions.,SUSPENDED,1,high risk,MISSING,INTERVENTIONAL,INDUSTRY,ALL,ESTIMATED,10.0,2.3978952727983707,1,1,1,1,1968,435,2025.0,0,1,1,0,0,0
NCT06481501,Mindfulness Intervention for Individuals With HIV and Chronic Pain,SUSPENDED,1,high risk,MISSING,INTERVENTIONAL,OTHER,ALL,ESTIMATED,40.0,3.713572066704308,2,1,1,1,294,222,2024.0,0,1,1,0,0,0
NCT05209165,Semaglutide to Reduce Atrial Fibrillation Burden,SUSPENDED,1,high risk,PHASE4,INTERVENTIONAL,FED,ALL,ESTIMATED,132.0,4.890349128221754,3,2,1,1,962,1441,2023.0,1,1,0,0,0,0
NCT04348461,BAttLe Against COVID-19 Using MesenchYmal Stromal Cells,SUSPENDED,1,high risk,PHASE2,INTERVENTIONAL,OTHER,ALL,ESTIMATED,100.0,4.61512051684126,2,1,1,1,1507,386,2020.0,0,1,0,0,0,0
NCT05153083,Cryoablation of Intercostal Nerves for Better Control of Postoperative Pain After Thoracic and Thoracoabdominal Open Surgery,SUSPENDED,1,high risk,MISSING,OBSERVATIONAL,OTHER,ALL,ESTIMATED,200.0,5.303304908059076,1,1,13,8,588,764,2024.0,0,1,1,0,0,0
NCT00738777,Pre-operative Hormonal Treatment for Hormone Receptor Positive Breast Cancer,SUSPENDED,1,high risk,PHASE2,INTERVENTIONAL,OTHER,ALL,ESTIMATED,250.0,5.5254529391317835,1,4,4,1,1164,130,2008.0,0,0,0,0,0,0
NCT05893069,Oxandrolone Multiligament Knee,SUSPENDED,1,high risk,PHASE4,INTERVENTIONAL,OTHER,ALL,ESTIMATED,60.0,4.110873864173311,1,2,1,1,1008,344,2023.0,1,1,0,0,0,0
NCT03718156,The Prevention Program for Alzheimer's Related Delirium (PREPARED) Trial,SUSPENDED,1,high risk,MISSING,INTERVENTIONAL,OTHER,ALL,ESTIMATED,800.0,6.68586094706836,2,1,6,1,975,2043,2018.0,0,1,1,0,0,0
NCT04898530,Diet Patterns in IBD in Central Texas,SUSPENDED,1,high risk,MISSING,OBSERVATIONAL,OTHER,ALL,ESTIMATED,500.0,6.2166061010848646,3,1,1,1,180,151,2021.0,0,1,1,0,0,0
NCT05488639,Injury and Illness Surveillance at FIFA U-17 & U-20 Women's World Cups.,SUSPENDED,1,high risk,MISSING,OBSERVATIONAL,OTHER,FEMALE,ESTIMATED,672.0,6.511745329644728,2,1,1,1,234,178,2022.0,0,0,1,0,0,0
NCT01740739,Evaluation Using ClearView in Determining Association to the Cardiac Risk Factors,SUSPENDED,1,high risk,MISSING,OBSERVATIONAL,INDUSTRY,ALL,ESTIMATED,60.0,4.110873864173311,2,0,1,1,1254,849,2012.0,0,1,1,0,0,0
NCT02121405,Randomized Trial of Primary Surgery Followed Selective Radiochemotherapy for Rectal Cancer With MRI Negative CRM,SUSPENDED,1,high risk,PHASE3,INTERVENTIONAL,OTHER,ALL,ESTIMATED,350.0,5.860786223465865,4,4,7,1,743,195,2015.0,0,1,0,0,0,0
NCT03973710,Effect of Probiotics on Blood Pressure Management,SUSPENDED,1,high risk,MISSING,INTERVENTIONAL,OTHER,ALL,ESTIMATED,40.0,3.713572066704308,1,2,1,1,878,310,2022.0,1,1,1,0,0,0
NCT06929923,Pro-2-Cool Pivotal Trial II,SUSPENDED,1,high risk,MISSING,INTERVENTIONAL,INDUSTRY,ALL,ESTIMATED,72.0,4.290459441148391,1,1,2,1,1521,241,2025.0,0,0,1,0,0,0
NCT06840574,The Effect of Nutritional Supplementation on Actinic Purpura: A Pilot Study,SUSPENDED,1,high risk,MISSING,INTERVENTIONAL,INDUSTRY,ALL,ESTIMATED,30.0,3.4339872044851463,4,3,1,1,1888,844,2025.0,0,1,1,0,0,0
NCT04202783,The Use of Exosomes In Craniofacial Neuralgia,SUSPENDED,1,high risk,MISSING,INTERVENTIONAL,OTHER,ALL,ESTIMATED,100.0,4.61512051684126,1,1,1,1,961,272,2023.0,0,1,1,0,0,0
NCT02962973,European Clinical Evaluation of the Carmat Total Artificial Heart,SUSPENDED,1,high risk,MISSING,INTERVENTIONAL,INDUSTRY,ALL,ESTIMATED,20.0,3.044522437723423,1,2,2,2,3073,441,2016.0,0,1,1,0,0,0
NCT02037529,Eribulin Mesylate or Paclitaxel as First- or Second-Line Therapy in Treating Patients With Recurrent Stage IIIC-IV Breast Cancer,SUSPENDED,1,high risk,PHASE3,INTERVENTIONAL,OTHER,ALL,ACTUAL,201.0,5.308267697401205,5,4,39,1,11050,417,2014.0,0,1,0,0,0,0
NCT03886012,Efficacy of a Transcranial Vibrating System for Mitigation of Migraine Associated Vertigo,SUSPENDED,1,high risk,MISSING,INTERVENTIONAL,INDUSTRY,ALL,ESTIMATED,40.0,3.713572066704308,4,2,1,1,1281,453,2019.0,0,1,1,0,0,0
NCT04124016,"Metabotypes in the Urinary Excretion of Flavan-3-ol Metabolites: ""Metanols""",SUSPENDED,1,high risk,MISSING,INTERVENTIONAL,OTHER,ALL,ESTIMATED,50.0,3.9318256327243257,1,4,1,1,433,1396,2019.0,0,1,1,0,0,0
NCT01627795,Safety and Efficacy of Oshadi D and Oshadi R for Malignant Mesothelioma Treatment,SUSPENDED,1,high risk,PHASE1; PHASE2,INTERVENTIONAL,INDUSTRY,ALL,ESTIMATED,17.0,2.8903717578961645,1,1,1,1,2684,712,2016.0,0,1,0,0,0,0
NCT06254911,"Pre-operative Atezolizumab in Patients With Resectable, Human Papillomavirus Related Oropharyngeal Carcinoma",SUSPENDED,1,high risk,PHASE2,INTERVENTIONAL,OTHER,ALL,ESTIMATED,20.0,3.044522437723423,1,4,1,1,11779,357,2023.0,0,1,0,0,0,0
NCT04205734,Methotrexate Polyglutamate Measurements in Patients With Inflammatory Bowel Disease,SUSPENDED,1,high risk,MISSING,OBSERVATIONAL,OTHER,ALL,ESTIMATED,100.0,4.61512051684126,1,1,1,1,111,246,2021.0,0,0,1,0,0,0
NCT04312763,A Validation of the Functional Low-Vision Observer Rated Assessment (FLORA-20) for Profoundly Blind Individuals,SUSPENDED,1,high risk,MISSING,OBSERVATIONAL,INDUSTRY,ALL,ACTUAL,3.0,1.3862943611198906,1,0,1,1,544,557,2020.0,0,1,1,0,0,0
NCT04981834,Robot-Assisted Radical Prostatectomy With or Without Vesicopexy in Patients With Prostate Cancer,SUSPENDED,1,high risk,MISSING,INTERVENTIONAL,OTHER,MALE,ESTIMATED,196.0,5.2832037287379885,9,4,1,1,673,895,2021.0,0,1,1,0,0,0
NCT01601093,Study on Ceftazidime and Sulbactam Sodium for Injection (2:1) for Treatment of Respiratory and Urinary Tract Infection,SUSPENDED,1,high risk,PHASE2,INTERVENTIONAL,INDUSTRY,ALL,ESTIMATED,288.0,5.666426688112432,2,3,1,1,1773,221,2011.0,0,1,0,0,0,0
NCT02270905,Clinical Evaluation of dCELL® Meniscus for Partial Replacement of the Meniscus,SUSPENDED,1,high risk,MISSING,INTERVENTIONAL,INDUSTRY,ALL,ACTUAL,32.0,3.4965075614664802,1,1,4,2,1084,179,2014.0,0,1,1,0,0,0
NCT00033956,Evaluation of M40403 for the Prevention of Dose Limiting Toxicities of High Dose IL-2,SUSPENDED,1,high risk,PHASE1; PHASE2,INTERVENTIONAL,INDUSTRY,ALL,MISSING,48.0,3.8918202981106265,1,1,3,1,3187,752,2001.0,0,1,0,0,0,0
NCT03580083,RGX-111 Gene Therapy in Patients With MPS I,SUSPENDED,1,high risk,PHASE1; PHASE2,INTERVENTIONAL,INDUSTRY,ALL,ESTIMATED,21.0,3.091042453358316,3,1,2,2,7723,253,2019.0,0,0,0,0,0,0
NCT01060241,Effect of Internet Therapeutic Intervention on A1C Levels in Type 2 Diabetes Mellitus (DM) on Combination Oral Therapy,SUSPENDED,1,high risk,MISSING,INTERVENTIONAL,OTHER,ALL,ESTIMATED,50.0,3.9318256327243257,1,1,1,1,627,571,2010.0,0,1,1,0,0,0
NCT00353327,Study of the Effectiveness of Passive Immunotherapy in HIV-Infected Patients Who Are in Virologic Failure,SUSPENDED,1,high risk,PHASE2; PHASE3,INTERVENTIONAL,OTHER,ALL,ESTIMATED,30.0,3.4339872044851463,1,1,1,1,856,302,2006.0,0,1,0,0,0,0
NCT00820586,Intramyocardial Delivery of Autologous Bone Marrow,SUSPENDED,1,high risk,PHASE2,INTERVENTIONAL,OTHER,ALL,ACTUAL,13.0,2.6390573296152584,1,1,1,1,3417,245,2007.0,0,1,0,0,0,0
NCT06763341,A Phase 1 Study of AOH1996 in Patients With Relapsed/Refractory Acute Myeloid Leukemia,SUSPENDED,1,high risk,PHASE1,INTERVENTIONAL,OTHER,ALL,ESTIMATED,12.0,2.5649493574615367,2,5,1,1,5516,555,2025.0,0,1,0,0,0,0
NCT06198946,External Diaphragm Pacing Therapy and Correlation Analysis of Trunk Balance and Respiratory Function in Stroke Patients,SUSPENDED,1,high risk,MISSING,INTERVENTIONAL,OTHER,ALL,ACTUAL,30.0,3.4339872044851463,2,2,1,1,1284,905,2023.0,0,1,1,0,0,0
NCT04711161,"First-in-Human Evaluation of GRN-300 in Subjects With Recurrent Ovarian, Primary Peritoneal, and Fallopian Tube Cancers.",SUSPENDED,1,high risk,PHASE1,INTERVENTIONAL,INDUSTRY,ALL,ESTIMATED,73.0,4.30406509320417,1,2,1,1,2850,764,2020.0,0,1,0,0,0,0
NCT00606788,Therapy Study of Automated Protocolized vs. Physician-Directed Non-Protocolized Weaning,SUSPENDED,1,high risk,MISSING,INTERVENTIONAL,OTHER,ALL,ACTUAL,60.0,4.110873864173311,5,2,1,1,421,490,2005.0,0,1,1,0,0,0
NCT04660903,Treatment of Fistula in Ano With Autologous Fatty Tissue Cells Transplantation,SUSPENDED,1,high risk,MISSING,INTERVENTIONAL,OTHER,ALL,ESTIMATED,30.0,3.4339872044851463,2,1,1,1,398,375,2020.0,0,1,1,0,0,0
NCT04125524,Terahertz Metamaterials for Tumour Marker Concentration Identification,SUSPENDED,1,high risk,MISSING,OBSERVATIONAL,OTHER,ALL,ACTUAL,90.0,4.51085950651685,1,1,1,1,267,416,2021.0,0,1,1,0,0,0
NCT03042637,Safety and Efficacy of Combination Acthar Gel and Tacrolimus in the Treatment of Steroid Resistant Nephrotic Syndrome,SUSPENDED,1,high risk,MISSING,OBSERVATIONAL,OTHER,ALL,MISSING,,,1,1,1,1,600,492,2012.0,0,1,1,0,0,0
NCT03807973,Tracking Peripheral Immune Cell Infiltration of the Brain in Central Inflammatory Disorders Using [Zr-89]Oxinate-4-labeled Leukocytes.,SUSPENDED,1,high risk,PHASE1,INTERVENTIONAL,OTHER,ALL,ESTIMATED,120.0,4.795790545596741,4,1,1,1,1100,640,2021.0,0,1,0,0,0,0
NCT06072794,A Proof of Concept Study to Evaluate Exosomes From Human Mesenchymal Stem Cells in Women With Premature Ovarian Insufficiency (POI),SUSPENDED,1,high risk,PHASE1,INTERVENTIONAL,INDUSTRY,FEMALE,ESTIMATED,9.0,2.302585092994046,2,1,1,1,4464,221,2023.0,0,1,0,0,0,0
NCT03316573,Pembrolizumab in Neoplasms or Lymphomas,SUSPENDED,1,high risk,PHASE2,INTERVENTIONAL,OTHER,ALL,ACTUAL,18.0,2.9444389791664403,4,1,4,1,8671,204,2017.0,0,1,0,0,0,0
NCT03246282,Feasibility of Polychromatic Light Emitting Diode System to Reduce Pain,SUSPENDED,1,high risk,EARLY_PHASE1,INTERVENTIONAL,OTHER,ALL,ESTIMATED,150.0,5.017279836814924,1,3,1,1,947,782,2017.0,0,1,0,0,0,0
NCT00978224,Viusid Administration in Subjects With Chronic Inflammatory Syndrome Under Hemodialysis Treatment,SUSPENDED,1,high risk,PHASE3,INTERVENTIONAL,INDUSTRY,ALL,ESTIMATED,152.0,5.030437921392435,1,2,1,1,347,633,2009.0,1,1,0,0,0,0
NCT03065062,"Study of the CDK4/6 Inhibitor Palbociclib (PD-0332991) in Combination With the PI3K/mTOR Inhibitor Gedatolisib (PF-05212384) for Patients With Advanced Squamous Cell Lung, Pancreatic, Head & Neck and Other Solid Tumors",SUSPENDED,1,high risk,PHASE1,INTERVENTIONAL,OTHER,ALL,ESTIMATED,75.0,4.330733340286331,4,2,3,1,5457,179,2017.0,0,1,0,0,0,0
NCT03711890,Ultra-High Resolution Optical Coherence Tomography in Detecting Micrometer Sized Early Stage Pancreatic Cancer in Participants With Pancreatic Cancer,SUSPENDED,1,high risk,MISSING,INTERVENTIONAL,OTHER,ALL,ESTIMATED,75.0,4.330733340286331,2,3,1,1,258,319,2019.0,0,1,1,0,0,0
NCT04806282,"Deep Phenotyping of Hearing Instability Disorders: Cohort Establishment, Biomarker Identification, Development of Novel Phenotyping Measures, and Discovery of Therapeutic Targets",SUSPENDED,1,high risk,MISSING,OBSERVATIONAL,NIH,ALL,ACTUAL,58.0,4.07753744390572,3,0,1,1,4233,1630,2021.0,0,1,1,0,0,0
NCT04902053,"INSPIRIS RESILIA Aortic Valve, Valve-in-Valve Surveillance Study",SUSPENDED,1,high risk,MISSING,OBSERVATIONAL,INDUSTRY,ALL,ESTIMATED,50.0,3.9318256327243257,1,1,7,1,1258,272,2028.0,0,1,1,0,0,0
NCT05993611,Allogeneic CD6 Chimeric Antigen Receptor T Regulatory Cells (CD6-CAR Tregs) for the Treatment of Patients With Chronic Graft Versus Host Disease After Allogeneic Hematopoietic Cell Transplantation,SUSPENDED,1,high risk,PHASE1,INTERVENTIONAL,OTHER,ALL,ESTIMATED,27.0,3.332204510175204,3,12,1,1,7209,2247,2024.0,0,1,0,0,0,0
NCT05506800,Guangzhou Women's Health Cohort Study (GWHCS),SUSPENDED,1,high risk,MISSING,OBSERVATIONAL,OTHER,FEMALE,ESTIMATED,1000000.0,13.815511557963774,9,0,1,1,278,538,2016.0,0,1,1,0,0,0
NCT04711863,Fluvoxamine for Adults With Mild to Moderate COVID-19,SUSPENDED,1,high risk,PHASE2,INTERVENTIONAL,OTHER,ALL,ESTIMATED,400.0,5.993961427306569,3,2,1,1,3059,783,2021.0,1,1,0,0,0,0
NCT03816319,TAK-243 in Treating Patients With Relapsed or Refractory Acute Myeloid Leukemia or Myelodysplastic Syndromes With Increased Blasts,SUSPENDED,1,high risk,PHASE1,INTERVENTIONAL,NIH,ALL,ESTIMATED,42.0,3.7612001156935624,7,6,5,2,10719,351,2025.0,0,1,0,0,0,0
NCT05693064,The Impact of Chiropractic on Long COVID-19,SUSPENDED,1,high risk,MISSING,INTERVENTIONAL,OTHER,ALL,ESTIMATED,40.0,3.713572066704308,1,2,1,1,930,444,2025.0,0,1,1,0,0,0
NCT04803201,Testing the Addition of Duvelisib or CC-486 to the Usual Treatment for Peripheral T-Cell Lymphoma,SUSPENDED,1,high risk,PHASE2,INTERVENTIONAL,OTHER,ALL,ESTIMATED,170.0,5.14166355650266,7,7,86,1,4768,716,2021.0,0,1,0,0,0,0
NCT05938296,oHSV2-PD-L1/CD3-BsAb Administered Via Intratumoral Injection,SUSPENDED,1,high risk,PHASE1,INTERVENTIONAL,INDUSTRY,ALL,ESTIMATED,29.0,3.4011973816621555,1,1,2,1,8424,305,2023.0,0,1,0,0,0,0
NCT05994846,Non-Invasive Electrical and Magnetic Neuromodulation in Persons With Chronic Spinal,SUSPENDED,1,high risk,MISSING,INTERVENTIONAL,OTHER,ALL,ESTIMATED,10.0,2.3978952727983707,2,1,1,1,1801,440,2023.0,0,1,1,0,0,0
NCT06063759,Comparative Measurement of Microcirculation and Other Parameters With the Vital USA VitalDetect™ in Patients With Diabetes Mellitus Type 1 and Type 2 Versus Healthy Participants,SUSPENDED,1,high risk,MISSING,INTERVENTIONAL,OTHER,ALL,ESTIMATED,100.0,4.61512051684126,1,1,1,1,714,438,2023.0,0,1,1,0,0,0
NCT00827203,A Safety Study to Determine the Maximum Tolerated Dose of Elesclomol Sodium in Patients With Solid Tumors,SUSPENDED,1,high risk,PHASE1,INTERVENTIONAL,INDUSTRY,ALL,ESTIMATED,30.0,3.4339872044851463,1,1,3,1,1018,328,2009.0,0,1,0,0,0,0
NCT04657146,Longitudinal Assessment of Marrow and Blood in Patients With Glioblastoma,SUSPENDED,1,high risk,MISSING,OBSERVATIONAL,OTHER,ALL,ESTIMATED,40.0,3.713572066704308,1,1,1,1,1657,142,2024.0,0,1,1,0,0,0
NCT05085288,"The PROTECT 2 Study : Pressure Injury Treatment by Intermittent Electrical Stimulation: A Randomized, Controlled Trial",SUSPENDED,1,high risk,MISSING,INTERVENTIONAL,OTHER,ALL,ESTIMATED,1100.0,7.00397413672268,2,2,3,2,763,241,2022.0,0,1,1,0,0,0
NCT04896827,DNIC Using Deep Learning and Artificial Intelligence,SUSPENDED,1,high risk,MISSING,OBSERVATIONAL,OTHER,ALL,ESTIMATED,244.0,5.501258210544727,1,1,1,1,960,622,2022.0,0,1,1,0,0,0
NCT04523727,Study to Evaluate the Safety and Tolerability of Ferric Citrate in Children With Hyperphosphatemia Related to Chronic Kidney Disease,SUSPENDED,1,high risk,PHASE3,INTERVENTIONAL,INDUSTRY,ALL,ESTIMATED,45.0,3.828641396489095,1,1,14,1,4078,174,2022.0,0,0,0,0,0,0
NCT04908111,A Trial of ChAdOx1 and MVA Vaccines Against MAGE-A3 and NY-ESO-1,SUSPENDED,1,high risk,PHASE1; PHASE2,INTERVENTIONAL,OTHER,ALL,ACTUAL,15.0,2.772588722239781,2,9,9,1,12074,203,2021.0,0,1,0,0,0,0
NCT00563134,A Randomised Trial on the Saftely and Efficacy of GR270774 in the Treatment of Gram-negative Sepsis in Adult,SUSPENDED,1,high risk,MISSING,INTERVENTIONAL,OTHER_GOV,ALL,ESTIMATED,1800.0,7.496097345175956,2,1,1,1,6982,1094,2005.0,0,1,1,0,0,0
NCT01021943,Spironolactone and Prevention of Calcineurin Inhibitor Toxicity in Kidney Transplant Recipients,SUSPENDED,1,high risk,PHASE2,INTERVENTIONAL,OTHER,ALL,ESTIMATED,40.0,3.713572066704308,1,2,1,1,312,164,2009.0,1,1,0,0,0,0
NCT04810871,Surgical Resection of Latent Brain Tumors Prior to Recurrence,SUSPENDED,1,high risk,MISSING,INTERVENTIONAL,OTHER,ALL,ESTIMATED,40.0,3.713572066704308,1,1,1,1,1350,547,2021.0,0,1,1,0,0,0
NCT04084158,A Study of Toripalimab Combined With Concurrent Chemoradiotherapy for Locally Advanced Esophageal Squamous Cell Carcinoma.,SUSPENDED,1,high risk,PHASE2,INTERVENTIONAL,OTHER,ALL,ESTIMATED,100.0,4.61512051684126,1,4,1,1,6027,205,2019.0,0,1,0,0,0,0
NCT03848260,A Real-Time Magnetic Device Prototype for Temporary Management of Paralytic Lagophthalmos,SUSPENDED,1,high risk,MISSING,INTERVENTIONAL,OTHER,ALL,ESTIMATED,12.0,2.5649493574615367,1,1,1,1,434,410,2026.0,0,1,1,0,0,0
NCT05312996,Autonomic Nervous System Function - Hypertension,SUSPENDED,1,high risk,MISSING,INTERVENTIONAL,OTHER,ALL,ESTIMATED,30.0,3.4339872044851463,1,2,1,1,857,561,2021.0,0,1,1,0,0,0
NCT05643690,Urine Sample Collection for Validation of the AnchorDx UriFind™ Bladder Cancer Assay,SUSPENDED,1,high risk,MISSING,OBSERVATIONAL,INDUSTRY,ALL,ACTUAL,77.0,4.356708826689592,1,1,2,1,474,351,2022.0,0,1,1,0,0,0
NCT06165978,Physical Activity Coaching in Patients with Post-COVID-19,SUSPENDED,1,high risk,MISSING,INTERVENTIONAL,OTHER,ALL,ESTIMATED,162.0,5.093750200806762,1,10,1,1,1855,637,2024.0,0,1,1,0,0,0
NCT06675513,Autologous CAR-T Cells (WD-01) for Metastatic Colorectal Cancer,SUSPENDED,1,high risk,EARLY_PHASE1,INTERVENTIONAL,INDUSTRY,ALL,ESTIMATED,30.0,3.4339872044851463,2,1,1,1,3792,151,2025.0,0,1,0,0,0,0
NCT03362424,Mesenchymal Stem Cells in Rotator Cuff Repair,SUSPENDED,1,high risk,PHASE2,INTERVENTIONAL,OTHER,ALL,ESTIMATED,44.0,3.8066624897703196,3,2,1,1,1531,328,2020.0,0,1,0,0,0,0
NCT01527747,Effects of DPP-4 Inhibition on Triglycerides,SUSPENDED,1,high risk,PHASE4,INTERVENTIONAL,OTHER,ALL,ACTUAL,15.0,2.772588722239781,2,1,1,1,2955,154,2012.0,0,1,0,0,0,0
NCT01709396,ED-TBI Followed By Allogeneic Stem Cell Transplantation For The Treatment Of Refractory AML And Advanced MDS,SUSPENDED,1,high risk,PHASE2,INTERVENTIONAL,OTHER,ALL,ESTIMATED,20.0,3.044522437723423,2,1,1,1,2252,2216,2012.0,0,1,0,0,0,0
NCT06684496,A Study of High-intensity Strength Training and Thoracic Aorta Dilatation,SUSPENDED,1,high risk,MISSING,OBSERVATIONAL,OTHER,ALL,ESTIMATED,45.0,3.828641396489095,1,0,1,1,213,380,2024.0,0,1,1,0,0,0
NCT07258446,PRAME Immunohistochemistry-Guided Slow Mohs Micrographic Surgery for the Treatment of Stage 0 to IIc Cutaneous Melanoma,SUSPENDED,1,high risk,MISSING,INTERVENTIONAL,OTHER,ALL,ESTIMATED,36.0,3.6109179126442243,3,2,1,1,677,984,2025.0,0,1,1,0,0,0
NCT05168904,"A Study to Investigate Fadraciclib (CYC065), in Subjects With Leukemia or Myelodysplastic Syndrome (MDS)",SUSPENDED,1,high risk,PHASE1; PHASE2,INTERVENTIONAL,INDUSTRY,ALL,ESTIMATED,210.0,5.351858133476067,2,1,2,1,3765,368,2021.0,0,1,0,0,0,0
NCT05138458,A Study of MT-101 in Subjects With CD5+ Relapsed/Refractory TCL,SUSPENDED,1,high risk,PHASE1; PHASE2,INTERVENTIONAL,INDUSTRY,ALL,ESTIMATED,40.0,3.713572066704308,5,2,6,1,1569,379,2021.0,0,1,0,0,0,0
NCT04607343,Clinical Trial of a Rehabilitation Device Based on Electrostimulation for Obstructive Sleep Apnoea,SUSPENDED,1,high risk,MISSING,INTERVENTIONAL,OTHER,ALL,ESTIMATED,17.0,2.8903717578961645,1,1,2,1,2550,1193,2026.0,0,1,1,0,0,0
NCT06246344,Adaptive Boost Radiotherapy to Primary Lesions and Positive Nodes in the Neoadjuvant Treatment of Locally Advanced Rectal Cancer,SUSPENDED,1,high risk,MISSING,OBSERVATIONAL,OTHER,ALL,ESTIMATED,128.0,4.859812404361672,1,5,1,1,1460,297,2023.0,0,1,1,0,0,0
NCT06102434,Safety Profile of Psilocybin for Cocaine Use Disorder,SUSPENDED,1,high risk,EARLY_PHASE1,INTERVENTIONAL,OTHER,ALL,ESTIMATED,10.0,2.3978952727983707,1,1,1,1,1693,1239,2029.0,0,1,0,0,0,0
NCT06081868,RCT on Effectiveness of Oral Health Preventive Programmes in School Children in Uganda,SUSPENDED,1,high risk,MISSING,INTERVENTIONAL,OTHER,ALL,ESTIMATED,610.0,6.415096959171596,6,2,1,1,495,1863,2023.0,0,0,1,0,0,0
NCT05089461,A Study to Evaluate the Cardiac Safety of Mitoxantrone Hydrochloride Liposome Injection in the Treatment of Advanced Malignant Tumor,SUSPENDED,1,high risk,PHASE2,INTERVENTIONAL,INDUSTRY,ALL,ESTIMATED,120.0,4.795790545596741,1,1,1,1,3151,209,2022.0,0,1,0,0,0,0
NCT03928769,"PROGENitors, TELomeres and ARTerial Aging",SUSPENDED,1,high risk,MISSING,OBSERVATIONAL,OTHER,ALL,ESTIMATED,100.0,4.61512051684126,1,0,1,1,619,2590,2019.0,0,1,1,0,0,0
NCT04929041,Testing the Addition of Radiation Therapy to the Usual Treatment (Immunotherapy With or Without Chemotherapy) for Advanced Stage Non-small Cell Lung Cancer Patients Who Are PD-L1 Negative,SUSPENDED,1,high risk,PHASE2; PHASE3,INTERVENTIONAL,NIH,ALL,ESTIMATED,427.0,6.059123195581797,6,10,170,1,4844,1005,2022.0,0,1,0,0,0,0
NCT03143790,Ekstracorporal Shock Wave Therapy as a Treatment for Erectile Dysfunction in Men After Prostatectomy,SUSPENDED,1,high risk,MISSING,INTERVENTIONAL,OTHER,MALE,ESTIMATED,18.0,2.9444389791664403,1,1,1,1,208,307,2014.0,0,1,1,0,0,0
NCT00865488,Evaluation of Adhexil Safety and Efficacy in Prevention and/or Reduction of Adhesions in Gynecological Surgery,SUSPENDED,1,high risk,PHASE3,INTERVENTIONAL,INDUSTRY,FEMALE,ESTIMATED,80.0,4.394449154672439,3,1,5,5,783,187,2009.0,0,1,0,0,0,0
NCT00353444,Transcranial Doppler Measurement and Prognosis in Moderate Head Injury,SUSPENDED,1,high risk,MISSING,OBSERVATIONAL,OTHER,ALL,MISSING,70.0,4.2626798770413155,1,0,1,1,763,246,2006.0,0,0,1,0,0,0
NCT04946864,"A Study to Investigate the Safety, Tolerability, of APG-2575 as a Single Agent or in Combination for Breast Cancer",SUSPENDED,1,high risk,PHASE1; PHASE2,INTERVENTIONAL,INDUSTRY,ALL,ESTIMATED,65.0,4.189654742026425,2,2,7,2,5638,317,2021.0,0,1,0,0,0,0
NCT00991744,Liposomal Cytarabine for Central Nervous System (CNS)-Treatment in High-risk Acute Lymphoblastic Leukemia (ALL),SUSPENDED,1,high risk,PHASE3,INTERVENTIONAL,OTHER,ALL,ESTIMATED,100.0,4.61512051684126,1,2,5,5,535,290,2009.0,0,0,0,0,0,0
NCT04330300,Coronavirus (COVID-19) ACEi/ARB Investigation,SUSPENDED,1,high risk,PHASE4,INTERVENTIONAL,OTHER,ALL,ESTIMATED,2414.0,7.789454566086673,2,4,1,1,769,1856,2020.0,0,1,0,0,0,0
NCT02629471,Study of the Effects of Light Flashes on the Visual System,SUSPENDED,1,high risk,MISSING,INTERVENTIONAL,INDUSTRY,ALL,ESTIMATED,60.0,4.110873864173311,1,1,1,1,308,1695,2017.0,0,1,1,0,0,0
NCT04327557,Childbirth Education Pilot Study,SUSPENDED,1,high risk,MISSING,INTERVENTIONAL,OTHER,FEMALE,ESTIMATED,60.0,4.110873864173311,2,2,1,1,1410,1408,2019.0,0,1,1,0,0,0
NCT07268092,Porcine Extracellular Matrix Nerve Wrap in Neck Dissection for Head and Neck Cancer,SUSPENDED,1,high risk,MISSING,INTERVENTIONAL,OTHER,ALL,ESTIMATED,74.0,4.31748811353631,3,1,1,1,672,315,2021.0,0,1,1,0,0,0
NCT01636336,Effects of Progesterone on Smoked Nicotine Induced Changes in Hormones and Subjective Ratings of Stimulant Drug Effects,SUSPENDED,1,high risk,MISSING,INTERVENTIONAL,OTHER,FEMALE,ESTIMATED,45.0,3.828641396489095,1,2,1,1,2067,320,2008.0,0,1,1,0,0,0
NCT07011771,A Clinical Trial of CAP-003 Gene Therapy in Adult Patients With GBA1 Associated Parkinson's Disease,SUSPENDED,1,high risk,PHASE1; PHASE2,INTERVENTIONAL,INDUSTRY,ALL,ESTIMATED,31.0,3.4657359027997265,1,2,6,1,1592,362,2025.0,0,1,0,0,0,0
NCT05165732,"Safety and Immunogenicity Study of Booster Vaccination With COVID-19 Vaccine (Vero Cell),Inactivated From Different Manufactures for Prevention of COVID-19",SUSPENDED,1,high risk,PHASE4,INTERVENTIONAL,INDUSTRY,ALL,ESTIMATED,480.0,6.175867270105761,1,3,1,1,2638,457,2022.0,0,1,0,0,0,0
NCT03547063,Responses to Appetite and Taste in the Brain Circuits That Control Eating Behaviour,SUSPENDED,1,high risk,MISSING,OBSERVATIONAL,OTHER,ALL,ESTIMATED,75.0,4.330733340286331,1,0,1,1,2240,339,2018.0,0,1,1,0,0,0
NCT07529535,A First-in-Human Study of ALK-N001 for Injection in Patients With Advanced Solid Tumors,SUSPENDED,1,high risk,PHASE1,INTERVENTIONAL,INDUSTRY,ALL,ACTUAL,16.0,2.833213344056216,1,1,2,1,8339,573,2025.0,0,1,0,0,0,0
NCT05076591,"IMM2902, a HER2/SIRPα Bispecific MAb-Trap Antibody-receptor Fusion Protein, in Patients with HER2-expressing Advanced Solid Tumors",SUSPENDED,1,high risk,PHASE1,INTERVENTIONAL,OTHER,ALL,ESTIMATED,135.0,4.912654885736052,3,1,3,1,6496,343,2022.0,0,1,0,0,0,0
NCT06655649,Impact of Exogenous Ketones on Sleep Disruption in Vulnerable Populations,SUSPENDED,1,high risk,PHASE1,INTERVENTIONAL,OTHER,ALL,ESTIMATED,30.0,3.4339872044851463,2,1,1,1,1272,1013,2025.0,1,1,0,0,0,0
NCT04845685,"A Study to Evaluate Continuous Glucose Monitor in Hospitalized, Post-operative Patients With Diabetes Mellitus",SUSPENDED,1,high risk,MISSING,INTERVENTIONAL,OTHER,ALL,ESTIMATED,50.0,3.9318256327243257,1,1,1,1,854,216,2026.0,0,1,1,0,0,0
NCT05888025,MBCT-T for Preoperative Pain Catastrophizing and Pain Outcomes After Spine Surgery,SUSPENDED,1,high risk,MISSING,INTERVENTIONAL,OTHER,ALL,ESTIMATED,25.0,3.258096538021482,1,1,2,1,601,370,2020.0,0,1,1,0,0,0
NCT05662826,Avatar-based Social Physical Activity,SUSPENDED,1,high risk,MISSING,INTERVENTIONAL,OTHER,ALL,ESTIMATED,24.0,3.2188758248682006,1,1,1,1,1016,278,2023.0,0,0,1,0,0,0
NCT03172897,Low-dose Dexmedetomidine in Mechanically Ventilated ICU Patients,SUSPENDED,1,high risk,PHASE4,INTERVENTIONAL,OTHER,ALL,ESTIMATED,260.0,5.564520407322694,5,2,1,1,833,844,2017.0,1,1,0,0,0,0
NCT01519843,Post Stroke Motor Learning,SUSPENDED,1,high risk,MISSING,INTERVENTIONAL,OTHER,ALL,ESTIMATED,100.0,4.61512051684126,2,2,1,1,355,263,2010.0,0,1,1,0,0,0
NCT03066908,Sinopsys Lacrimal Stent Study for Patients With Chronic Sinusitis or CRS,SUSPENDED,1,high risk,MISSING,INTERVENTIONAL,INDUSTRY,ALL,ACTUAL,4.0,1.6094379124341003,1,1,6,1,6150,271,2017.0,0,1,1,0,0,0
NCT04753060,Hair Cycle Modulation To Promote Human Wound Healing,SUSPENDED,1,high risk,MISSING,INTERVENTIONAL,OTHER,ALL,ACTUAL,11.0,2.4849066497880004,1,1,1,1,704,1507,2019.0,0,1,1,0,0,0
NCT01794559,Study to Evaluate the Safety and Efficacy of PEER Interactive Versus Treatment as Usual in Subjects With a Primary Diagnosis of Depression,SUSPENDED,1,high risk,MISSING,INTERVENTIONAL,INDUSTRY,ALL,ESTIMATED,1922.0,7.56164174558878,1,1,2,1,1601,611,2013.0,0,1,1,0,0,0
NCT01086982,Pharmacodynamics Of Product Octreotide Acetate Lar 30 Mg Compared To Product Sandostatin LAR ®,SUSPENDED,1,high risk,PHASE1,INTERVENTIONAL,INDUSTRY,ALL,ESTIMATED,16.0,2.833213344056216,1,2,1,1,1203,406,2010.0,0,1,0,0,0,0
NCT02718053,Reliability of Spasticity Measurement With Lokomat,SUSPENDED,1,high risk,MISSING,OBSERVATIONAL,OTHER,ALL,ESTIMATED,20.0,3.044522437723423,1,2,1,1,145,94,2015.0,0,1,1,0,0,0
NCT01974479,Pilot Study of Redirected Haploidentical Natural Killer Cell Infusions for B-Lineage Acute Lymphoblastic Leukemia,SUSPENDED,1,high risk,PHASE1,INTERVENTIONAL,OTHER,ALL,ESTIMATED,20.0,3.044522437723423,1,1,1,1,2074,1806,2013.0,0,0,0,0,0,0
NCT05913050,Predicting ROtator Cuff Tears Outcomes After Physical Therapy Treatment,SUSPENDED,1,high risk,MISSING,INTERVENTIONAL,OTHER,ALL,ESTIMATED,386.0,5.958424693029782,1,2,1,1,1071,259,2024.0,0,1,1,0,0,0
NCT03647891,Impact of Early Diagnosis and Treatment of OSA on Hospital Readmission in Hospitalized Cardiac Patients,SUSPENDED,1,high risk,MISSING,INTERVENTIONAL,OTHER,ALL,ESTIMATED,150.0,5.017279836814924,4,1,1,1,1318,221,2023.0,0,1,1,0,0,0
NCT03502499,Half-normal Saline in Idiopathic Left Ventricular Outflow Tract Arrhythmias Ablation,SUSPENDED,1,high risk,MISSING,INTERVENTIONAL,OTHER,ALL,ESTIMATED,50.0,3.9318256327243257,1,2,2,1,938,351,2018.0,0,1,1,0,0,0
NCT05669352,A Study of Oral IRAK-4 Inhibitor CA-4948 in Combination With Pembrolizumab and Stereotactic Radiosurgery in Patients With Melanoma Brain Metastases,SUSPENDED,1,high risk,PHASE1; PHASE2,INTERVENTIONAL,OTHER,ALL,ESTIMATED,29.0,3.4011973816621555,1,2,1,1,9933,770,2025.0,0,1,0,0,0,0
NCT04669652,Evaluating Piezo-ICSI. - The EPI Study.,SUSPENDED,1,high risk,MISSING,INTERVENTIONAL,INDUSTRY,ALL,ESTIMATED,265.0,5.583496308781699,2,1,2,1,803,2047,2023.0,0,0,1,0,0,0
NCT05204147,Actinium 225 Labeled Anti-CEA Antibody (Ac225-DOTA-M5A) for the Treatment of CEA Producing Advanced or Metastatic Cancers,SUSPENDED,1,high risk,PHASE1,INTERVENTIONAL,OTHER,ALL,ESTIMATED,20.0,3.044522437723423,2,2,1,1,3764,406,2022.0,0,1,0,0,0,0
NCT03921216,Cholesterol Metabolism in Plasma and Interstitial Fluid Among Subjects Undergoing Hemodialysis.,SUSPENDED,1,high risk,MISSING,OBSERVATIONAL,OTHER,ALL,ESTIMATED,20.0,3.044522437723423,3,0,1,1,519,1076,2019.0,0,1,1,0,0,0
NCT01438684,The Impact of RPh201 on Chronic Vegetative State (CVS): fMRI Study,SUSPENDED,1,high risk,PHASE1,INTERVENTIONAL,OTHER,ALL,ESTIMATED,10.0,2.3978952727983707,1,2,1,1,159,183,2012.0,0,1,0,0,0,0
NCT05795855,An Adaptive Prenatal Intervention to Increase Childhood Vaccinations,SUSPENDED,1,high risk,MISSING,INTERVENTIONAL,OTHER,FEMALE,ESTIMATED,770.0,6.647688373563329,1,1,1,1,804,239,2024.0,0,0,1,0,0,0
NCT02935478,Bariatric Embolization of Arteries in Obese Patients With HCC to Allow Salvage Liver Transplantation,SUSPENDED,1,high risk,MISSING,INTERVENTIONAL,OTHER,ALL,ESTIMATED,8.0,2.1972245773362196,7,1,1,1,2222,775,2017.0,0,1,1,0,0,0
NCT04493528,Needle-free Dental Anesthesia,SUSPENDED,1,high risk,MISSING,INTERVENTIONAL,OTHER,ALL,ESTIMATED,30.0,3.4339872044851463,2,2,1,1,249,1880,2019.0,0,1,1,0,0,0
NCT05443503,Stanford Spine Keeper - Managing Your Low Back Pain,SUSPENDED,1,high risk,MISSING,INTERVENTIONAL,OTHER,ALL,ESTIMATED,500000.0,13.122365377402328,1,1,1,1,619,616,2026.0,0,1,1,0,0,0
NCT01959373,Dysfunctions and Plasticity Mechanisms of Motor System Assessed by Cortico-cortical and Cortico-muscular Coherence Analysis in Amyotrophic Lateral Sclerosis,SUSPENDED,1,high risk,MISSING,INTERVENTIONAL,OTHER,ALL,ESTIMATED,30.0,3.4339872044851463,1,2,1,1,1551,1450,2013.0,0,1,1,0,0,0
NCT04985370,PNE Plus Exercise Versus Exercise for Chronic Rotator Cuff Tendinopathy,SUSPENDED,1,high risk,MISSING,INTERVENTIONAL,OTHER,ALL,ESTIMATED,52.0,3.970291913552122,1,2,1,1,691,288,2021.0,0,1,1,0,0,0
NCT00470756,Forefoot Adduction (FFA) in Infants and Toddlers. Differences of Neuromuscular Activity.,SUSPENDED,1,high risk,MISSING,OBSERVATIONAL,OTHER,ALL,ESTIMATED,20.0,3.044522437723423,1,1,1,1,222,1570,2008.0,0,0,1,0,0,0
NCT01580631,Narrow Band Imaging Project on Barrett's Esophagus,SUSPENDED,1,high risk,MISSING,OBSERVATIONAL,OTHER,ALL,ESTIMATED,50.0,3.9318256327243257,2,0,4,3,1621,1270,2012.0,0,1,1,0,0,0
NCT01545973,Understanding the Physiological Implications of Scanning Kelvin Probe Measurements,SUSPENDED,1,high risk,MISSING,OBSERVATIONAL,OTHER,ALL,ESTIMATED,24.0,3.2188758248682006,2,1,1,1,405,149,2011.0,0,1,1,0,0,0
NCT03337256,Direct Discharge of Patients With Upper Gastrointestinal Bleeding From the Emergency Department After Endoscopy,SUSPENDED,1,high risk,MISSING,INTERVENTIONAL,OTHER,ALL,ESTIMATED,762.0,6.637258031284457,1,1,2,1,680,696,2015.0,0,1,1,0,0,0
NCT06108869,Improving Health and Wellbeing for People Diagnosed With Chronic Spontaneous Urticaria (CSU),SUSPENDED,1,high risk,MISSING,INTERVENTIONAL,OTHER,ALL,ESTIMATED,100.0,4.61512051684126,1,2,1,1,144,687,2022.0,0,1,1,0,0,0
NCT04761705,Safety and Efficacy Study of JV-GL1 in Patients With Open-Angle Glaucoma or Ocular Hypertension,SUSPENDED,1,high risk,PHASE1; PHASE2,INTERVENTIONAL,INDUSTRY,ALL,ESTIMATED,70.0,4.2626798770413155,2,2,1,1,100,151,2021.0,0,1,0,0,0,0
NCT06600620,Intelligent Monitoring to Predict Atrial Fibrillation,SUSPENDED,1,high risk,MISSING,OBSERVATIONAL,OTHER_GOV,ALL,ESTIMATED,1200.0,7.0909098220799835,3,1,2,1,979,366,2024.0,0,1,1,0,0,0
NCT05130151,Using Mobile Technology to Prevent HIV and Related Youth Health Problems,SUSPENDED,1,high risk,MISSING,INTERVENTIONAL,OTHER,ALL,ESTIMATED,200.0,5.303304908059076,1,1,1,1,1636,2579,2023.0,0,0,1,0,0,0
NCT00324831,"GM-CSF With or Without Vaccine Therapy After Combination Chemotherapy and Rituximab as First-Line Therapy in Treating Patients With Stage II, Stage III, or Stage IV Diffuse Large B-Cell Lymphoma",SUSPENDED,1,high risk,PHASE3,INTERVENTIONAL,INDUSTRY,ALL,ESTIMATED,480.0,6.175867270105761,1,18,2,1,1462,1319,,1,1,0,0,0,0
NCT02465008,Analgesic Effect of Levobupivacaine in Breast Augmentation,SUSPENDED,1,high risk,PHASE4,INTERVENTIONAL,OTHER,FEMALE,ESTIMATED,66.0,4.204692619390966,1,2,0,0,472,158,,1,1,0,0,0,0
NCT04669860,Evaluating the Bacterial and Fungal Microbiome in Patients With Calcium Oxalate Urolithiasis and Renal Cell Carcinoma,SUSPENDED,1,high risk,MISSING,OBSERVATIONAL,OTHER,ALL,ESTIMATED,90.0,4.51085950651685,2,0,1,1,1249,153,2021.0,0,1,1,0,0,0
NCT05128513,Delipid Extracorporeal Lipoprotein Filter From Plasma (DELP) for Acute Hemorrhagic Stroke,SUSPENDED,1,high risk,MISSING,INTERVENTIONAL,OTHER,ALL,ESTIMATED,356.0,5.877735781779639,1,1,1,1,1329,643,2022.0,0,1,1,0,0,0
NCT04419779,Evaluation of the Efficacy and Safety of DMR Using the Revita® in Subjects With Inadequately Controlled Type 2 Diabetes,SUSPENDED,1,high risk,MISSING,INTERVENTIONAL,INDUSTRY,ALL,ESTIMATED,320.0,5.771441123130016,1,2,58,7,10157,662,2021.0,0,1,1,0,0,0
NCT02651480,A Nutritional Intervention in Police Officers,SUSPENDED,1,high risk,MISSING,INTERVENTIONAL,OTHER,ALL,ESTIMATED,20.0,3.044522437723423,3,2,1,1,1136,132,2016.0,0,1,1,0,0,0
NCT04926662,Understanding Rural Patient and Provide Preferences for Mobile Lung Cancer Screening Clinics,SUSPENDED,1,high risk,MISSING,OBSERVATIONAL,OTHER,ALL,ESTIMATED,320.0,5.771441123130016,1,0,1,1,180,197,2021.0,0,1,1,0,0,0
NCT03888027,WalkMORE: A Volunteer-driven Walking Intervention,SUSPENDED,1,high risk,MISSING,INTERVENTIONAL,OTHER,ALL,ESTIMATED,800.0,6.68586094706836,3,1,1,1,859,1704,2019.0,0,1,1,0,0,0
NCT04738136,"Safety, Tolerability and Efficacy Of S-1226 in Moderate Severity Covid-19 Bronchiolitis/Pneumonia",SUSPENDED,1,high risk,PHASE2,INTERVENTIONAL,INDUSTRY,ALL,ESTIMATED,30.0,3.4339872044851463,2,1,1,1,2257,498,2021.0,0,1,0,0,0,0
NCT03575611,Stereotactic Body Radiation Therapy in Treating Patients With Oligometastatic Renal Cell Carcinoma,SUSPENDED,1,high risk,PHASE2,INTERVENTIONAL,OTHER,ALL,ACTUAL,123.0,4.820281565605037,2,6,1,1,4278,422,2018.0,0,1,0,0,0,0
NCT04137692,Red Blood Cell Exchange Transfusion as a Novel Treatment for GLUT1 Deficiency Syndrome,SUSPENDED,1,high risk,MISSING,INTERVENTIONAL,OTHER,ALL,ESTIMATED,12.0,2.5649493574615367,2,1,1,1,2064,1107,2027.0,0,0,1,0,0,0
NCT00529945,"PFx Closure System in Subjects With Cryptogenic Stroke, TIA, Migraine or Decompression Illness",SUSPENDED,1,high risk,MISSING,INTERVENTIONAL,INDUSTRY,ALL,ESTIMATED,200.0,5.303304908059076,5,1,1,1,351,247,2007.0,0,1,1,0,0,0
NCT04946136,Gait Modification and Knee Joint Load,SUSPENDED,1,high risk,MISSING,INTERVENTIONAL,OTHER,ALL,ESTIMATED,16.0,2.833213344056216,1,1,1,1,698,161,2021.0,0,1,1,0,0,0
NCT04603781,CBD Oil for Reducing Emotional Impact of COVID-19,SUSPENDED,1,high risk,PHASE2; PHASE3,INTERVENTIONAL,OTHER,ALL,ESTIMATED,200.0,5.303304908059076,6,4,1,1,1290,412,2020.0,1,1,0,0,0,0
NCT04840472,Study Evaluating 111In-Panitumumab for Nodal Staging in Head and Neck Cancer,SUSPENDED,1,high risk,PHASE1,INTERVENTIONAL,OTHER,ALL,ESTIMATED,28.0,3.367295829986474,1,2,1,1,1459,412,2021.0,0,1,0,0,0,0
NCT03253575,CANscriptTM Clinical Outcomes in a Real-World Setting (ANCERS)-2,SUSPENDED,1,high risk,MISSING,OBSERVATIONAL,INDUSTRY,ALL,ESTIMATED,800.0,6.68586094706836,1,1,30,1,4123,1000,2017.0,0,1,1,0,0,0
NCT05084612,Comparison Between a Two Person Insertion With Lateral Rotation Technique of LMA and the Classic Technique,SUSPENDED,1,high risk,MISSING,INTERVENTIONAL,OTHER,ALL,ESTIMATED,160.0,5.081404364984463,1,2,1,1,385,642,2021.0,0,1,1,0,0,0
NCT00828100,Comparison of Fluid Rapid Influenza and BinaxNOW Influenza A & B,SUSPENDED,1,high risk,PHASE3,INTERVENTIONAL,INDUSTRY,ALL,ESTIMATED,650.0,6.478509642208569,1,2,2,1,1740,207,2009.0,0,0,0,0,0,0
NCT03500081,Solid Tumor Imaging MR-Linac (STIM Study),SUSPENDED,1,high risk,MISSING,OBSERVATIONAL,OTHER,ALL,ESTIMATED,295.0,5.69035945432406,1,1,1,1,1080,530,2017.0,0,1,1,0,0,0
NCT00209677,Phase I/II Study of Oral S-1 Plus Gemcitabine in Patients With Metastatic Pancreatic Cancer,SUSPENDED,1,high risk,PHASE1; PHASE2,INTERVENTIONAL,OTHER,ALL,ESTIMATED,40.0,3.713572066704308,1,2,1,1,1475,229,2004.0,0,1,0,0,0,0
NCT00990444,A Two Part Study of Peroral Insulin in Type 2 Diabetes,SUSPENDED,1,high risk,PHASE1; PHASE2,INTERVENTIONAL,INDUSTRY,ALL,ESTIMATED,32.0,3.4965075614664802,1,1,1,1,3981,1509,2009.0,1,1,0,0,0,0
NCT02237352,Mechanisms of Diabetic Nephropathy in Ecuador,SUSPENDED,1,high risk,MISSING,OBSERVATIONAL,OTHER,ALL,ACTUAL,10064.0,9.216819338073892,5,0,1,1,516,2479,2014.0,0,1,1,0,0,0
NCT05731206,Hypoallergenicity of a Hydrolyzed Protein Infant Formula,SUSPENDED,1,high risk,MISSING,INTERVENTIONAL,INDUSTRY,ALL,ESTIMATED,29.0,3.4011973816621555,1,2,1,1,2427,140,2024.0,0,0,1,0,0,0
NCT02916485,Safety and Clinical Performance of a Sirolimus-eluting Absorbable Metal Scaffold,SUSPENDED,1,high risk,MISSING,INTERVENTIONAL,INDUSTRY,ALL,ESTIMATED,100.0,4.61512051684126,1,1,1,1,3874,197,2017.0,0,1,1,0,0,0
NCT01679132,BAROSTIM NEO Hypertension Pivotal Trial,SUSPENDED,1,high risk,MISSING,INTERVENTIONAL,INDUSTRY,ALL,ACTUAL,10.0,2.3978952727983707,1,1,11,1,369,220,2013.0,0,1,1,0,0,0
NCT04874532,A Study to Improve Diabetes Management Among Adults Experiencing Severe Hypoglycemia,SUSPENDED,1,high risk,MISSING,INTERVENTIONAL,OTHER,ALL,ESTIMATED,150.0,5.017279836814924,4,2,1,1,1010,449,2021.0,0,1,1,0,0,0
NCT03859752,TR1801-ADC in Patients With Tumors That Express c-Met,SUSPENDED,1,high risk,PHASE1,INTERVENTIONAL,INDUSTRY,ALL,ACTUAL,15.0,2.772588722239781,1,1,4,1,2344,153,2019.0,0,1,0,0,0,0
NCT03439358,Magnesium for Shivering in Epidural Lidocaine Deliveries,SUSPENDED,1,high risk,MISSING,INTERVENTIONAL,OTHER,FEMALE,ESTIMATED,90.0,4.51085950651685,1,2,1,1,1117,249,2018.0,0,1,1,0,0,0
NCT03670914,Diagnosis of Sleep-Related Respiratory Disorders in Patients With Narcotic Medications,SUSPENDED,1,high risk,MISSING,INTERVENTIONAL,OTHER,ALL,ESTIMATED,200.0,5.303304908059076,2,1,1,1,668,468,2019.0,0,1,1,0,0,0
NCT06185478,Prostate Diffusion Imaging With Distortion Correction,SUSPENDED,1,high risk,MISSING,INTERVENTIONAL,OTHER,MALE,ESTIMATED,70.0,4.2626798770413155,1,1,1,1,405,696,2024.0,0,1,1,0,0,0
NCT03163459,Short-duration Selective Brain Cooling for Patients Undergoing Mechanical Thrombectomy,SUSPENDED,1,high risk,PHASE2; PHASE3,INTERVENTIONAL,OTHER,ALL,ESTIMATED,120.0,4.795790545596741,2,2,1,1,2251,170,2018.0,0,1,0,0,0,0
NCT03722186,"Safety, Tolerability and Pharmacokinetics/Pharmacodynamics (PK/PD) of SHR-1603 in Subjects With Advanced Malignancies",SUSPENDED,1,high risk,PHASE1,INTERVENTIONAL,INDUSTRY,ALL,ESTIMATED,128.0,4.859812404361672,6,1,1,1,1226,243,2018.0,0,1,0,0,0,0
NCT05797870,Selective Internal Radiation Therapy and 188Re-SSS Lipiodol Treatment for Liver Cancer (Lip-Re2),SUSPENDED,1,high risk,PHASE2,INTERVENTIONAL,OTHER,ALL,ACTUAL,16.0,2.833213344056216,1,1,1,1,1896,181,2024.0,0,1,0,0,0,0
NCT05094583,The SmokeFree App Smoking Cessation Study,SUSPENDED,1,high risk,MISSING,OBSERVATIONAL,OTHER,ALL,ESTIMATED,50.0,3.9318256327243257,4,1,1,1,434,1742,2019.0,0,1,1,0,0,0
NCT04929340,Prevention of Recurrent Caries With Lactobacilli PRECAL,SUSPENDED,1,high risk,MISSING,INTERVENTIONAL,OTHER,ALL,ESTIMATED,70.0,4.2626798770413155,1,2,3,1,553,749,2017.0,1,0,1,0,0,0
NCT06653010,Universal CAR-T Cells (REVO-UWD-01) for Metastatic Colorectal Cancer,SUSPENDED,1,high risk,EARLY_PHASE1,INTERVENTIONAL,INDUSTRY,ALL,ESTIMATED,30.0,3.4339872044851463,2,1,2,1,5705,245,2024.0,0,1,0,0,0,0
NCT01330823,L-CARnitine in the Palliative Treatment of Advanced PANcreatic Cancer (CARPAN),SUSPENDED,1,high risk,PHASE3,INTERVENTIONAL,OTHER,ALL,ACTUAL,72.0,4.290459441148391,1,2,1,1,407,217,2006.0,1,0,0,0,0,0
NCT06462027,Packed Red Blood Cell Transfusion During Cardiac Arrest,SUSPENDED,1,high risk,PHASE1,INTERVENTIONAL,OTHER,ALL,ESTIMATED,30.0,3.4339872044851463,1,3,1,1,1206,740,2026.0,0,1,0,0,0,0
NCT06421155,"Brain MRF in Children, Adolescents and Young Adults With Acute Leukemia",SUSPENDED,1,high risk,MISSING,INTERVENTIONAL,OTHER,ALL,ESTIMATED,20.0,3.044522437723423,4,1,1,1,1364,1601,2024.0,0,0,1,0,0,0
NCT04828174,Anti-TRBC1 CAR-T Cell Therapy in Patients With TRBC1 Positive T Cell Malignancies,SUSPENDED,1,high risk,PHASE1,INTERVENTIONAL,OTHER,ALL,ESTIMATED,9.0,2.302585092994046,5,1,1,1,3681,193,2021.0,0,1,0,0,0,0
NCT02724917,"Safety, Tolerability, and Pharmacokinetics of APN1125 in Subjects With Schizophrenia",SUSPENDED,1,high risk,PHASE1; PHASE2,INTERVENTIONAL,INDUSTRY,ALL,ESTIMATED,30.0,3.4339872044851463,1,2,1,1,5131,227,2016.0,1,1,0,0,0,0
NCT01666249,Clinical Efficacy of Postpartum Immunization of Rh and Coombs Negative Women With Sensitization Risk.,SUSPENDED,1,high risk,PHASE3,INTERVENTIONAL,INDUSTRY,FEMALE,ESTIMATED,347.0,5.8522024797744745,1,1,5,1,1029,460,2014.0,0,1,0,0,0,0
NCT04959279,ED-TREAT (Early Detection and Treatment to Reduce Events With Agitation Tool) Compared to Usual Care,SUSPENDED,1,high risk,MISSING,INTERVENTIONAL,OTHER,ALL,ESTIMATED,26.0,3.295836866004329,2,1,1,1,684,124,2026.0,0,1,1,0,0,0
NCT02465762,UltraShape Device Using the U-Sculpt/VDF Transducer for Flanks Fat,SUSPENDED,1,high risk,MISSING,INTERVENTIONAL,INDUSTRY,ALL,ESTIMATED,60.0,4.110873864173311,1,1,0,0,3929,281,2015.0,0,1,1,0,0,0
NCT00555126,Forced Air Versus Endovascular Warming in Polytrauma Patients,SUSPENDED,1,high risk,PHASE4,INTERVENTIONAL,OTHER,ALL,ESTIMATED,100.0,4.61512051684126,2,2,2,1,629,341,2008.0,0,1,0,0,0,0
NCT02356991,A Study of Famitinib in Patients With Advanced Non-squamous and Non-Small Cell Lung Cancer (NSCLC),SUSPENDED,1,high risk,PHASE2,INTERVENTIONAL,INDUSTRY,ALL,ACTUAL,137.0,4.927253685157205,1,2,2,1,4835,319,2014.0,1,1,0,0,0,0
NCT02590523,Intracameral Antibiotic Safety Study,SUSPENDED,1,high risk,PHASE3,INTERVENTIONAL,OTHER,ALL,ESTIMATED,500.0,6.2166061010848646,6,3,1,1,862,318,2023.0,1,1,0,0,0,0
NCT01463215,Clinical Trial of Ambroxol in Patients With Type I Gaucher Disease,SUSPENDED,1,high risk,PHASE1; PHASE2,INTERVENTIONAL,INDUSTRY,ALL,ESTIMATED,20.0,3.044522437723423,1,1,1,1,2506,95,2012.0,0,0,0,0,0,0
NCT04654559,Development of a Fever Detection Algorithm Based on Non-invasive Skin-based Sensor Values in Infants up to 18 Months of Age,SUSPENDED,1,high risk,MISSING,INTERVENTIONAL,INDUSTRY,ALL,ESTIMATED,50.0,3.9318256327243257,1,1,2,1,728,333,2020.0,0,0,1,0,0,0
NCT03722303,Lipografting Versus Steroid Injections for Treatment of Carpal Tunnel Syndrome,SUSPENDED,1,high risk,EARLY_PHASE1,INTERVENTIONAL,OTHER,ALL,ESTIMATED,100.0,4.61512051684126,1,2,1,1,361,451,2016.0,0,1,0,0,0,0
NCT02747069,HeartLight Pulse Study: Evaluation of Heart Rate Using an Electronic Stethoscope and Pre Placed ECG in the Delivery Room,SUSPENDED,1,high risk,MISSING,OBSERVATIONAL,OTHER,ALL,ESTIMATED,50.0,3.9318256327243257,1,2,1,1,673,317,2016.0,0,0,1,0,0,0
NCT03802461,Effectiveness of Fecal Flora Alteration for Eradication of Carbapenemase-producing Enterobacteriaceae Colonization,SUSPENDED,1,high risk,PHASE2; PHASE3,INTERVENTIONAL,OTHER,ALL,ESTIMATED,40.0,3.713572066704308,1,1,13,1,1739,1333,2019.0,0,1,0,0,0,0
NCT03412253,Could Single-anastomosis Gastric Bypass Be a Curative Treatment for Type II Diabetes?,SUSPENDED,1,high risk,MISSING,INTERVENTIONAL,OTHER,ALL,ACTUAL,17.0,2.8903717578961645,1,1,0,0,276,221,2013.0,0,1,1,0,0,0
NCT02311712,Non-endoscopic EC Screening Program in Northern Iran,SUSPENDED,1,high risk,MISSING,INTERVENTIONAL,OTHER,ALL,ESTIMATED,12000.0,9.392745258631441,1,1,0,0,221,620,2016.0,0,1,1,0,0,0
NCT04057391,Understanding Patient Experience and Preferences for the QT Scanner Compared to Mammography,SUSPENDED,1,high risk,MISSING,OBSERVATIONAL,INDUSTRY,FEMALE,ESTIMATED,20.0,3.044522437723423,1,1,1,1,217,205,2019.0,0,0,1,0,0,0
NCT05523310,Observational Study to Assess Migraine Prediction Tool,SUSPENDED,1,high risk,MISSING,OBSERVATIONAL,INDUSTRY,ALL,ESTIMATED,200.0,5.303304908059076,1,1,3,1,371,441,2030.0,0,1,1,0,0,0
NCT00884988,Lymphomyosot for Ankle Edema Following Fracture,SUSPENDED,1,high risk,PHASE2,INTERVENTIONAL,OTHER,ALL,ESTIMATED,60.0,4.110873864173311,2,2,1,1,891,1275,2010.0,1,1,0,0,0,0
NCT04681027,"Safety, Tolerability, Effectiveness, and Pharmacokinetic Data in Opioid-experienced Children",SUSPENDED,1,high risk,PHASE3,INTERVENTIONAL,INDUSTRY,ALL,ACTUAL,15.0,2.772588722239781,2,1,5,1,3131,296,2013.0,0,0,0,0,0,0
NCT02773888,An Evaluation of Non-Invasive ICP Monitoring in Patients Undergoing Invasive ICP Monitoring Via an Intraparenchymal Pressure Monitoring Device,SUSPENDED,1,high risk,MISSING,INTERVENTIONAL,INDUSTRY,ALL,ESTIMATED,80.0,4.394449154672439,5,1,5,1,1181,406,2015.0,0,0,1,0,0,0
NCT04780269,Foley Catheter Versus PGE2 for Labor Induction at Term: a Pilot Study,SUSPENDED,1,high risk,PHASE4,INTERVENTIONAL,OTHER,FEMALE,ESTIMATED,200.0,5.303304908059076,2,2,1,1,441,980,2023.0,0,1,0,0,0,0
NCT05073224,Muscle Function After Childbirth,SUSPENDED,1,high risk,MISSING,INTERVENTIONAL,OTHER,FEMALE,ESTIMATED,78.0,4.3694478524670215,5,4,1,1,811,274,2022.0,0,1,1,0,0,0
NCT04222803,VIRal Hepatitis and GAllstone Disease Study,SUSPENDED,1,high risk,MISSING,OBSERVATIONAL,OTHER,ALL,ESTIMATED,350.0,5.860786223465865,2,0,1,1,425,195,2022.0,0,1,1,0,0,0
NCT06147505,XS005 Injection Combined With Stupp Regimen for Adjuvant Chemotherapy in Subjects With Primary Glioblastoma(GBM),SUSPENDED,1,high risk,PHASE1; PHASE2,INTERVENTIONAL,OTHER,ALL,ESTIMATED,30.0,3.4339872044851463,1,1,1,1,3096,177,2023.0,0,1,0,0,0,0
NCT03815994,Neuromuscular Electrical Stimulation in Critically Ill Patients.,SUSPENDED,1,high risk,MISSING,INTERVENTIONAL,OTHER,ALL,ESTIMATED,31.0,3.4657359027997265,2,1,1,1,1445,248,2018.0,0,1,1,0,0,0
NCT04809129,Testing the Gravitostat in Humans: the Impact of a Weighted Vest in Patients Post Bariatric Surgery on Fat-free Mass Retention and Weight Loss,SUSPENDED,1,high risk,MISSING,INTERVENTIONAL,OTHER,ALL,ESTIMATED,40.0,3.713572066704308,1,1,1,1,571,607,2021.0,0,1,1,0,0,0
NCT02361996,Quantitative Measurement of Myocardial Perfusion by Cardiac CT in Patients,SUSPENDED,1,high risk,MISSING,OBSERVATIONAL,OTHER_GOV,ALL,ESTIMATED,690.0,6.53813982376767,2,0,3,3,1061,2355,2015.0,0,1,1,0,0,0
NCT03855683,"Stress, Anxiety, and Mood Group Therapy",SUSPENDED,1,high risk,MISSING,INTERVENTIONAL,OTHER,ALL,ESTIMATED,50.0,3.9318256327243257,2,1,1,1,148,749,2019.0,0,1,1,0,0,0
NCT03001037,dorsaVi Back Pain and Movement Registry,SUSPENDED,1,high risk,MISSING,OBSERVATIONAL,INDUSTRY,ALL,ESTIMATED,350.0,5.860786223465865,1,0,3,1,1105,642,2016.0,0,1,1,0,0,0
NCT01496768,"Effects of Chronic Leucine Supplemetion on Glucose Homeostasis, Body Compositin, Muscle Mass and Strength of Healthy and Young Subjects",SUSPENDED,1,high risk,MISSING,INTERVENTIONAL,OTHER,MALE,ESTIMATED,24.0,3.2188758248682006,1,2,1,1,182,167,2012.0,0,1,1,0,0,0
NCT04404790,Antiplatelet Thrombolysin (Anfibatide) Phase 1 Clinical Trial in Healthy Volunteers,SUSPENDED,1,high risk,PHASE1,INTERVENTIONAL,INDUSTRY,ALL,ESTIMATED,50.0,3.9318256327243257,1,8,1,1,3180,445,2020.0,0,1,0,0,0,0
NCT05210933,Study of Minimally-invasive Ablative Renal Therapies (SMART) Registry,SUSPENDED,1,high risk,MISSING,OBSERVATIONAL,OTHER,ALL,ESTIMATED,750.0,6.621405651764134,1,0,2,1,426,514,2022.0,0,1,1,0,0,0
NCT02401698,Exploring Cerebellar Inhibition of the Motor Cortex in Stroke Patients,SUSPENDED,1,high risk,MISSING,OBSERVATIONAL,OTHER,ALL,ESTIMATED,8.0,2.1972245773362196,1,1,1,1,467,1053,2014.0,0,1,1,0,0,0
NCT06158100,Venetoclax in Combination With Azacitidine (VEN/AZA) Followed by Donor Lymphocyte Infusion (DLI) for Patients With Very High-Risk Acute Myeloid Leukemia (AML) Undergoing Allogeneic Hematopoietic Cell Transplant (HCT),SUSPENDED,1,high risk,PHASE1,INTERVENTIONAL,OTHER,ALL,ESTIMATED,25.0,3.258096538021482,1,3,1,1,2683,351,2024.0,0,1,0,0,0,0
NCT04606355,Autostereoscopic Dynamic Near Vision Testing,SUSPENDED,1,high risk,MISSING,OBSERVATIONAL,OTHER,ALL,ESTIMATED,300.0,5.707110264748875,3,3,1,1,165,290,2017.0,0,0,1,0,0,0
NCT00184847,Adenosine Receptors Influence Ischemia-Reperfusion Injury,SUSPENDED,1,high risk,MISSING,INTERVENTIONAL,OTHER,ALL,ESTIMATED,8.0,2.1972245773362196,1,5,1,1,41,1614,2005.0,0,1,1,0,0,0
